session_id,year,station_id,station_name,line_id,line_name,operation_id,duration_min,A_ref_on_nT,A_edge_nT,A_fit_nT,A_baseline_nT,amp_ratio_abs,sign_agreement,fit_R2,flag1_local_RMS_nT,seven_station_subset,final_route,released,strong_event
2024|source=data202401.csv|line=7|event=6|station=44011,2024,44011,新丰江中心地震台,7,三广线,2024|source=data202401.csv|line=7|event=6,71.0,-5.2,-5.62952433628319,-5.579784010413019,-5.715000000000003,1.0826008339006137,True,0.9468254494456578,0.1329869140645458,True,released,True,True
2024|source=data202401.csv|line=7|event=7|station=44011,2024,44011,新丰江中心地震台,7,三广线,2024|source=data202401.csv|line=7|event=7,18.0,-5.3,-5.545000000000002,-5.551959181801068,-5.510000000000002,1.04622641509434,True,0.9875988667010666,0.1425423501901411,True,released,True,True
2024|source=data202401.csv|line=7|event=11|station=44011,2024,44011,新丰江中心地震台,7,三广线,2024|source=data202401.csv|line=7|event=11,13.0,-8.8,-9.165,-9.45948611930194,-9.265,1.0414772727272723,True,0.995455850084473,0.1466342294071131,True,released,True,True
2024|source=data202401.csv|line=7|event=12|station=44011,2024,44011,新丰江中心地震台,7,三广线,2024|source=data202401.csv|line=7|event=12,5.0,8.8,9.6,9.370587674606105,9.93,,,0.9918887768027006,,True,structural_misfit,False,True
2024|source=data202401.csv|line=7|event=13|station=44011,2024,44011,新丰江中心地震台,7,三广线,2024|source=data202401.csv|line=7|event=13,5.0,-9.0,-9.48,-9.529163419273065,-9.585,,,0.9948255780694868,,True,structural_misfit,False,True
2024|source=data202401.csv|line=7|event=14|station=44011,2024,44011,新丰江中心地震台,7,三广线,2024|source=data202401.csv|line=7|event=14,93.0,8.7,,,9.239999999999998,,,,,True,structural_misfit,False,True
2024|source=data202401.csv|line=7|event=15|station=44011,2024,44011,新丰江中心地震台,7,三广线,2024|source=data202401.csv|line=7|event=15,35.0,-8.8,,,-9.325,,,,,True,structural_misfit,False,True
2024|source=data202401.csv|line=7|event=16|station=44011,2024,44011,新丰江中心地震台,7,三广线,2024|source=data202401.csv|line=7|event=16,28.0,-9.1,-9.425,-9.487784921098772,-9.71,1.0357142857142858,True,0.9876379615476812,0.1494487589783134,True,released,True,True
2024|source=data202401.csv|line=7|event=17|station=44011,2024,44011,新丰江中心地震台,7,三广线,2024|source=data202401.csv|line=7|event=17,34.0,-8.9,-9.250084745762711,-9.166803416519308,-9.385,1.0393353646924397,True,0.9911523937457154,0.1317786114589688,True,released,True,True
2024|source=data202401.csv|line=7|event=18|station=44011,2024,44011,新丰江中心地震台,7,三广线,2024|source=data202401.csv|line=7|event=18,24.0,-8.9,-9.364999999999998,-9.574876360337138,-9.424999999999995,,,0.9928341437146468,,True,structural_misfit,False,True
2024|source=data202401.csv|line=7|event=8|station=44011,2024,44011,新丰江中心地震台,7,三广线,2024|source=data202401.csv|line=7|event=8,101.0,5.1,5.868515822784808,4.829477043504672,5.379999999999996,1.150689377016629,True,0.9766043264994928,0.1422018565606581,True,released,True,True
2024|source=data202401.csv|line=7|event=9|station=44011,2024,44011,新丰江中心地震台,7,三广线,2024|source=data202401.csv|line=7|event=9,63.0,5.1,5.742547029702969,5.31441587579298,5.739999999999998,1.125989613667249,True,0.9539239178319944,0.1401078037201424,True,released,True,True
2024|source=data202401.csv|line=7|event=20|station=44011,2024,44011,新丰江中心地震台,7,三广线,2024|source=data202401.csv|line=7|event=20,27.0,8.9,,,8.719999999999999,,,,,True,structural_misfit,False,True
2024|source=data202401.csv|line=7|event=21|station=44011,2024,44011,新丰江中心地震台,7,三广线,2024|source=data202401.csv|line=7|event=21,34.0,9.0,,,8.7,,,,,True,structural_misfit,False,True
2024|source=data202401.csv|line=7|event=22|station=44011,2024,44011,新丰江中心地震台,7,三广线,2024|source=data202401.csv|line=7|event=22,28.0,8.7,,,8.965,,,,,True,structural_misfit,False,True
2024|source=data202401.csv|line=7|event=23|station=44011,2024,44011,新丰江中心地震台,7,三广线,2024|source=data202401.csv|line=7|event=23,19.0,8.2,,,9.2,,,,,True,structural_misfit,False,True
2024|source=data202401.csv|line=7|event=24|station=44011,2024,44011,新丰江中心地震台,7,三广线,2024|source=data202401.csv|line=7|event=24,29.0,8.5,,,9.14,,,,,True,structural_misfit,False,True
2024|source=data202401.csv|line=7|event=25|station=44011,2024,44011,新丰江中心地震台,7,三广线,2024|source=data202401.csv|line=7|event=25,22.0,-8.3,,,-9.065,,,,,True,structural_misfit,False,True
2024|source=data202401.csv|line=7|event=26|station=44011,2024,44011,新丰江中心地震台,7,三广线,2024|source=data202401.csv|line=7|event=26,15.0,-9.3,,,-9.955000000000002,,,,,True,structural_misfit,False,True
2024|source=data202401.csv|line=7|event=27|station=44011,2024,44011,新丰江中心地震台,7,三广线,2024|source=data202401.csv|line=7|event=27,22.0,8.5,,,9.515,,,,,True,structural_misfit,False,True
2024|source=data202401.csv|line=7|event=28|station=44011,2024,44011,新丰江中心地震台,7,三广线,2024|source=data202401.csv|line=7|event=28,32.0,9.0,,,9.615,,,,,True,structural_misfit,False,True
2024|source=data202401.csv|line=7|event=29|station=44011,2024,44011,新丰江中心地震台,7,三广线,2024|source=data202401.csv|line=7|event=29,32.0,-8.4,,,-8.870000000000001,,,,,True,structural_misfit,False,True
2024|source=data202401.csv|line=7|event=30|station=44011,2024,44011,新丰江中心地震台,7,三广线,2024|source=data202401.csv|line=7|event=30,24.0,-8.5,-9.16,-9.491599555377064,-9.17,1.0776470588235294,True,0.9523388801754678,0.1508041259684406,True,released,True,True
2024|source=data202401.csv|line=7|event=31|station=44011,2024,44011,新丰江中心地震台,7,三广线,2024|source=data202401.csv|line=7|event=31,67.0,9.3,9.034248271889403,9.673979496380277,9.82,0.971424545364452,True,0.9855601393511982,0.1321597941489553,True,released,True,True
2024|source=data202401.csv|line=7|event=32|station=44011,2024,44011,新丰江中心地震台,7,三广线,2024|source=data202401.csv|line=7|event=32,29.0,-8.6,-9.369999999999996,-9.509271993836231,-9.38,1.08953488372093,True,0.99135402116018,0.1657410583948275,True,released,True,True
2024|source=data202401.csv|line=7|event=33|station=44011,2024,44011,新丰江中心地震台,7,三广线,2024|source=data202401.csv|line=7|event=33,23.0,8.9,,,9.475,,,,,True,structural_misfit,False,True
2024|source=data202401.csv|line=7|event=34|station=44011,2024,44011,新丰江中心地震台,7,三广线,2024|source=data202401.csv|line=7|event=34,14.0,-8.7,,,-9.54,,,,,True,structural_misfit,False,True
2024|source=data202401.csv|line=7|event=35|station=44011,2024,44011,新丰江中心地震台,7,三广线,2024|source=data202401.csv|line=7|event=35,2.0,6.8,,,18.025,,,,,True,invalid_window,False,True
2024|source=data202401.csv|line=7|event=36|station=44011,2024,44011,新丰江中心地震台,7,三广线,2024|source=data202401.csv|line=7|event=36,1.0,-7.0,,,-9.47,,,,,True,structural_misfit,False,True
2024|source=data202401.csv|line=7|event=37|station=44011,2024,44011,新丰江中心地震台,7,三广线,2024|source=data202401.csv|line=7|event=37,23.0,-5.7,-6.890000000000001,-6.681786191992403,-6.955000000000002,1.2087719298245614,True,0.8890811674267992,0.1680713484824703,True,released,True,True
2024|source=data202401.csv|line=7|event=38|station=44011,2024,44011,新丰江中心地震台,7,三广线,2024|source=data202401.csv|line=7|event=38,32.0,-5.8,-6.222392857142857,-6.399826086897281,-5.889999999999999,1.072826354679803,True,0.980015870390903,0.1292204690901373,True,released,True,True
2024|source=data202401.csv|line=7|event=39|station=44011,2024,44011,新丰江中心地震台,7,三广线,2024|source=data202401.csv|line=7|event=39,38.0,-5.7,,,-5.699999999999999,,,,,True,structural_misfit,False,True
2024|source=data202401.csv|line=7|event=41|station=44011,2024,44011,新丰江中心地震台,7,三广线,2024|source=data202401.csv|line=7|event=41,84.0,-6.1,,,-5.690000000000001,,,,,True,structural_misfit,False,True
2024|source=data202401.csv|line=7|event=42|station=44011,2024,44011,新丰江中心地震台,7,三广线,2024|source=data202401.csv|line=7|event=42,15.0,-5.4,-4.34,-4.181393972336831,-5.92,,,0.7604768410679905,,True,structural_misfit,False,True
2024|source=data202401.csv|line=7|event=43|station=44011,2024,44011,新丰江中心地震台,7,三广线,2024|source=data202401.csv|line=7|event=43,8.0,-4.4,-4.59,-4.542495420870522,-4.574999999999999,,,0.9792332992101144,,True,structural_misfit,False,True
2024|source=data202401.csv|line=7|event=44|station=44011,2024,44011,新丰江中心地震台,7,三广线,2024|source=data202401.csv|line=7|event=44,7.0,-6.5,,,-6.739999999999998,,,,,True,structural_misfit,False,True
2024|source=data202401.csv|line=7|event=45|station=44011,2024,44011,新丰江中心地震台,7,三广线,2024|source=data202401.csv|line=7|event=45,57.0,-6.8,,,-6.635,,,,,True,structural_misfit,False,True
2024|source=data202401.csv|line=7|event=47|station=44011,2024,44011,新丰江中心地震台,7,三广线,2024|source=data202401.csv|line=7|event=47,6.0,-6.5,-6.849999999999998,-6.472771929257601,-6.975,1.0538461538461534,True,0.9732351079759436,0.1562379804283824,True,released,True,True
2024|source=data202401.csv|line=7|event=50|station=44011,2024,44011,新丰江中心地震台,7,三广线,2024|source=data202401.csv|line=7|event=50,95.0,-5.4,,,-6.470000000000001,,,,,True,structural_misfit,False,True
2024|source=data202401.csv|line=7|event=52|station=44011,2024,44011,新丰江中心地震台,7,三广线,2024|source=data202401.csv|line=7|event=52,424.0,-4.8,,,-6.12,,,,,True,structural_misfit,False,True
2024|source=data202401.csv|line=37|event=5|station=42005,2024,42005,恩施,37,白浙线,2024|source=data202401.csv|line=37|event=5,4.0,4.1,,4.834306788860773,5.09,,,0.7437178176167145,,True,structural_misfit,False,True
2024|source=data202401.csv|line=37|event=5|station=50008,2024,50008,涪陵江东,37,白浙线,2024|source=data202401.csv|line=37|event=5,4.0,4.0,4.350000000000001,4.09487835962953,4.365,1.0875000000000004,True,0.9867511908811668,0.0825559829609959,True,released,True,True
2024|source=data202401.csv|line=37|event=5|station=50023,2024,50023,重庆仙女山地震台,37,白浙线,2024|source=data202401.csv|line=37|event=5,4.0,11.2,12.149999999999975,11.419537997229764,12.214999999999977,1.0848214285714266,True,0.987938148268725,0.0369791291154291,True,released,True,True
2024|source=data202401.csv|line=7|event=54|station=44011,2024,44011,新丰江中心地震台,7,三广线,2024|source=data202401.csv|line=7|event=54,15.0,5.5,6.450000000000001,6.145188001038601,6.674999999999999,,,0.927904117274312,,True,structural_misfit,False,True
2024|source=data202401.csv|line=7|event=55|station=44011,2024,44011,新丰江中心地震台,7,三广线,2024|source=data202401.csv|line=7|event=55,37.0,-9.2,-9.905163306451612,-9.75324798622934,-9.775,,,0.983796327529505,,True,structural_misfit,False,True
2024|source=data202401.csv|line=7|event=56|station=44011,2024,44011,新丰江中心地震台,7,三广线,2024|source=data202401.csv|line=7|event=56,54.0,3.4,3.17156994818653,3.1028137580429425,3.785,0.9328146906430972,True,0.9433562760606208,0.1485094995610357,True,released,True,True
2024|source=data202401.csv|line=7|event=57|station=44011,2024,44011,新丰江中心地震台,7,三广线,2024|source=data202401.csv|line=7|event=57,39.0,4.0,,,1.7750000000000004,,,,,True,structural_misfit,False,True
2024|source=data202401.csv|line=7|event=58|station=44011,2024,44011,新丰江中心地震台,7,三广线,2024|source=data202401.csv|line=7|event=58,34.0,-5.2,,,-6.719999999999999,,,,,True,structural_misfit,False,True
2024|source=data202401.csv|line=7|event=59|station=44011,2024,44011,新丰江中心地震台,7,三广线,2024|source=data202401.csv|line=7|event=59,4.0,-8.6,-9.625,-9.574686322999163,-9.55,1.119186046511628,True,0.9837980109092966,0.1479734117749979,True,released,True,True
2024|source=data202401.csv|line=7|event=60|station=44011,2024,44011,新丰江中心地震台,7,三广线,2024|source=data202401.csv|line=7|event=60,47.0,-6.1,,,-8.105,,,,,True,structural_misfit,False,True
2024|source=data202401.csv|line=7|event=61|station=44011,2024,44011,新丰江中心地震台,7,三广线,2024|source=data202401.csv|line=7|event=61,16.0,-9.1,-10.560000000000002,-10.181553795960609,-10.53,,,0.9432143863086274,,True,structural_misfit,False,True
2024|source=data202401.csv|line=7|event=64|station=44011,2024,44011,新丰江中心地震台,7,三广线,2024|source=data202401.csv|line=7|event=64,2.0,-10.0,,,0.5,,,,,True,structural_misfit,False,True
2024|source=data202401.csv|line=7|event=66|station=44011,2024,44011,新丰江中心地震台,7,三广线,2024|source=data202401.csv|line=7|event=66,2.0,-7.5,,,0.1699999999999999,,,,,True,structural_misfit,False,True
2024|source=data202401.csv|line=7|event=67|station=44011,2024,44011,新丰江中心地震台,7,三广线,2024|source=data202401.csv|line=7|event=67,20.0,8.2,9.68,9.73100992598508,9.655,,,0.955793571324674,,True,structural_misfit,False,True
2024|source=data202401.csv|line=7|event=68|station=44011,2024,44011,新丰江中心地震台,7,三广线,2024|source=data202401.csv|line=7|event=68,6.0,-8.3,,,-8.25,,,,,True,structural_misfit,False,True
2024|source=data202401.csv|line=7|event=69|station=44011,2024,44011,新丰江中心地震台,7,三广线,2024|source=data202401.csv|line=7|event=69,7.0,-7.9,-8.530000000000001,-8.564999415457445,-8.520000000000001,,,0.989812152806655,,True,structural_misfit,False,True
2024|source=data202401.csv|line=7|event=71|station=44011,2024,44011,新丰江中心地震台,7,三广线,2024|source=data202401.csv|line=7|event=71,3.0,9.0,,,8.869999999999997,,,,,True,structural_misfit,False,True
2024|source=data202401.csv|line=7|event=74|station=44011,2024,44011,新丰江中心地震台,7,三广线,2024|source=data202401.csv|line=7|event=74,3.0,3.2,3.7250000000000014,3.8353326981170985,3.75,,,0.9597959944185356,,True,structural_misfit,False,True
2024|source=data202401.csv|line=7|event=75|station=44011,2024,44011,新丰江中心地震台,7,三广线,2024|source=data202401.csv|line=7|event=75,4.0,-4.0,-4.455000000000002,-4.312640256382611,-4.695,,,0.9333497330606796,,True,structural_misfit,False,True
2024|source=data202401.csv|line=7|event=76|station=44011,2024,44011,新丰江中心地震台,7,三广线,2024|source=data202401.csv|line=7|event=76,14.0,9.3,,,9.444999999999997,,,,,True,structural_misfit,False,True
2024|source=data202401.csv|line=7|event=77|station=44011,2024,44011,新丰江中心地震台,7,三广线,2024|source=data202401.csv|line=7|event=77,20.0,-8.7,,,-10.35,,,,,True,structural_misfit,False,True
2024|source=data202401.csv|line=7|event=78|station=44011,2024,44011,新丰江中心地震台,7,三广线,2024|source=data202401.csv|line=7|event=78,101.0,13.3,14.290215189873418,13.40931718282869,14.1,1.0744522699152943,True,0.9354995619020228,0.132782816528273,True,released,True,True
2024|source=data202401.csv|line=7|event=80|station=44011,2024,44011,新丰江中心地震台,7,三广线,2024|source=data202401.csv|line=7|event=80,4.0,-4.9,-4.815,-5.129096618302467,-4.805,0.9826530612244896,True,0.9828553394266016,0.1490406982816085,True,released,True,True
2024|source=data202401.csv|line=7|event=82|station=44011,2024,44011,新丰江中心地震台,7,三广线,2024|source=data202401.csv|line=7|event=82,6.0,3.6,3.47,3.562863285573012,3.35,,,0.9384830216380045,,True,structural_misfit,False,True
2024|source=data202401.csv|line=7|event=83|station=44011,2024,44011,新丰江中心地震台,7,三广线,2024|source=data202401.csv|line=7|event=83,112.0,-13.2,-14.909963825214898,-13.643827087517678,-14.23,1.1295427140314318,True,0.9792666148337,0.1285119884135431,True,released,True,True
2024|source=data202401.csv|line=7|event=84|station=44011,2024,44011,新丰江中心地震台,7,三广线,2024|source=data202401.csv|line=7|event=84,5.0,-5.7,-6.350000000000001,-6.412041225198364,-6.440000000000001,,,0.9817025053168128,,True,structural_misfit,False,True
2024|source=data202401.csv|line=7|event=85|station=44011,2024,44011,新丰江中心地震台,7,三广线,2024|source=data202401.csv|line=7|event=85,7.0,-6.1,-6.840000000000003,-6.52993002015307,-6.82,,,0.9774767937711132,,True,structural_misfit,False,True
2024|source=data202401.csv|line=7|event=86|station=44011,2024,44011,新丰江中心地震台,7,三广线,2024|source=data202401.csv|line=7|event=86,6.0,6.0,,,6.734999999999999,,,,,True,structural_misfit,False,True
2024|source=data202401.csv|line=7|event=87|station=44011,2024,44011,新丰江中心地震台,7,三广线,2024|source=data202401.csv|line=7|event=87,6.0,5.9,,,6.494999999999997,,,,,True,structural_misfit,False,True
2024|source=data202401.csv|line=7|event=88|station=44011,2024,44011,新丰江中心地震台,7,三广线,2024|source=data202401.csv|line=7|event=88,11.0,10.5,9.775,10.634314524036885,9.855,0.930952380952381,True,0.9611154500706356,0.1511828128530244,True,released,True,True
2024|source=data202401.csv|line=7|event=90|station=44011,2024,44011,新丰江中心地震台,7,三广线,2024|source=data202401.csv|line=7|event=90,2.0,8.7,,,-0.2,,,,,True,weak_abstention,False,True
2024|source=data202401.csv|line=7|event=92|station=44011,2024,44011,新丰江中心地震台,7,三广线,2024|source=data202401.csv|line=7|event=92,3.0,6.6,,,2.8799999999999994,,,,,True,structural_misfit,False,True
2024|source=data202401.csv|line=7|event=93|station=44011,2024,44011,新丰江中心地震台,7,三广线,2024|source=data202401.csv|line=7|event=93,57.0,-10.5,-11.93842391304348,-10.9046920942705,-12.01,1.1369927536231883,True,0.9753825426904016,0.0871107528613017,True,released,True,True
2024|source=data202401.csv|line=7|event=94|station=44011,2024,44011,新丰江中心地震台,7,三广线,2024|source=data202401.csv|line=7|event=94,76.0,-10.8,-12.38657468879668,-11.698665786824868,-12.6,1.1469050637774705,True,0.947586489091218,0.1528199872726154,True,released,True,True
2024|source=data202401.csv|line=7|event=95|station=44011,2024,44011,新丰江中心地震台,7,三广线,2024|source=data202401.csv|line=7|event=95,24.0,-6.1,-6.495000000000001,-6.52583422187892,-6.575000000000003,,,0.9569306577771398,,True,structural_misfit,False,True
2024|source=data202401.csv|line=7|event=96|station=43002,2024,43002,邵阳,7,三广线,2024|source=data202401.csv|line=7|event=96,14.0,3.3,2.1599999999999966,2.531917305175676,2.1899999999999977,0.6545454545454535,True,0.9083605174544056,0.1143353877787817,False,released,True,True
2024|source=data202401.csv|line=7|event=96|station=44011,2024,44011,新丰江中心地震台,7,三广线,2024|source=data202401.csv|line=7|event=96,14.0,-18.4,-20.125,-19.080977757564444,-20.275,1.09375,True,0.9834167924952628,0.1196791291656739,True,released,True,True
2024|source=data202401.csv|line=7|event=97|station=44011,2024,44011,新丰江中心地震台,7,三广线,2024|source=data202401.csv|line=7|event=97,17.0,-8.7,,,-9.78,,,,,True,structural_misfit,False,True
2024|source=data202401.csv|line=7|event=98|station=44011,2024,44011,新丰江中心地震台,7,三广线,2024|source=data202401.csv|line=7|event=98,9.0,9.1,,,9.07,,,,,True,structural_misfit,False,True
2024|source=data202401.csv|line=7|event=99|station=44011,2024,44011,新丰江中心地震台,7,三广线,2024|source=data202401.csv|line=7|event=99,52.0,-11.0,-12.762065714285717,-13.760338399081691,-12.335,1.1601877922077923,True,0.9776094193304924,0.1457630998905786,True,released,True,True
2024|source=data202402.csv|line=7|event=29|station=44011,2024,44011,新丰江中心地震台,7,三广线,2024|source=data202402.csv|line=7|event=29,46.0,-6.5,-7.23226114649681,-7.15488532903816,-7.234999999999996,1.1126555609995092,True,0.9900951933931504,0.088190633783705,True,released,True,True
2024|source=data202402.csv|line=34|event=9|station=41004,2024,41004,信阳地震台,34,陕湖线,2024|source=data202402.csv|line=34|event=9,3.0,-10.6,-9.915000000000004,-9.4566408406948,-10.0,,,0.9568873393386016,,False,structural_misfit,False,True
2024|source=data202402.csv|line=37|event=12|station=41004,2024,41004,信阳地震台,37,白浙线,2024|source=data202402.csv|line=37|event=12,3.0,-4.3,-4.260000000000005,-4.197100297691927,-4.270000000000003,0.990697674418606,True,0.9832541132834092,0.0736572522073339,False,released,True,True
2024|source=data202402.csv|line=37|event=12|station=41011,2024,41011,潢川,37,白浙线,2024|source=data202402.csv|line=37|event=12,3.0,-3.1,,,-3.180000000000007,,,,,False,invalid_window,False,True
2024|source=data202402.csv|line=37|event=12|station=42005,2024,42005,恩施,37,白浙线,2024|source=data202402.csv|line=37|event=12,3.0,-8.2,-9.565,-7.881957576963533,-9.915,,,0.8147660846659648,,True,structural_misfit,False,True
2024|source=data202402.csv|line=37|event=12|station=50008,2024,50008,涪陵江东,37,白浙线,2024|source=data202402.csv|line=37|event=12,3.0,-8.0,-8.055,-8.125504459064826,-8.05,1.006875,True,0.998128692918308,0.0647267057447939,True,released,True,True
2024|source=data202402.csv|line=37|event=12|station=50009,2024,50009,石柱黄水,37,白浙线,2024|source=data202402.csv|line=37|event=12,3.0,-4.1,-4.52000000000001,-4.343786408326138,-4.52000000000001,1.1024390243902464,True,0.9596247612067974,0.0552498840418813,True,released,True,True
2024|source=data202402.csv|line=37|event=12|station=50023,2024,50023,重庆仙女山地震台,37,白浙线,2024|source=data202402.csv|line=37|event=12,3.0,-22.5,-23.035000000000025,-22.529062316090325,-23.15500000000003,,,0.993744716652403,,True,structural_misfit,False,True
2024|source=data202402.csv|line=37|event=13|station=41004,2024,41004,信阳地震台,37,白浙线,2024|source=data202402.csv|line=37|event=13,7.0,-3.3,-3.384999999999998,-3.341620686423976,-3.4450000000000003,1.0257575757575752,True,0.977139618246462,0.10380817079298,False,released,True,True
2024|source=data202402.csv|line=37|event=13|station=42005,2024,42005,恩施,37,白浙线,2024|source=data202402.csv|line=37|event=13,7.0,-6.2,-10.59,-10.59783399034758,-9.71,,,0.9713902383187852,,True,structural_misfit,False,True
2024|source=data202402.csv|line=37|event=13|station=50008,2024,50008,涪陵江东,37,白浙线,2024|source=data202402.csv|line=37|event=13,7.0,-6.1,-6.49,-6.253535598620008,-6.5600000000000005,1.0639344262295083,True,0.97119450115824,0.0520581721060795,True,released,True,True
2024|source=data202402.csv|line=37|event=13|station=50009,2024,50009,石柱黄水,37,白浙线,2024|source=data202402.csv|line=37|event=13,7.0,-3.2,-4.199999999999989,-4.139879354414134,-4.199999999999989,1.3124999999999964,True,0.9813052161041662,0.06184337651708,True,released,True,True
2024|source=data202402.csv|line=37|event=13|station=50023,2024,50023,重庆仙女山地震台,37,白浙线,2024|source=data202402.csv|line=37|event=13,7.0,-17.2,-18.25,-17.78927141610275,-18.44,1.061046511627907,True,0.9768925416534844,0.0552097645683554,True,released,True,True
2024|source=data202402.csv|line=33|event=5|station=43002,2024,43002,邵阳,33,雅南线,2024|source=data202402.csv|line=33|event=5,4.0,14.7,14.789999999999992,13.5392999015261,14.840000000000003,1.0061224489795912,True,0.9667002708915572,0.0450632331517769,False,released,True,True
2024|source=data202402.csv|line=33|event=6|station=43002,2024,43002,邵阳,33,雅南线,2024|source=data202402.csv|line=33|event=6,3.0,-7.3,-7.279999999999973,-7.105454876599075,-7.309999999999974,0.997260273972599,True,0.9897382378770064,0.0439661925678912,False,released,True,True
2024|source=data202402.csv|line=33|event=7|station=43002,2024,43002,邵阳,33,雅南线,2024|source=data202402.csv|line=33|event=7,3.0,14.5,14.254999999999995,11.409586828989168,14.439999999999998,,,0.8716074039387638,,False,structural_misfit,False,True
2024|source=data202402.csv|line=37|event=15|station=41004,2024,41004,信阳地震台,37,白浙线,2024|source=data202402.csv|line=37|event=15,28.0,-4.4,-4.289999999999992,-4.406516704689355,-4.374999999999993,0.974999999999998,True,0.929830973705512,0.1272952779953655,False,released,True,True
2024|source=data202402.csv|line=37|event=15|station=41011,2024,41011,潢川,37,白浙线,2024|source=data202402.csv|line=37|event=15,28.0,-3.2,-3.620000000000005,-3.612179165441716,-3.655000000000001,1.1312500000000014,True,0.5144235817855417,0.123259886075405,False,released,True,True
2024|source=data202402.csv|line=37|event=15|station=42005,2024,42005,恩施,37,白浙线,2024|source=data202402.csv|line=37|event=15,28.0,-8.3,-16.71,-17.845693689132393,-13.990000000000002,2.013253012048193,True,0.9672851523431276,0.1756920627752604,True,released,True,True
2024|source=data202402.csv|line=37|event=15|station=50008,2024,50008,涪陵江东,37,白浙线,2024|source=data202402.csv|line=37|event=15,28.0,-8.2,-9.010000000000002,-9.451910193106016,-9.065,1.0987804878048784,True,0.9176667744534502,0.2219954310514501,True,released,True,True
2024|source=data202402.csv|line=37|event=15|station=50009,2024,50009,石柱黄水,37,白浙线,2024|source=data202402.csv|line=37|event=15,28.0,-4.2,-5.8700000000000045,-6.150861235073045,-5.8700000000000045,1.3976190476190486,True,0.9406935753784316,0.1546233710263281,True,released,True,True
2024|source=data202402.csv|line=37|event=15|station=50023,2024,50023,重庆仙女山地震台,37,白浙线,2024|source=data202402.csv|line=37|event=15,28.0,-22.9,-24.565,-24.63908830386592,-24.930000000000007,1.072707423580786,True,0.928776367706367,0.3092078198984179,True,released,True,True
2024|source=data202402.csv|line=36|event=10|station=32001,2024,32001,南京台,36,白江线,2024|source=data202402.csv|line=36|event=10,469.0,-16.3,,,-16.28,,,,,True,structural_misfit,False,True
2024|source=data202402.csv|line=36|event=10|station=32011,2024,32011,溧阳台,36,白江线,2024|source=data202402.csv|line=36|event=10,469.0,-10.4,,,-10.61,,,,,True,structural_misfit,False,True
2024|source=data202402.csv|line=36|event=10|station=42005,2024,42005,恩施,36,白江线,2024|source=data202402.csv|line=36|event=10,469.0,7.4,8.610451056338022,9.11014362016854,5.799999999999997,1.1635744670727055,True,-0.0689928771538048,0.1058624158392627,True,released,True,True
2024|source=data202402.csv|line=36|event=10|station=50008,2024,50008,涪陵江东,36,白江线,2024|source=data202402.csv|line=36|event=10,469.0,4.3,4.28903063380282,5.517821439508418,4.315000000000001,0.9974489846053072,True,0.6465918263316912,0.1786544371250124,True,released,True,True
2024|source=data202402.csv|line=36|event=10|station=50023,2024,50023,重庆仙女山地震台,36,白江线,2024|source=data202402.csv|line=36|event=10,469.0,11.9,12.105693573943654,13.33976116020857,12.314999999999998,1.0172851742809792,True,0.8451310699850529,0.205272922804333,True,released,True,True
2024|source=data202402.csv|line=4|event=25|station=32001,2024,32001,南京台,4,三常线,2024|source=data202402.csv|line=4|event=25,28.0,-5.4,-5.755000000000003,-5.661664130461801,-5.765000000000001,1.065740740740741,True,0.991690729718581,0.1190237479783089,True,released,True,True
2024|source=data202402.csv|line=4|event=25|station=32011,2024,32011,溧阳台,4,三常线,2024|source=data202402.csv|line=4|event=25,28.0,-5.7,-5.764999999999999,-5.809147349128293,-5.734999999999999,1.0114035087719295,True,0.9936736422415142,0.1133647403978191,True,released,True,True
2024|source=data202402.csv|line=4|event=27|station=32001,2024,32001,南京台,4,三常线,2024|source=data202402.csv|line=4|event=27,12.0,5.3,5.66,5.675766573321419,5.65,1.0679245283018868,True,0.9982779897766296,0.0999321272046451,True,released,True,True
2024|source=data202402.csv|line=4|event=27|station=32011,2024,32011,溧阳台,4,三常线,2024|source=data202402.csv|line=4|event=27,12.0,5.5,5.955,5.870750055385781,5.945,1.0827272727272728,True,0.9975004158491134,0.0693888925031481,True,released,True,True
2024|source=data202402.csv|line=4|event=28|station=32001,2024,32001,南京台,4,三常线,2024|source=data202402.csv|line=4|event=28,21.0,5.5,5.67,5.73849898497498,5.619999999999999,1.030909090909091,True,0.9977538104956828,0.1080519757139912,True,released,True,True
2024|source=data202402.csv|line=4|event=28|station=32011,2024,32011,溧阳台,4,三常线,2024|source=data202402.csv|line=4|event=28,21.0,5.7,5.890000000000001,5.849636131809901,5.885,1.0333333333333334,True,0.9971161068020344,0.104490812817879,True,released,True,True
2024|source=data202402.csv|line=37|event=20|station=50023,2024,50023,重庆仙女山地震台,37,白浙线,2024|source=data202402.csv|line=37|event=20,16.0,4.5,,,5.470000000000027,,,,,True,structural_misfit,False,True
2024|source=data202402.csv|line=37|event=22|station=50023,2024,50023,重庆仙女山地震台,37,白浙线,2024|source=data202402.csv|line=37|event=22,479.0,3.9,,,5.490000000000009,,,,,True,structural_misfit,False,True
2024|source=data202402.csv|line=37|event=23|station=50023,2024,50023,重庆仙女山地震台,37,白浙线,2024|source=data202402.csv|line=37|event=23,14.0,4.0,,,5.410000000000025,,,,,True,structural_misfit,False,True
2024|source=data202403.csv|line=16|event=1|station=36001,2024,36001,南昌,16,溪浙线,2024|source=data202403.csv|line=16|event=1,52.0,-10.9,-11.44946597632952,-10.541366198676435,-11.25,1.0504097225990383,True,0.8853051669751358,0.1145405120411819,False,released,True,True
2024|source=data202403.csv|line=16|event=1|station=43002,2024,43002,邵阳,16,溪浙线,2024|source=data202403.csv|line=16|event=1,52.0,3.5,3.55423076923077,3.258979733131424,3.960000000000008,1.0154945054945057,True,0.9353897760390462,0.0561706105513129,False,released,True,True
2024|source=data202403.csv|line=16|event=2|station=36001,2024,36001,南昌,16,溪浙线,2024|source=data202403.csv|line=16|event=2,32.0,-10.9,-11.384431451609998,-10.899457388624938,-11.139999999999418,,,0.9346726768092384,,False,structural_misfit,False,True
2024|source=data202403.csv|line=16|event=2|station=43002,2024,43002,邵阳,16,溪浙线,2024|source=data202403.csv|line=16|event=2,32.0,3.6,3.5517641129032143,3.519607452255124,3.7399999999999807,0.986601142473115,True,0.9760812558047256,0.0767222890543138,False,released,True,True
2024|source=data202403.csv|line=2|event=5|station=32001,2024,32001,南京台,2,向上线,2024|source=data202403.csv|line=2|event=5,20.0,3.8,,,4.039999999999999,,,,,True,structural_misfit,False,True
2024|source=data202403.csv|line=2|event=5|station=32011,2024,32011,溧阳台,2,向上线,2024|source=data202403.csv|line=2|event=5,20.0,4.6,,,4.479999999999999,,,,,True,structural_misfit,False,True
2024|source=data202403.csv|line=2|event=5|station=50008,2024,50008,涪陵江东,2,向上线,2024|source=data202403.csv|line=2|event=5,20.0,4.7,,,5.274999999999999,,,,,True,structural_misfit,False,True
2024|source=data202403.csv|line=2|event=5|station=50023,2024,50023,重庆仙女山地震台,2,向上线,2024|source=data202403.csv|line=2|event=5,20.0,10.7,,,12.029999999999973,,,,,True,structural_misfit,False,True
2024|source=data202403.csv|line=2|event=6|station=32001,2024,32001,南京台,2,向上线,2024|source=data202403.csv|line=2|event=6,6.0,3.9,,,4.19,,,,,True,structural_misfit,False,True
2024|source=data202403.csv|line=2|event=6|station=32011,2024,32011,溧阳台,2,向上线,2024|source=data202403.csv|line=2|event=6,6.0,4.6,,,4.674999999999997,,,,,True,structural_misfit,False,True
2024|source=data202403.csv|line=2|event=6|station=50008,2024,50008,涪陵江东,2,向上线,2024|source=data202403.csv|line=2|event=6,6.0,4.8,,,4.620000000000001,,,,,True,structural_misfit,False,True
2024|source=data202403.csv|line=2|event=6|station=50023,2024,50023,重庆仙女山地震台,2,向上线,2024|source=data202403.csv|line=2|event=6,6.0,10.9,,,11.060000000000002,,,,,True,structural_misfit,False,True
2024|source=data202403.csv|line=2|event=7|station=32001,2024,32001,南京台,2,向上线,2024|source=data202403.csv|line=2|event=7,2.0,3.8,,,0.9450000000000004,,,,,True,structural_misfit,False,True
2024|source=data202403.csv|line=2|event=7|station=32011,2024,32011,溧阳台,2,向上线,2024|source=data202403.csv|line=2|event=7,2.0,4.5,,,0.6950000000000003,,,,,True,structural_misfit,False,True
2024|source=data202403.csv|line=2|event=7|station=50008,2024,50008,涪陵江东,2,向上线,2024|source=data202403.csv|line=2|event=7,2.0,4.7,,,-0.3499999999999978,,,,,True,structural_misfit,False,True
2024|source=data202403.csv|line=2|event=7|station=50023,2024,50023,重庆仙女山地震台,2,向上线,2024|source=data202403.csv|line=2|event=7,2.0,10.6,,,0.1900000000000545,,,,,True,structural_misfit,False,True
2024|source=data202403.csv|line=2|event=8|station=32001,2024,32001,南京台,2,向上线,2024|source=data202403.csv|line=2|event=8,2.0,-3.7,,,-0.8599999999999994,,,,,True,structural_misfit,False,True
2024|source=data202403.csv|line=2|event=8|station=32011,2024,32011,溧阳台,2,向上线,2024|source=data202403.csv|line=2|event=8,2.0,-4.5,,,-0.4450000000000003,,,,,True,structural_misfit,False,True
2024|source=data202403.csv|line=2|event=8|station=50008,2024,50008,涪陵江东,2,向上线,2024|source=data202403.csv|line=2|event=8,2.0,-4.6,,,0.0899999999999998,,,,,True,structural_misfit,False,True
2024|source=data202403.csv|line=2|event=8|station=50023,2024,50023,重庆仙女山地震台,2,向上线,2024|source=data202403.csv|line=2|event=8,2.0,-10.5,,,-0.9250000000000114,,,,,True,structural_misfit,False,True
2024|source=data202403.csv|line=2|event=9|station=32001,2024,32001,南京台,2,向上线,2024|source=data202403.csv|line=2|event=9,2.0,3.8,,,0.3949999999999996,,,,,True,structural_misfit,False,True
2024|source=data202403.csv|line=2|event=9|station=32011,2024,32011,溧阳台,2,向上线,2024|source=data202403.csv|line=2|event=9,2.0,4.6,,,0.0700000000000002,,,,,True,structural_misfit,False,True
2024|source=data202403.csv|line=2|event=9|station=50008,2024,50008,涪陵江东,2,向上线,2024|source=data202403.csv|line=2|event=9,2.0,4.8,,,0.2350000000000029,,,,,True,structural_misfit,False,True
2024|source=data202403.csv|line=2|event=9|station=50023,2024,50023,重庆仙女山地震台,2,向上线,2024|source=data202403.csv|line=2|event=9,2.0,10.8,,,1.079999999999984,,,,,True,structural_misfit,False,True
2024|source=data202403.csv|line=2|event=11|station=32001,2024,32001,南京台,2,向上线,2024|source=data202403.csv|line=2|event=11,27.0,5.2,6.26,7.583293866630397,6.014999999999999,1.2038461538461538,True,0.8566360120883877,0.1048217752857358,True,released,True,True
2024|source=data202403.csv|line=2|event=11|station=32011,2024,32011,溧阳台,2,向上线,2024|source=data202403.csv|line=2|event=11,27.0,6.3,6.715000000000001,6.345484684791059,6.62,1.065873015873016,True,0.8512433643315712,0.2054756221121391,True,released,True,True
2024|source=data202403.csv|line=2|event=11|station=50008,2024,50008,涪陵江东,2,向上线,2024|source=data202403.csv|line=2|event=11,27.0,6.5,7.875000000000001,8.895127373564556,7.075000000000001,1.2115384615384617,True,0.8798701452984226,0.1564815471079227,True,released,True,True
2024|source=data202403.csv|line=2|event=11|station=50023,2024,50023,重庆仙女山地震台,2,向上线,2024|source=data202403.csv|line=2|event=11,27.0,14.8,16.889999999999986,16.026072962975732,16.170000000000016,1.1412162162162152,True,0.9485044654175812,0.1386991573496535,True,released,True,True
2024|source=data202403.csv|line=2|event=12|station=32001,2024,32001,南京台,2,向上线,2024|source=data202403.csv|line=2|event=12,43.0,-5.0,-5.007956896551724,-4.329934827468415,-5.11,1.0015913793103448,True,0.9547645615249768,0.124662473847843,True,released,True,True
2024|source=data202403.csv|line=2|event=12|station=32011,2024,32011,溧阳台,2,向上线,2024|source=data202403.csv|line=2|event=12,43.0,-6.0,-5.768824137931032,-4.891115508639831,-5.709999999999999,0.961470689655172,True,0.9441807485477662,0.1559510399385279,True,released,True,True
2024|source=data202403.csv|line=2|event=12|station=50008,2024,50008,涪陵江东,2,向上线,2024|source=data202403.csv|line=2|event=12,43.0,-6.2,-6.123627586206894,-5.554157932629565,-6.055,0.9876818687430472,True,0.9509350570119948,0.1476600233111069,True,released,True,True
2024|source=data202403.csv|line=2|event=12|station=50023,2024,50023,重庆仙女山地震台,2,向上线,2024|source=data202403.csv|line=2|event=12,43.0,-14.0,-14.51624310344829,-13.29932682203532,-14.58000000000004,1.0368745073891634,True,0.9598975193035246,0.1543713267615547,True,released,True,True
2024|source=data202404.csv|line=2|event=21|station=32001,2024,32001,南京台,2,向上线,2024|source=data202404.csv|line=2|event=21,50.0,-5.0,-5.371321220930232,-5.403277067403839,-5.34,1.0742642441860464,True,0.9818680249997482,0.0760531443117387,True,released,True,True
2024|source=data202404.csv|line=2|event=21|station=32011,2024,32011,溧阳台,2,向上线,2024|source=data202404.csv|line=2|event=21,50.0,-6.0,-6.037542151162791,-6.092089756309723,-5.970000000000001,1.0062570251937986,True,0.9779962986122928,0.1059082616059029,True,released,True,True
2024|source=data202404.csv|line=2|event=21|station=50008,2024,50008,涪陵江东,2,向上线,2024|source=data202404.csv|line=2|event=21,50.0,-6.2,-6.194159883720932,-6.297541469785114,-6.245000000000001,0.9990580457614406,True,0.9658225495412048,0.1838783978454942,True,released,True,True
2024|source=data202404.csv|line=2|event=21|station=50023,2024,50023,重庆仙女山地震台,2,向上线,2024|source=data202404.csv|line=2|event=21,50.0,-14.1,-14.693014534883789,-14.828923812499474,-14.710000000000036,1.0420577684314742,True,0.9774255123751489,0.2547422905523386,True,released,True,True
2024|source=data202404.csv|line=16|event=14|station=36001,2024,36001,南昌,16,溪浙线,2024|source=data202404.csv|line=16|event=14,23.0,-3.2,-3.6749999999956335,-3.836880417368491,-3.8249999999970896,,,0.8874780569211765,,False,structural_misfit,False,True
2024|source=data202404.csv|line=16|event=15|station=36001,2024,36001,南昌,16,溪浙线,2024|source=data202404.csv|line=16|event=15,14.0,4.1,4.014999999999418,4.140140317674257,4.080000000001746,,,0.934997443832533,,False,structural_misfit,False,True
2024|source=data202404.csv|line=16|event=16|station=36001,2024,36001,南昌,16,溪浙线,2024|source=data202404.csv|line=16|event=16,16.0,4.2,3.860000000000582,3.801693347396896,3.75,,,0.9170733778872644,,False,structural_misfit,False,True
2024|source=data202404.csv|line=16|event=17|station=36001,2024,36001,南昌,16,溪浙线,2024|source=data202404.csv|line=16|event=17,2.0,3.7,,,0.2799999999988358,,,,,False,structural_misfit,False,True
2024|source=data202404.csv|line=16|event=18|station=36001,2024,36001,南昌,16,溪浙线,2024|source=data202404.csv|line=16|event=18,2.0,-3.0,-3.710000000006403,-3.71328850835371,-3.335000000006403,,,0.9331333374519796,,False,structural_misfit,False,True
2024|source=data202404.csv|line=16|event=19|station=36001,2024,36001,南昌,16,溪浙线,2024|source=data202404.csv|line=16|event=19,4.0,3.5,,,3.375,,,,,False,structural_misfit,False,True
2024|source=data202404.csv|line=19|event=20|station=41011,2024,41011,潢川,19,宁绍线,2024|source=data202404.csv|line=19|event=20,14.0,6.9,7.3300000000000125,6.643973983770222,7.3300000000000125,1.062318840579712,True,0.9735075144065024,0.140059694966921,False,released,True,True
2024|source=data202404.csv|line=27|event=23|station=41006,2024,41006,浚县,27,上临线,2024|source=data202404.csv|line=27|event=23,2.0,-3.7,,,-1.634999999999991,,,,,False,structural_misfit,False,True
2024|source=data202404.csv|line=27|event=23|station=61004,2024,61004,榆林台,27,上临线,2024|source=data202404.csv|line=27|event=23,2.0,3.5,,,1.9,,,,,False,structural_misfit,False,True
2024|source=data202404.csv|line=27|event=24|station=41006,2024,41006,浚县,27,上临线,2024|source=data202404.csv|line=27|event=24,2.0,3.5,3.6100000000000136,3.424228295906633,3.5049999999999955,,,0.9843699892965097,,False,structural_misfit,False,True
2024|source=data202404.csv|line=27|event=24|station=61004,2024,61004,榆林台,27,上临线,2024|source=data202404.csv|line=27|event=24,2.0,-3.3,-2.4650000000000003,-2.1953372172446604,-2.18,,,0.9058473524916352,,False,structural_misfit,False,True
2024|source=data202404.csv|line=27|event=25|station=41006,2024,41006,浚县,27,上临线,2024|source=data202404.csv|line=27|event=25,3.0,-3.6,-3.4399999999999977,-3.4955418987403544,-3.4399999999999977,0.9555555555555548,True,0.9801481472929572,0.0614176642173752,False,released,True,True
2024|source=data202404.csv|line=27|event=25|station=61004,2024,61004,榆林台,27,上临线,2024|source=data202404.csv|line=27|event=25,3.0,3.4,3.005,2.6955182466561776,2.935,0.8838235294117647,True,0.939197981049828,0.0426074578401863,False,released,True,True
2024|source=data202404.csv|line=33|event=36|station=43002,2024,43002,邵阳,33,雅南线,2024|source=data202404.csv|line=33|event=36,15.0,9.8,10.320000000000022,9.816997693782042,10.330000000000013,1.053061224489798,True,0.93360940394467,0.1550672855364837,False,released,True,True
2024|source=data202404.csv|line=36|event=48|station=32001,2024,32001,南京台,36,白江线,2024|source=data202404.csv|line=36|event=48,81.0,15.8,16.443779296875,16.359643881465978,16.450000000000003,1.0407455251186708,True,0.9980449193577152,0.1402589906991357,True,released,True,True
2024|source=data202404.csv|line=36|event=48|station=32011,2024,32011,溧阳台,36,白江线,2024|source=data202404.csv|line=36|event=48,81.0,10.1,10.657768554687504,10.52715181971096,10.760000000000002,1.0552246093750004,True,0.9951236882074562,0.1559855075415406,True,released,True,True
2024|source=data202404.csv|line=36|event=48|station=42005,2024,42005,恩施,36,白江线,2024|source=data202404.csv|line=36|event=48,81.0,-7.2,-4.747025390624998,-5.498999999999986,-3.0549999999999926,0.6593090820312497,True,0.907293703303686,0.3042201539560767,True,released,True,True
2024|source=data202404.csv|line=36|event=48|station=50008,2024,50008,涪陵江东,36,白江线,2024|source=data202404.csv|line=36|event=48,81.0,-4.2,-3.8660654296874974,-3.866253127860198,-3.789999999999999,0.920491768973214,True,0.9578143790071004,0.2417550915309543,True,released,True,True
2024|source=data202404.csv|line=36|event=48|station=50023,2024,50023,重庆仙女山地震台,36,白江线,2024|source=data202404.csv|line=36|event=48,81.0,-11.5,-11.7010498046875,-11.678135550387053,-11.54000000000002,1.0174825917119563,True,0.9873627153747672,0.274840449005034,True,released,True,True
2024|source=data202404.csv|line=36|event=49|station=32001,2024,32001,南京台,36,白江线,2024|source=data202404.csv|line=36|event=49,25.0,-16.4,-16.105,-16.328039625362734,-16.05,0.9820121951219514,True,0.9988485996746712,0.1512231198343682,True,released,True,True
2024|source=data202404.csv|line=36|event=49|station=32011,2024,32011,溧阳台,36,白江线,2024|source=data202404.csv|line=36|event=49,25.0,-10.5,-10.415,-10.582960249557372,-10.47,0.991904761904762,True,0.9984588889046452,0.1065826447437066,True,released,True,True
2024|source=data202404.csv|line=36|event=49|station=42005,2024,42005,恩施,36,白江线,2024|source=data202404.csv|line=36|event=49,25.0,7.4,9.35,10.20014108699657,5.834999999999994,1.2635135135135136,True,0.9429544362792978,0.1978104142084678,True,released,True,True
2024|source=data202404.csv|line=36|event=49|station=50008,2024,50008,涪陵江东,36,白江线,2024|source=data202404.csv|line=36|event=49,25.0,4.3,4.495000000000001,4.534870626310119,4.529999999999998,1.0453488372093025,True,0.9511654362510354,0.1458978742033246,True,released,True,True
2024|source=data202404.csv|line=36|event=49|station=50023,2024,50023,重庆仙女山地震台,36,白江线,2024|source=data202404.csv|line=36|event=49,25.0,11.9,12.404999999999973,12.36067005645501,12.489999999999952,1.0424369747899136,True,0.983797939142319,0.1493422941805162,True,released,True,True
2024|source=data202404.csv|line=36|event=50|station=32001,2024,32001,南京台,36,白江线,2024|source=data202404.csv|line=36|event=50,48.0,-16.3,-16.319006369426752,-16.334915331841156,-16.235,1.0011660349341565,True,0.9990953616578758,0.108842266832997,True,released,True,True
2024|source=data202404.csv|line=36|event=50|station=32011,2024,32011,溧阳台,36,白江线,2024|source=data202404.csv|line=36|event=50,48.0,-10.4,-10.591952229299364,-10.593389057312615,-10.52,1.0184569451249388,True,0.9981612320660008,0.1158104218289569,True,released,True,True
2024|source=data202404.csv|line=36|event=50|station=42005,2024,42005,恩施,36,白江线,2024|source=data202404.csv|line=36|event=50,48.0,7.4,6.134349522292993,6.606279607528813,4.770000000000003,0.8289661516612152,True,0.9236184511908618,0.3879590277699248,True,released,True,True
2024|source=data202404.csv|line=36|event=50|station=50008,2024,50008,涪陵江东,36,白江线,2024|source=data202404.csv|line=36|event=50,48.0,4.3,4.353592356687898,4.372257074675225,4.530000000000001,1.0124633387646274,True,0.981337562906048,0.1613143286982219,True,released,True,True
2024|source=data202404.csv|line=36|event=50|station=50023,2024,50023,重庆仙女山地震台,36,白江线,2024|source=data202404.csv|line=36|event=50,48.0,11.8,12.23837500000002,12.213120834227457,12.439999999999998,1.0371504237288152,True,0.9947904051929768,0.1696501559987883,True,released,True,True
2024|source=data202404.csv|line=36|event=51|station=32001,2024,32001,南京台,36,白江线,2024|source=data202404.csv|line=36|event=51,2.0,-15.3,-16.105,-16.39225521343539,-15.935,1.0526143790849674,True,0.9956106635980004,0.0583514154979452,True,released,True,True
2024|source=data202404.csv|line=36|event=51|station=32011,2024,32011,溧阳台,36,白江线,2024|source=data202404.csv|line=36|event=51,2.0,-9.8,-10.3,-10.30598164210178,-10.264999999999995,,,0.9981248016463384,,True,structural_misfit,False,True
2024|source=data202404.csv|line=36|event=51|station=42005,2024,42005,恩施,36,白江线,2024|source=data202404.csv|line=36|event=51,2.0,6.9,3.344999999999999,3.6356130863142258,3.3200000000000074,0.484782608695652,True,0.9749604322401344,0.0514251141849241,True,released,True,True
2024|source=data202404.csv|line=36|event=51|station=50008,2024,50008,涪陵江东,36,白江线,2024|source=data202404.csv|line=36|event=51,2.0,4.0,3.9350000000000014,4.028357143148682,3.91,0.9837500000000006,True,0.9962840840113276,0.0464857008358036,True,released,True,True
2024|source=data202404.csv|line=36|event=51|station=50023,2024,50023,重庆仙女山地震台,36,白江线,2024|source=data202404.csv|line=36|event=51,2.0,11.1,11.404999999999973,11.17661227820075,11.379999999999995,,,0.992998915294182,,True,structural_misfit,False,True
2024|source=data202404.csv|line=36|event=52|station=32001,2024,32001,南京台,36,白江线,2024|source=data202404.csv|line=36|event=52,85.0,-16.1,-16.274926305970148,-15.819913960271837,-16.21,1.0108649879484564,True,0.993762572072032,0.1128953044882661,True,released,True,True
2024|source=data202404.csv|line=36|event=52|station=32011,2024,32011,溧阳台,36,白江线,2024|source=data202404.csv|line=36|event=52,85.0,-10.4,-10.4002276119403,-10.403126291167414,-10.34,1.0000218857634902,True,0.9910584688016004,0.1988366055904932,True,released,True,True
2024|source=data202404.csv|line=36|event=52|station=42005,2024,42005,恩施,36,白江线,2024|source=data202404.csv|line=36|event=52,85.0,7.3,6.848509328358212,7.197264788361921,5.494999999999997,0.938151962788796,True,0.8420362901296019,0.4366531349740413,True,released,True,True
2024|source=data202404.csv|line=36|event=52|station=50008,2024,50008,涪陵江东,36,白江线,2024|source=data202404.csv|line=36|event=52,85.0,4.3,4.00418889925373,4.572632071185764,4.09,0.9312067207566816,True,0.8787539923002132,0.4945045420594359,True,released,True,True
2024|source=data202404.csv|line=36|event=52|station=50023,2024,50023,重庆仙女山地震台,36,白江线,2024|source=data202404.csv|line=36|event=52,85.0,11.8,11.600998134328393,12.347679562659756,11.75,,,0.9608213599345256,,True,structural_misfit,False,True
2024|source=data202404.csv|line=36|event=53|station=32001,2024,32001,南京台,36,白江线,2024|source=data202404.csv|line=36|event=53,2.0,16.3,,,-0.0050000000000007,,,,,True,structural_misfit,False,True
2024|source=data202404.csv|line=36|event=53|station=32011,2024,32011,溧阳台,36,白江线,2024|source=data202404.csv|line=36|event=53,2.0,10.5,,,0.2899999999999991,,,,,True,structural_misfit,False,True
2024|source=data202404.csv|line=36|event=53|station=42005,2024,42005,恩施,36,白江线,2024|source=data202404.csv|line=36|event=53,2.0,-7.4,,,-2.660000000000004,,,,,True,structural_misfit,False,True
2024|source=data202404.csv|line=36|event=53|station=50008,2024,50008,涪陵江东,36,白江线,2024|source=data202404.csv|line=36|event=53,2.0,-4.3,,,-0.4700000000000024,,,,,True,structural_misfit,False,True
2024|source=data202404.csv|line=36|event=53|station=50023,2024,50023,重庆仙女山地震台,36,白江线,2024|source=data202404.csv|line=36|event=53,2.0,-11.9,,,-1.1949999999999932,,,,,True,structural_misfit,False,True
2024|source=data202404.csv|line=36|event=54|station=32001,2024,32001,南京台,36,白江线,2024|source=data202404.csv|line=36|event=54,72.0,16.3,16.424913793103446,16.190990245677696,16.47,1.0076634228897818,True,0.9946420507818512,0.086048282747536,True,released,True,True
2024|source=data202404.csv|line=36|event=54|station=32011,2024,32011,溧阳台,36,白江线,2024|source=data202404.csv|line=36|event=54,72.0,10.4,10.60212068965517,10.602783287162303,10.63,1.0194346816976123,True,0.9943677264061872,0.1172380596592293,True,released,True,True
2024|source=data202404.csv|line=36|event=54|station=42005,2024,42005,恩施,36,白江线,2024|source=data202404.csv|line=36|event=54,72.0,-7.4,-6.84525,-7.27142524667922,-5.005000000000003,0.9250337837837838,True,0.930702004201582,0.3479638097842723,True,released,True,True
2024|source=data202404.csv|line=36|event=54|station=50008,2024,50008,涪陵江东,36,白江线,2024|source=data202404.csv|line=36|event=54,72.0,-4.3,-3.700489224137933,-4.138455829177686,-3.61,0.860578889334403,True,0.9548677908402804,0.1994723312199425,True,released,True,True
2024|source=data202404.csv|line=36|event=54|station=50023,2024,50023,重庆仙女山地震台,36,白江线,2024|source=data202404.csv|line=36|event=54,72.0,-11.9,-11.673917025862067,-11.921758221012212,-11.595000000000027,0.9810014307447116,True,0.9897671415353972,0.2253038019147895,True,released,True,True
2024|source=data202404.csv|line=36|event=55|station=32001,2024,32001,南京台,36,白江线,2024|source=data202404.csv|line=36|event=55,3.0,-16.2,-16.4,-16.511377360120402,-16.36,1.0123456790123455,True,0.9986647846937834,0.0312685748320117,True,released,True,True
2024|source=data202404.csv|line=36|event=55|station=32011,2024,32011,溧阳台,36,白江线,2024|source=data202404.csv|line=36|event=55,3.0,-10.4,-10.665,-10.494733081704627,-10.68,1.0254807692307693,True,0.9972471902147986,0.0270559275551833,True,released,True,True
2024|source=data202404.csv|line=36|event=55|station=42005,2024,42005,恩施,36,白江线,2024|source=data202404.csv|line=36|event=55,3.0,7.4,6.32,4.870359414599993,6.795000000000002,,,0.8229505189431335,,True,structural_misfit,False,True
2024|source=data202404.csv|line=36|event=55|station=50008,2024,50008,涪陵江东,36,白江线,2024|source=data202404.csv|line=36|event=55,3.0,4.3,4.475000000000001,4.183726690256229,4.475000000000001,1.040697674418605,True,0.9811841681035792,0.0615646561731165,True,released,True,True
2024|source=data202404.csv|line=36|event=55|station=50023,2024,50023,重庆仙女山地震台,36,白江线,2024|source=data202404.csv|line=36|event=55,3.0,11.8,12.289999999999964,11.489285155961866,12.35499999999996,1.0415254237288103,True,0.9770019364250638,0.0465407676352943,True,released,True,True
2024|source=data202404.csv|line=36|event=56|station=32001,2024,32001,南京台,36,白江线,2024|source=data202404.csv|line=36|event=56,48.0,-16.3,-16.31968789808917,-15.885009437830425,-16.37,1.001207846508538,True,0.9929701896272384,0.0703642977763353,True,released,True,True
2024|source=data202404.csv|line=36|event=56|station=32011,2024,32011,溧阳台,36,白江线,2024|source=data202404.csv|line=36|event=56,48.0,-10.4,-10.4706449044586,-10.455229720617709,-10.53,1.0067927792748652,True,0.9926429215634972,0.145076729230032,True,released,True,True
2024|source=data202404.csv|line=36|event=56|station=42005,2024,42005,恩施,36,白江线,2024|source=data202404.csv|line=36|event=56,48.0,7.4,6.639816878980888,6.963992228432842,5.255000000000003,0.8972725512136335,True,0.9331617162607024,0.3320476439821561,True,released,True,True
2024|source=data202404.csv|line=36|event=56|station=50008,2024,50008,涪陵江东,36,白江线,2024|source=data202404.csv|line=36|event=56,48.0,4.3,4.219977707006372,4.528926929868391,4.275000000000006,0.9813901644200864,True,0.9805075345215054,0.1894457489695913,True,released,True,True
2024|source=data202404.csv|line=36|event=56|station=50023,2024,50023,重庆仙女山地震台,36,白江线,2024|source=data202404.csv|line=36|event=56,48.0,11.8,12.130314490445812,12.306943879593852,12.185000000000002,1.0279927534276112,True,0.9894703382707204,0.2439446047329348,True,released,True,True
2024|source=data202404.csv|line=36|event=57|station=32001,2024,32001,南京台,36,白江线,2024|source=data202404.csv|line=36|event=57,316.0,16.4,16.489595543032788,16.732802944979607,16.57,1.005463142867853,True,0.9943103794652112,0.123744869949361,True,released,True,True
2024|source=data202404.csv|line=36|event=57|station=32011,2024,32011,溧阳台,36,白江线,2024|source=data202404.csv|line=36|event=57,316.0,10.5,10.722232325819675,11.009749082207286,10.815,1.0211649834113976,True,0.9851280275439124,0.1230594338055516,True,released,True,True
2024|source=data202404.csv|line=36|event=57|station=42005,2024,42005,恩施,36,白江线,2024|source=data202404.csv|line=36|event=57,316.0,-7.4,-7.818098360655746,-8.115814394859019,-6.015000000000001,1.0564997784669927,True,0.8986274297931995,0.2584165277474038,True,released,True,True
2024|source=data202404.csv|line=36|event=57|station=50008,2024,50008,涪陵江东,36,白江线,2024|source=data202404.csv|line=36|event=57,316.0,-4.3,-4.308933913934425,-4.610524179206002,-4.48,1.0020776544033547,True,0.9505616850907508,0.2786425614310772,True,released,True,True
2024|source=data202404.csv|line=36|event=57|station=50023,2024,50023,重庆仙女山地震台,36,白江线,2024|source=data202404.csv|line=36|event=57,316.0,-11.9,-12.230852971311492,-12.60320943907126,-12.509999999999993,1.0278027706984447,True,0.9828725921412044,0.2441300759623071,True,released,True,True
2024|source=data202404.csv|line=4|event=58|station=32001,2024,32001,南京台,4,三常线,2024|source=data202404.csv|line=4|event=58,43.0,20.2,21.17992957746479,19.605472555803804,21.16,1.0485113652210292,True,0.9301066737049468,0.065099384060303,True,released,True,True
2024|source=data202404.csv|line=4|event=58|station=32011,2024,32011,溧阳台,4,三常线,2024|source=data202404.csv|line=4|event=58,43.0,21.0,21.788408450704228,20.35473154308493,21.8,1.0375432595573442,True,0.9361837638728032,0.0957929664617339,True,released,True,True
2024|source=data202404.csv|line=4|event=58|station=41011,2024,41011,潢川,4,三常线,2024|source=data202404.csv|line=4|event=58,43.0,-3.2,-3.12860035211267,-3.027016450310364,-3.219999999999999,0.9776876100352094,True,0.5568207644935979,0.1140761351712956,False,released,True,True
2024|source=data202404.csv|line=5|event=60|station=32001,2024,32001,南京台,5,三上线,2024|source=data202404.csv|line=5|event=60,65.0,13.3,13.59180213270142,13.38698506730537,14.195,1.0219400099775504,True,0.9441877309176164,0.1112111539897085,True,released,True,True
2024|source=data202404.csv|line=5|event=60|station=32011,2024,32011,溧阳台,5,三上线,2024|source=data202404.csv|line=5|event=60,65.0,14.0,14.885437796208528,14.40901513628862,15.474999999999994,1.0632455568720378,True,0.9381451724012924,0.2040592272795046,True,released,True,True
2024|source=data202404.csv|line=5|event=60|station=41004,2024,41004,信阳地震台,5,三上线,2024|source=data202404.csv|line=5|event=60,65.0,3.1,3.5535011848341256,3.354991724990714,4.239999999999995,1.1462907047852018,True,0.9551828853611968,0.1135272564664649,False,released,True,True
2024|source=data202404.csv|line=5|event=60|station=41011,2024,41011,潢川,5,三上线,2024|source=data202404.csv|line=5|event=60,65.0,4.1,3.718899881516592,4.006551086072672,4.3300000000000125,0.9070487515894128,True,0.8089929193737315,0.1039144515060742,False,released,True,True
2024|source=data202404.csv|line=4|event=59|station=32001,2024,32001,南京台,4,三常线,2024|source=data202404.csv|line=4|event=59,40.0,27.6,28.63533450704225,28.17446148743428,28.65,1.0375121198203714,True,0.9706393165107348,0.0547619409717966,True,released,True,True
2024|source=data202404.csv|line=4|event=59|station=32011,2024,32011,溧阳台,4,三常线,2024|source=data202404.csv|line=4|event=59,40.0,28.7,29.41981338028169,29.15502379257608,29.425000000000004,1.025080605584728,True,0.9750095745463568,0.0882269651663819,True,released,True,True
2024|source=data202404.csv|line=4|event=59|station=32019,2024,32019,高邮台,4,三常线,2024|source=data202404.csv|line=4|event=59,40.0,-4.0,-4.139746478873235,-4.240817421979803,-3.9799999999999898,1.0349366197183087,True,0.9818442988604226,0.0673971507657916,False,released,True,True
2024|source=data202404.csv|line=4|event=59|station=41004,2024,41004,信阳地震台,4,三常线,2024|source=data202404.csv|line=4|event=59,40.0,-3.4,-3.908755281690148,-3.879715708849528,-3.890000000000001,1.1496339063794552,True,0.9771610390528512,0.0840778788966436,False,released,True,True
2024|source=data202404.csv|line=4|event=59|station=41011,2024,41011,潢川,4,三常线,2024|source=data202404.csv|line=4|event=59,40.0,-4.3,,,-3.8000000000000114,,,,,False,invalid_window,False,True
2024|source=data202404.csv|line=5|event=61|station=32001,2024,32001,南京台,5,三上线,2024|source=data202404.csv|line=5|event=61,230.0,13.4,13.87573041958042,16.817453783914733,14.015,1.0355022701179415,True,0.8347576741496796,0.1519702436022807,True,released,True,True
2024|source=data202404.csv|line=5|event=61|station=32011,2024,32011,溧阳台,5,三上线,2024|source=data202404.csv|line=5|event=61,230.0,14.1,15.045713286713289,18.19727872849032,15.275,1.067071864305907,True,0.8059621249411142,0.1228818452522863,True,released,True,True
2024|source=data202404.csv|line=5|event=61|station=41004,2024,41004,信阳地震台,5,三上线,2024|source=data202404.csv|line=5|event=61,230.0,3.1,2.062406993006995,4.103931200737538,3.3400000000000034,0.6652925783893532,True,0.8222140059688596,0.1023203968681041,False,released,True,True
2024|source=data202404.csv|line=5|event=61|station=41011,2024,41011,潢川,5,三上线,2024|source=data202404.csv|line=5|event=61,230.0,4.2,3.355550699300693,4.606217771131933,3.879999999999996,0.7989406426906411,True,0.8026589145192342,0.1430523176547074,False,released,True,True
2024|source=data202404.csv|line=34|event=45|station=41004,2024,41004,信阳地震台,34,陕湖线,2024|source=data202404.csv|line=34|event=45,73.0,10.1,10.304684267241392,10.251574238964714,10.29,1.0202657690338013,True,0.9969830543111604,0.1227967236282444,False,released,True,True
2024|source=data202404.csv|line=33|event=37|station=43002,2024,43002,邵阳,33,雅南线,2024|source=data202404.csv|line=33|event=37,46.0,-10.1,-10.24979139072846,-10.38144766253575,-10.189999999999998,1.0148308307651943,True,0.994996767558965,0.1110593190209636,False,released,True,True
2024|source=data202404.csv|line=33|event=38|station=43002,2024,43002,邵阳,33,雅南线,2024|source=data202404.csv|line=33|event=38,23.0,-9.9,-10.28,-10.248651170518729,-10.310000000000002,1.0383838383838384,True,0.9937957086609664,0.1018705260593109,False,released,True,True
2024|source=data202404.csv|line=33|event=39|station=43002,2024,43002,邵阳,33,雅南线,2024|source=data202404.csv|line=33|event=39,16.0,10.1,10.43999999999997,10.163778111322792,10.429999999999978,1.0336633663366306,True,0.989902372801077,0.0938313192921457,False,released,True,True
2024|source=data202404.csv|line=33|event=40|station=43002,2024,43002,邵阳,33,雅南线,2024|source=data202404.csv|line=33|event=40,17.0,9.8,10.47,9.983732261732184,10.47,1.068367346938775,True,0.9848126091421736,0.0825830460027209,False,released,True,True
2024|source=data202404.csv|line=33|event=41|station=43002,2024,43002,邵阳,33,雅南线,2024|source=data202404.csv|line=33|event=41,3.0,10.0,10.474999999999994,9.876125361272392,10.47,,,0.9841086832657636,,False,structural_misfit,False,True
2024|source=data202404.csv|line=33|event=42|station=43002,2024,43002,邵阳,33,雅南线,2024|source=data202404.csv|line=33|event=42,2.0,-9.8,,,-2.2249999999999943,,,,,False,structural_misfit,False,True
2024|source=data202404.csv|line=33|event=43|station=43002,2024,43002,邵阳,33,雅南线,2024|source=data202404.csv|line=33|event=43,2.0,10.2,,,2.0999999999999943,,,,,False,structural_misfit,False,True
2024|source=data202405.csv|line=22|event=2|station=62001,2024,62001,兰州,22,酒湖线,2024|source=data202405.csv|line=22|event=2,41.0,4.6,4.637587230216013,5.001131929954164,6.5349999999962165,,,0.4122624498310065,,False,structural_misfit,False,True
2024|source=data202405.csv|line=22|event=2|station=62151,2024,62151,横梁（台阵）,22,酒湖线,2024|source=data202405.csv|line=22|event=2,41.0,12.6,-0.1760071942446046,0.8050056745577304,1.6099999999999994,0.0139688249400479,False,0.805939619611619,0.1117714861706449,False,released,True,True
2024|source=data202405.csv|line=22|event=3|station=62001,2024,62001,兰州,22,酒湖线,2024|source=data202405.csv|line=22|event=3,17.0,5.3,5.815000000002328,5.81106555791578,5.569999999992433,,,0.4762720019053191,,False,structural_misfit,False,True
2024|source=data202405.csv|line=22|event=3|station=62151,2024,62151,横梁（台阵）,22,酒湖线,2024|source=data202405.csv|line=22|event=3,17.0,14.5,,,-0.2599999999999909,,,,,False,weak_abstention,False,True
2024|source=data202405.csv|line=22|event=4|station=62001,2024,62001,兰州,22,酒湖线,2024|source=data202405.csv|line=22|event=4,34.0,-5.0,-5.69458695652429,-6.227826280895687,-3.970000000001164,,,0.5845602330563955,,False,structural_misfit,False,True
2024|source=data202405.csv|line=22|event=4|station=62151,2024,62151,横梁（台阵）,22,酒湖线,2024|source=data202405.csv|line=22|event=4,34.0,-13.8,17.161773913043476,14.542597373518088,16.189999999999998,1.2436068052930054,False,0.6183996539914017,0.1352174327886764,False,released,True,True
2024|source=data202405.csv|line=22|event=5|station=62001,2024,62001,兰州,22,酒湖线,2024|source=data202405.csv|line=22|event=5,12.0,-4.8,-18.00499999999738,-12.765656927558624,-17.94999999999709,,,0.7788732706098305,,False,structural_misfit,False,True
2024|source=data202405.csv|line=22|event=5|station=62151,2024,62151,横梁（台阵）,22,酒湖线,2024|source=data202405.csv|line=22|event=5,12.0,-13.2,19.430000000000007,2.25,1.25,,,0.1939099700843274,,False,structural_misfit,False,True
2024|source=data202405.csv|line=22|event=6|station=62001,2024,62001,兰州,22,酒湖线,2024|source=data202405.csv|line=22|event=6,2.0,-5.3,-5.290000000000873,-5.256071576187077,-4.950000000004366,,,0.599479735834288,,False,structural_misfit,False,True
2024|source=data202405.csv|line=22|event=6|station=62151,2024,62151,横梁（台阵）,22,酒湖线,2024|source=data202405.csv|line=22|event=6,2.0,-14.5,3.739999999999995,2.429999999999989,1.3499999999999943,,,0.9074239717504442,,False,structural_misfit,False,True
2024|source=data202405.csv|line=22|event=7|station=62001,2024,62001,兰州,22,酒湖线,2024|source=data202405.csv|line=22|event=7,2.0,5.3,,,1.3350000000064028,,,,,False,invalid_window,False,True
2024|source=data202405.csv|line=22|event=7|station=62151,2024,62151,横梁（台阵）,22,酒湖线,2024|source=data202405.csv|line=22|event=7,2.0,14.7,,,0.25,,,,,False,weak_abstention,False,True
2024|source=data202405.csv|line=22|event=8|station=62001,2024,62001,兰州,22,酒湖线,2024|source=data202405.csv|line=22|event=8,3.0,-5.0,-5.669999999998254,-7.200057502206797,-5.70499999999447,,,0.7573926856611958,,False,structural_misfit,False,True
2024|source=data202405.csv|line=22|event=8|station=62151,2024,62151,横梁（台阵）,22,酒湖线,2024|source=data202405.csv|line=22|event=8,3.0,-13.7,,,-0.1899999999999977,,,,,False,weak_abstention,False,True
2024|source=data202405.csv|line=6|event=13|station=32011,2024,32011,溧阳台,6,锦苏线,2024|source=data202405.csv|line=6|event=13,39.0,-3.2,-2.746510576923077,-2.9923121474584176,-5.654999999999999,0.8582845552884616,True,0.9705298308784598,0.1170120978580941,True,released,True,True
2024|source=data202405.csv|line=6|event=13|station=50008,2024,50008,涪陵江东,6,锦苏线,2024|source=data202405.csv|line=6|event=13,39.0,-3.6,-1.6391307692307675,-2.372636895413065,-4.670000000000002,0.4553141025641021,True,0.9781505037545776,0.0939032334194585,True,released,True,True
2024|source=data202405.csv|line=6|event=13|station=50023,2024,50023,重庆仙女山地震台,6,锦苏线,2024|source=data202405.csv|line=6|event=13,39.0,-7.8,-5.565349999999967,-7.239441174230347,-9.689999999999998,0.713506410256406,True,0.957545793118574,0.1289856713460231,True,released,True,True
2024|source=data202405.csv|line=6|event=15|station=32001,2024,32001,南京台,6,锦苏线,2024|source=data202405.csv|line=6|event=15,19.0,3.0,2.904999999999994,2.7897506995896286,2.914999999999999,0.9683333333333314,True,0.9686001717739164,0.195746964088306,True,released,True,True
2024|source=data202405.csv|line=6|event=15|station=32011,2024,32011,溧阳台,6,锦苏线,2024|source=data202405.csv|line=6|event=15,19.0,3.2,3.370000000000001,3.11215571383555,3.32,1.053125,True,0.9208929877782304,0.1286628021024869,True,released,True,True
2024|source=data202405.csv|line=6|event=15|station=50008,2024,50008,涪陵江东,6,锦苏线,2024|source=data202405.csv|line=6|event=15,19.0,3.7,1.84,3.213,1.785,0.4972972972972972,True,0.690202474615927,0.267015618574151,True,released,True,True
2024|source=data202405.csv|line=6|event=15|station=50023,2024,50023,重庆仙女山地震台,6,锦苏线,2024|source=data202405.csv|line=6|event=15,19.0,7.9,7.099999999999966,8.499839082856074,7.269999999999982,0.8987341772151856,True,0.9149875351387552,0.4217082328423269,True,released,True,True
2024|source=data202405.csv|line=6|event=16|station=32001,2024,32001,南京台,6,锦苏线,2024|source=data202405.csv|line=6|event=16,23.0,3.0,3.5449999999999946,3.622640783412467,3.4599999999999937,1.1816666666666649,True,0.9263437935857732,0.1189843423821856,True,released,True,True
2024|source=data202405.csv|line=6|event=16|station=32011,2024,32011,溧阳台,6,锦苏线,2024|source=data202405.csv|line=6|event=16,23.0,3.2,4.48,4.267288399137896,4.25,1.3999999999999997,True,0.9171688492482174,0.1803125733454096,True,released,True,True
2024|source=data202405.csv|line=6|event=16|station=50008,2024,50008,涪陵江东,6,锦苏线,2024|source=data202405.csv|line=6|event=16,23.0,3.7,-0.1550000000000011,3.3659999999999983,1.8699999999999992,0.0418918918918922,False,0.7114204412759093,0.2159696221122913,True,released,True,True
2024|source=data202405.csv|line=6|event=16|station=50023,2024,50023,重庆仙女山地震台,6,锦苏线,2024|source=data202405.csv|line=6|event=16,23.0,7.9,6.45999999999998,7.315230722814907,6.409999999999968,0.8177215189873391,True,0.9086123863164032,0.1090994686607152,True,released,True,True
2024|source=data202405.csv|line=6|event=17|station=32001,2024,32001,南京台,6,锦苏线,2024|source=data202405.csv|line=6|event=17,2.0,3.0,,,2.555,,,,,True,structural_misfit,False,True
2024|source=data202405.csv|line=6|event=17|station=32011,2024,32011,溧阳台,6,锦苏线,2024|source=data202405.csv|line=6|event=17,2.0,3.2,,,3.1049999999999995,,,,,True,structural_misfit,False,True
2024|source=data202405.csv|line=6|event=17|station=50008,2024,50008,涪陵江东,6,锦苏线,2024|source=data202405.csv|line=6|event=17,2.0,3.7,,,2.5649999999999977,,,,,True,structural_misfit,False,True
2024|source=data202405.csv|line=6|event=17|station=50023,2024,50023,重庆仙女山地震台,6,锦苏线,2024|source=data202405.csv|line=6|event=17,2.0,7.9,,,7.46999999999997,,,,,True,structural_misfit,False,True
2024|source=data202405.csv|line=6|event=18|station=32011,2024,32011,溧阳台,6,锦苏线,2024|source=data202405.csv|line=6|event=18,68.0,3.2,3.1178375000000003,2.453995663084938,3.82,0.97432421875,True,0.966292802411008,0.0968291870101786,True,released,True,True
2024|source=data202405.csv|line=6|event=18|station=50008,2024,50008,涪陵江东,6,锦苏线,2024|source=data202405.csv|line=6|event=18,68.0,3.6,2.5774375000000003,2.4383925243517366,2.869999999999999,0.7159548611111112,True,0.8510367219876804,0.3079653798254365,True,released,True,True
2024|source=data202405.csv|line=6|event=18|station=50023,2024,50023,重庆仙女山地震台,6,锦苏线,2024|source=data202405.csv|line=6|event=18,68.0,7.8,7.574187499999994,7.702075016393556,7.939999999999998,0.9710496794871788,True,0.9351947741599604,0.1701540614067185,True,released,True,True
2024|source=data202405.csv|line=6|event=19|station=50008,2024,50008,涪陵江东,6,锦苏线,2024|source=data202405.csv|line=6|event=19,2.0,3.4,3.82,3.33096729008572,3.7950000000000017,1.123529411764706,True,0.9242528675521176,0.0588062047435033,True,released,True,True
2024|source=data202405.csv|line=6|event=19|station=50023,2024,50023,重庆仙女山地震台,6,锦苏线,2024|source=data202405.csv|line=6|event=19,2.0,7.2,8.310000000000002,7.796198267274503,8.284999999999968,,,0.9766998354337122,,True,structural_misfit,False,True
2024|source=data202405.csv|line=6|event=20|station=32011,2024,32011,溧阳台,6,锦苏线,2024|source=data202405.csv|line=6|event=20,2.0,-3.2,,,0.1500000000000003,,,,,True,structural_misfit,False,True
2024|source=data202405.csv|line=6|event=20|station=50008,2024,50008,涪陵江东,6,锦苏线,2024|source=data202405.csv|line=6|event=20,2.0,-3.7,,,0.370000000000001,,,,,True,structural_misfit,False,True
2024|source=data202405.csv|line=6|event=20|station=50023,2024,50023,重庆仙女山地震台,6,锦苏线,2024|source=data202405.csv|line=6|event=20,2.0,-7.9,,,-0.2800000000000295,,,,,True,structural_misfit,False,True
2024|source=data202405.csv|line=6|event=21|station=32011,2024,32011,溧阳台,6,锦苏线,2024|source=data202405.csv|line=6|event=21,15.0,3.2,,,3.7550000000000026,,,,,True,structural_misfit,False,True
2024|source=data202405.csv|line=6|event=21|station=50008,2024,50008,涪陵江东,6,锦苏线,2024|source=data202405.csv|line=6|event=21,15.0,3.7,,,4.600000000000001,,,,,True,structural_misfit,False,True
2024|source=data202405.csv|line=6|event=21|station=50023,2024,50023,重庆仙女山地震台,6,锦苏线,2024|source=data202405.csv|line=6|event=21,15.0,7.9,,,9.650000000000034,,,,,True,structural_misfit,False,True
2024|source=data202405.csv|line=6|event=22|station=32001,2024,32001,南京台,6,锦苏线,2024|source=data202405.csv|line=6|event=22,18.0,3.0,,,3.455000000000002,,,,,True,structural_misfit,False,True
2024|source=data202405.csv|line=6|event=22|station=32011,2024,32011,溧阳台,6,锦苏线,2024|source=data202405.csv|line=6|event=22,18.0,3.2,,,4.080000000000002,,,,,True,structural_misfit,False,True
2024|source=data202405.csv|line=6|event=22|station=50008,2024,50008,涪陵江东,6,锦苏线,2024|source=data202405.csv|line=6|event=22,18.0,3.7,,,3.1549999999999976,,,,,True,structural_misfit,False,True
2024|source=data202405.csv|line=6|event=22|station=50023,2024,50023,重庆仙女山地震台,6,锦苏线,2024|source=data202405.csv|line=6|event=22,18.0,7.9,,,7.170000000000016,,,,,True,structural_misfit,False,True
2024|source=data202405.csv|line=6|event=23|station=32001,2024,32001,南京台,6,锦苏线,2024|source=data202405.csv|line=6|event=23,2.0,3.0,,,3.289999999999999,,,,,True,structural_misfit,False,True
2024|source=data202405.csv|line=6|event=23|station=32011,2024,32011,溧阳台,6,锦苏线,2024|source=data202405.csv|line=6|event=23,2.0,3.2,,,3.8649999999999984,,,,,True,structural_misfit,False,True
2024|source=data202405.csv|line=6|event=23|station=50008,2024,50008,涪陵江东,6,锦苏线,2024|source=data202405.csv|line=6|event=23,2.0,3.7,,,3.0,,,,,True,structural_misfit,False,True
2024|source=data202405.csv|line=6|event=23|station=50023,2024,50023,重庆仙女山地震台,6,锦苏线,2024|source=data202405.csv|line=6|event=23,2.0,7.9,,,7.214999999999975,,,,,True,structural_misfit,False,True
2024|source=data202405.csv|line=6|event=24|station=32001,2024,32001,南京台,6,锦苏线,2024|source=data202405.csv|line=6|event=24,48.0,7.9,8.480799363057326,7.212031417612952,9.9,1.073518906716117,True,0.9432725060606714,0.1214129558381742,True,released,True,True
2024|source=data202405.csv|line=6|event=24|station=32011,2024,32011,溧阳台,6,锦苏线,2024|source=data202405.csv|line=6|event=24,48.0,8.5,9.67668789808917,8.095483353200388,11.115000000000002,1.1384338703634318,True,0.932524070475946,0.0784184635590112,True,released,True,True
2024|source=data202405.csv|line=6|event=24|station=50008,2024,50008,涪陵江东,6,锦苏线,2024|source=data202405.csv|line=6|event=24,48.0,9.8,8.593579617834394,8.065086540234068,9.160000000000004,0.8768958793708564,True,0.9178964050110168,0.1646577885589597,True,released,True,True
2024|source=data202405.csv|line=6|event=24|station=50009,2024,50009,石柱黄水,6,锦苏线,2024|source=data202405.csv|line=6|event=24,48.0,4.0,4.545165605095548,3.946422036560845,5.259999999999991,1.136291401273887,True,0.9414987890692555,0.2775996099672561,True,released,True,True
2024|source=data202405.csv|line=6|event=24|station=50023,2024,50023,重庆仙女山地震台,6,锦苏线,2024|source=data202405.csv|line=6|event=24,48.0,21.1,22.219757961783444,20.93064323312603,22.930000000000007,1.0530690977148551,True,0.9241911054367534,0.1854738941172651,True,released,True,True
2024|source=data202405.csv|line=6|event=26|station=32011,2024,32011,溧阳台,6,锦苏线,2024|source=data202405.csv|line=6|event=26,3.0,3.1,3.369999999999997,3.326124858620995,3.369999999999997,1.0870967741935476,True,0.9935613252993404,0.0295469823370179,True,released,True,True
2024|source=data202405.csv|line=6|event=26|station=50008,2024,50008,涪陵江东,6,锦苏线,2024|source=data202405.csv|line=6|event=26,3.0,3.6,2.960000000000001,2.950500000032846,2.960000000000001,0.8222222222222224,True,0.9939175607844848,0.042785729965529,True,released,True,True
2024|source=data202405.csv|line=6|event=26|station=50023,2024,50023,重庆仙女山地震台,6,锦苏线,2024|source=data202405.csv|line=6|event=26,3.0,7.7,7.810000000000002,7.477948746486654,7.870000000000003,,,0.9861027415872456,,True,structural_misfit,False,True
2024|source=data202405.csv|line=34|event=12|station=41004,2024,41004,信阳地震台,34,陕湖线,2024|source=data202405.csv|line=34|event=12,5.0,10.2,10.100000000000009,10.28581150755232,10.120000000000005,0.9901960784313736,True,0.9989239369389732,0.0914216109837327,False,released,True,True
2024|source=data202406.csv|line=17|event=3|station=44003,2024,44003,肇庆,17,糯广线,2024|source=data202406.csv|line=17|event=3,81.0,-3.1,-2.9174758687222493,-3.675029368493328,-3.069999999999709,0.9411212479749193,True,0.8792451118237443,0.2594148008221174,False,released,True,True
2024|source=data202407.csv|line=13|event=1|station=44003,2024,44003,肇庆,13,天广线,2024|source=data202407.csv|line=13|event=1,47.0,-4.7,-4.87998701298784,-5.449782039808837,-4.265000000003056,1.0382951091463488,True,0.9628316335169016,0.1371747901566704,False,released,True,True
2024|source=data202407.csv|line=13|event=2|station=44003,2024,44003,肇庆,13,天广线,2024|source=data202407.csv|line=13|event=2,50.0,-4.7,-5.619157608696696,-5.465168771777483,-5.579999999998108,1.1955654486588714,True,0.9759409663441914,0.1006172409684088,False,released,True,True
2024|source=data202408.csv|line=24|event=1|station=32019,2024,32019,高邮台,24,锡泰线,2024|source=data202408.csv|line=24|event=1,309.0,3.2,4.024394709543568,4.468565869442124,3.84,1.257623346732365,True,0.3762627076143225,0.0880974454202698,False,released,True,True
2024|source=data202409.csv|line=7|event=20|station=43002,2024,43002,邵阳,7,三广线,2024|source=data202409.csv|line=7|event=20,47.0,-7.3,-5.566300781249993,-5.600253315054492,-4.35499999999999,0.7625069563356155,True,0.988709158248186,0.1859555023994674,False,released,True,True
2024|source=data202409.csv|line=7|event=20|station=44003,2024,44003,肇庆,7,三广线,2024|source=data202409.csv|line=7|event=20,47.0,-3.5,-2.4318359375029104,-2.348211942236812,-0.7600000000020373,0.6948102678579744,True,0.9909433371724164,0.1757729437588233,False,released,True,True
2024|source=data202409.csv|line=7|event=20|station=44011,2024,44011,新丰江中心地震台,7,三广线,2024|source=data202409.csv|line=7|event=20,47.0,41.1,42.8097125,43.72072299774866,44.66,1.0415988442822386,True,0.9814570711192722,0.1280969811765295,True,released,True,True
2024|source=data202409.csv|line=7|event=20|station=45008,2024,45008,河池地震台,7,三广线,2024|source=data202409.csv|line=7|event=20,47.0,4.6,2.719134375001886,3.685525141819115,3.985000000000582,0.5911161684786709,True,0.928046665455581,0.3854585113685302,False,released,True,True
2024|source=data202409.csv|line=36|event=18|station=31002,2024,31002,崇明,36,白江线,2024|source=data202409.csv|line=36|event=18,3.0,-4.7,,-3.723476788370748,-3.2100000000000364,,,0.5552415728194166,,False,structural_misfit,False,True
2024|source=data202409.csv|line=36|event=18|station=32001,2024,32001,南京台,36,白江线,2024|source=data202409.csv|line=36|event=18,3.0,-81.3,-81.41499999999999,-81.84715711694034,-81.14500000000001,1.0014145141451414,True,0.9992539627872862,0.0703412535283797,True,released,True,True
2024|source=data202409.csv|line=36|event=18|station=32011,2024,32011,溧阳台,36,白江线,2024|source=data202409.csv|line=36|event=18,3.0,-52.1,-52.29,-51.73353334798141,-52.38,,,0.9977736459617536,,True,structural_misfit,False,True
2024|source=data202409.csv|line=36|event=18|station=32019,2024,32019,高邮台,36,白江线,2024|source=data202409.csv|line=36|event=18,3.0,6.0,,,6.55,,,,,False,invalid_window,False,True
2024|source=data202409.csv|line=36|event=18|station=41004,2024,41004,信阳地震台,36,白江线,2024|source=data202409.csv|line=36|event=18,3.0,11.2,11.044999999999998,10.79516213468312,11.11,,,0.9846278757093933,,False,structural_misfit,False,True
2024|source=data202409.csv|line=36|event=18|station=41011,2024,41011,潢川,36,白江线,2024|source=data202409.csv|line=36|event=18,3.0,8.1,8.285000000000025,7.8764728668415795,8.259999999999991,,,0.9648875156983868,,False,structural_misfit,False,True
2024|source=data202409.csv|line=36|event=18|station=42005,2024,42005,恩施,36,白江线,2024|source=data202409.csv|line=36|event=18,3.0,36.9,22.924999999999983,19.47294027960432,23.64999999999999,,,0.8579348493453489,,True,structural_misfit,False,True
2024|source=data202409.csv|line=36|event=18|station=50008,2024,50008,涪陵江东,36,白江线,2024|source=data202409.csv|line=36|event=18,3.0,21.5,20.14,20.213843759720707,20.135,,,0.9969762859228491,,True,structural_misfit,False,True
2024|source=data202409.csv|line=36|event=18|station=50009,2024,50009,石柱黄水,36,白江线,2024|source=data202409.csv|line=36|event=18,3.0,11.6,11.759999999999993,11.070046766788789,11.679999999999993,,,0.9507951408297036,,True,structural_misfit,False,True
2024|source=data202409.csv|line=36|event=18|station=50023,2024,50023,重庆仙女山地震台,36,白江线,2024|source=data202409.csv|line=36|event=18,3.0,59.2,,,59.17499999999996,,,,,True,invalid_window,False,True
2024|source=data202409.csv|line=29|event=6|station=41008,2024,41008,卢氏,29,海驻线,2024|source=data202409.csv|line=29|event=6,7.0,3.4,,,-10.965000000000003,,,,,False,structural_misfit,False,True
2024|source=data202409.csv|line=29|event=6|station=61008,2024,61008,周至楼观地震台,29,海驻线,2024|source=data202409.csv|line=29|event=6,7.0,3.3,,,-1.8100000000000025,,,,,False,structural_misfit,False,True
2024|source=data202409.csv|line=29|event=7|station=41008,2024,41008,卢氏,29,海驻线,2024|source=data202409.csv|line=29|event=7,6.0,4.2,,,-8.875,,,,,False,structural_misfit,False,True
2024|source=data202409.csv|line=29|event=7|station=61008,2024,61008,周至楼观地震台,29,海驻线,2024|source=data202409.csv|line=29|event=7,6.0,4.1,,,-1.1300000000000026,,,,,False,structural_misfit,False,True
2024|source=data202409.csv|line=29|event=8|station=41004,2024,41004,信阳地震台,29,海驻线,2024|source=data202409.csv|line=29|event=8,6.0,-4.2,-6.66,-6.231854056674969,-6.845000000000001,1.5857142857142856,True,0.9421223551134614,0.1289595037630956,False,released,True,True
2024|source=data202409.csv|line=29|event=8|station=41008,2024,41008,卢氏,29,海驻线,2024|source=data202409.csv|line=29|event=8,6.0,6.1,,-13.44477210201098,-10.759999999999993,,,0.9111903360555902,,False,structural_misfit,False,True
2024|source=data202409.csv|line=29|event=8|station=61008,2024,61008,周至楼观地震台,29,海驻线,2024|source=data202409.csv|line=29|event=8,6.0,6.0,-5.609999999999999,-5.526491189493332,-4.714999999999996,0.935,False,0.9927727360560972,0.1094436185670525,False,released,True,True
2024|source=data202410.csv|line=16|event=27|station=36001,2024,36001,南昌,16,溪浙线,2024|source=data202410.csv|line=16|event=27,33.0,-11.0,-10.289675403219007,-10.052575734140872,-11.319999999999707,,,0.9669545457826216,,False,structural_misfit,False,True
2024|source=data202410.csv|line=16|event=27|station=43002,2024,43002,邵阳,16,溪浙线,2024|source=data202410.csv|line=16|event=27,33.0,3.6,3.29125000000002,3.041999999999996,1.6899999999999975,0.9142361111111164,True,0.9969764548750804,0.0959282180242313,False,released,True,True
2024|source=data202410.csv|line=16|event=28|station=36001,2024,36001,南昌,16,溪浙线,2024|source=data202410.csv|line=16|event=28,47.0,-11.0,-14.515049418594572,-15.658203515128424,-11.904999999998836,,,0.9627730335649632,,False,structural_misfit,False,True
2024|source=data202410.csv|line=16|event=28|station=43002,2024,43002,邵阳,16,溪浙线,2024|source=data202410.csv|line=16|event=28,47.0,3.6,3.0900000000000034,3.5900092733576394,2.2399999999999807,0.8583333333333343,True,0.974608006223212,0.4254061802873959,False,released,True,True
2024|source=data202410.csv|line=2|event=32|station=32011,2024,32011,溧阳台,2,向上线,2024|source=data202410.csv|line=2|event=32,2.0,-4.5,,,-0.6600000000000001,,,,,True,structural_misfit,False,True
2024|source=data202410.csv|line=2|event=32|station=50008,2024,50008,涪陵江东,2,向上线,2024|source=data202410.csv|line=2|event=32,2.0,-4.7,,,-0.9899999999999984,,,,,True,structural_misfit,False,True
2024|source=data202410.csv|line=2|event=32|station=50023,2024,50023,重庆仙女山地震台,2,向上线,2024|source=data202410.csv|line=2|event=32,2.0,-10.6,,,-1.9049999999999727,,,,,True,structural_misfit,False,True
2024|source=data202410.csv|line=2|event=33|station=32011,2024,32011,溧阳台,2,向上线,2024|source=data202410.csv|line=2|event=33,2.0,4.6,,,0.3599999999999994,,,,,True,structural_misfit,False,True
2024|source=data202410.csv|line=2|event=33|station=50008,2024,50008,涪陵江东,2,向上线,2024|source=data202410.csv|line=2|event=33,2.0,4.7,,,0.0700000000000002,,,,,True,structural_misfit,False,True
2024|source=data202410.csv|line=2|event=33|station=50023,2024,50023,重庆仙女山地震台,2,向上线,2024|source=data202410.csv|line=2|event=33,2.0,10.7,,,0.6299999999999955,,,,,True,structural_misfit,False,True
2024|source=data202410.csv|line=12|event=2|station=44003,2024,44003,肇庆,12,贵广(肇)线,2024|source=data202410.csv|line=12|event=2,2.0,10.9,,,0.2000000000007276,,,,,False,structural_misfit,False,True
2024|source=data202410.csv|line=15|event=18|station=62149,2024,62149,古丰（台阵）,15,哈郑线,2024|source=data202410.csv|line=15|event=18,88.0,4.3,4.170063604240283,4.399218579601203,4.799999999999997,0.969782233544252,True,0.9756469709726572,0.1116914634474731,False,released,True,True
2024|source=data202410.csv|line=15|event=18|station=62151,2024,62151,横梁（台阵）,15,哈郑线,2024|source=data202410.csv|line=15|event=18,88.0,5.9,6.122075971731448,6.32151287312118,6.690000000000001,1.03763999520872,True,0.9498495478027812,0.0768685210843651,False,released,True,True
2024|source=data202410.csv|line=15|event=19|station=62149,2024,62149,古丰（台阵）,15,哈郑线,2024|source=data202410.csv|line=15|event=19,25.0,4.3,4.555000000000007,4.469418060613855,4.594999999999999,1.059302325581397,True,0.9573062092848909,0.1206079713830466,False,released,True,True
2024|source=data202410.csv|line=15|event=19|station=62151,2024,62151,横梁（台阵）,15,哈郑线,2024|source=data202410.csv|line=15|event=19,25.0,5.9,6.41,6.237976223147342,6.449999999999999,1.0864406779661016,True,0.9655367543402628,0.1052812674477324,False,released,True,True
2024|source=data202410.csv|line=15|event=20|station=62149,2024,62149,古丰（台阵）,15,哈郑线,2024|source=data202410.csv|line=15|event=20,21.0,-4.2,-4.519999999999996,-4.389469178208019,-4.530000000000001,1.0761904761904753,True,0.9850505996630168,0.0544968313435368,False,released,True,True
2024|source=data202410.csv|line=15|event=20|station=62151,2024,62151,横梁（台阵）,15,哈郑线,2024|source=data202410.csv|line=15|event=20,21.0,-5.8,-5.880000000000001,-5.869948115292702,-5.92,1.013793103448276,True,0.9931305568337956,0.0937466886129384,False,released,True,True
2024|source=data202410.csv|line=15|event=21|station=62149,2024,62149,古丰（台阵）,15,哈郑线,2024|source=data202410.csv|line=15|event=21,20.0,-4.2,-3.9499999999999886,-4.158101442896515,-3.9299999999999926,0.9404761904761876,True,0.9791739040352312,0.0591265146507969,False,released,True,True
2024|source=data202410.csv|line=15|event=21|station=62151,2024,62151,横梁（台阵）,15,哈郑线,2024|source=data202410.csv|line=15|event=21,20.0,-5.7,-5.760000000000002,-5.757348302332018,-5.760000000000002,1.010526315789474,True,0.9918133198947382,0.0773939227617759,False,released,True,True
2024|source=data202410.csv|line=15|event=22|station=62149,2024,62149,古丰（台阵）,15,哈郑线,2024|source=data202410.csv|line=15|event=22,2.0,-4.0,,,-3.8800000000000097,,,,,False,structural_misfit,False,True
2024|source=data202410.csv|line=15|event=22|station=62151,2024,62151,横梁（台阵）,15,哈郑线,2024|source=data202410.csv|line=15|event=22,2.0,-5.5,,,-5.754999999999999,,,,,False,structural_misfit,False,True
2024|source=data202410.csv|line=15|event=23|station=62149,2024,62149,古丰（台阵）,15,哈郑线,2024|source=data202410.csv|line=15|event=23,2.0,4.2,,,0.2950000000000017,,,,,False,structural_misfit,False,True
2024|source=data202410.csv|line=15|event=23|station=62151,2024,62151,横梁（台阵）,15,哈郑线,2024|source=data202410.csv|line=15|event=23,2.0,5.8,,,0.2899999999999991,,,,,False,structural_misfit,False,True
2024|source=data202410.csv|line=15|event=24|station=62149,2024,62149,古丰（台阵）,15,哈郑线,2024|source=data202410.csv|line=15|event=24,3.0,-4.3,,,-0.0600000000000022,,,,,False,structural_misfit,False,True
2024|source=data202410.csv|line=15|event=24|station=62151,2024,62151,横梁（台阵）,15,哈郑线,2024|source=data202410.csv|line=15|event=24,3.0,-5.9,,,-0.6550000000000011,,,,,False,structural_misfit,False,True
2024|source=data202410.csv|line=15|event=25|station=62149,2024,62149,古丰（台阵）,15,哈郑线,2024|source=data202410.csv|line=15|event=25,3.0,-4.6,-4.299999999999997,-3.893704699309033,-4.450000000000003,,,0.9184658979784706,,False,structural_misfit,False,True
2024|source=data202410.csv|line=15|event=25|station=62151,2024,62151,横梁（台阵）,15,哈郑线,2024|source=data202410.csv|line=15|event=25,3.0,-6.4,-5.890000000000001,-5.724073879872554,-5.859999999999999,0.9203125,True,0.9946879243115092,0.0784262723063362,False,released,True,True
2024|source=data202410.csv|line=15|event=26|station=62149,2024,62149,古丰（台阵）,15,哈郑线,2024|source=data202410.csv|line=15|event=26,27.0,4.7,3.4650000000000176,5.478863284662557,3.5600000000000023,0.7372340425531952,True,0.8339417085485539,0.1010457916709878,False,released,True,True
2024|source=data202410.csv|line=15|event=26|station=62151,2024,62151,横梁（台阵）,15,哈郑线,2024|source=data202410.csv|line=15|event=26,27.0,6.5,5.024999999999999,4.93370516065803,5.024999999999999,0.7730769230769229,True,0.7042456828310916,0.1197533227862368,False,released,True,True
2024|source=data202410.csv|line=12|event=3|station=44003,2024,44003,肇庆,12,贵广(肇)线,2024|source=data202410.csv|line=12|event=3,7.0,-11.1,-11.510000000002035,-11.598919877032632,-11.549999999999272,1.0369369369371204,True,0.9985455752642576,0.0651339369681157,False,released,True,True
2024|source=data202410.csv|line=12|event=4|station=44003,2024,44003,肇庆,12,贵广(肇)线,2024|source=data202410.csv|line=12|event=4,219.0,-10.9,,,-11.479999999999563,,,,,False,structural_misfit,False,True
2024|source=data202410.csv|line=12|event=5|station=44003,2024,44003,肇庆,12,贵广(肇)线,2024|source=data202410.csv|line=12|event=5,9.0,-11.1,-11.030000000002474,-10.749870417868038,-11.049999999999272,0.9936936936939166,True,0.9877443977035056,0.0308090237799105,False,released,True,True
2024|source=data202410.csv|line=12|event=6|station=44003,2024,44003,肇庆,12,贵广(肇)线,2024|source=data202410.csv|line=12|event=6,12.0,-11.0,-9.31000000000131,-10.26290397396629,-11.36999999999898,0.8463636363637554,True,0.9690422261548572,0.0625016921201131,False,released,True,True
2024|source=data202410.csv|line=12|event=8|station=44003,2024,44003,肇庆,12,贵广(肇)线,2024|source=data202410.csv|line=12|event=8,9.0,5.1,5.520000000000437,5.6460406486678885,5.5,1.0823529411765562,True,0.9968321878595894,0.0401358392249086,False,released,True,True
2024|source=data202410.csv|line=12|event=9|station=44003,2024,44003,肇庆,12,贵广(肇)线,2024|source=data202410.csv|line=12|event=9,33.0,-11.1,-11.786657366072175,-11.843387921007825,-11.895000000000437,1.0618610239704664,True,0.998218461469208,0.0724888492516613,False,released,True,True
2024|source=data202410.csv|line=12|event=10|station=44003,2024,44003,肇庆,12,贵广(肇)线,2024|source=data202410.csv|line=12|event=10,15.0,11.1,9.960000000002765,11.243300673278204,9.780000000002474,0.8972972972975464,True,0.8651840752595469,0.0645294410192449,False,released,True,True
2024|source=data202410.csv|line=12|event=11|station=44003,2024,44003,肇庆,12,贵广(肇)线,2024|source=data202410.csv|line=12|event=11,255.0,10.9,,,10.285000000003492,,,,,False,structural_misfit,False,True
2024|source=data202410.csv|line=12|event=15|station=44003,2024,44003,肇庆,12,贵广(肇)线,2024|source=data202410.csv|line=12|event=15,27.0,-5.5,-5.369999999998981,-5.8784033819357,-5.369999999998981,0.9763636363634512,True,0.8407622178582963,0.087089277783512,False,released,True,True
2024|source=data202410.csv|line=12|event=16|station=44003,2024,44003,肇庆,12,贵广(肇)线,2024|source=data202410.csv|line=12|event=16,11.0,10.9,11.979999999999563,11.51153492333618,12.049999999999272,1.0990825688072994,True,0.9825462421213416,0.1102152016380656,False,released,True,True
2024|source=data202410.csv|line=33|event=41|station=43002,2024,43002,邵阳,33,雅南线,2024|source=data202410.csv|line=33|event=41,4.0,-5.1,-5.365000000000009,-5.107142590407934,-5.400000000000006,1.0519607843137273,True,0.9914274797847344,0.081748429607518,False,released,True,True
2024|source=data202410.csv|line=19|event=29|station=41011,2024,41011,潢川,19,宁绍线,2024|source=data202410.csv|line=19|event=29,2.0,-14.3,,,-10.84499999999997,,,,,False,structural_misfit,False,True
2024|source=data202410.csv|line=19|event=30|station=41011,2024,41011,潢川,19,宁绍线,2024|source=data202410.csv|line=19|event=30,3.0,14.4,,,-0.0749999999999886,,,,,False,structural_misfit,False,True
2024|source=data202410.csv|line=19|event=31|station=41011,2024,41011,潢川,19,宁绍线,2024|source=data202410.csv|line=19|event=31,2.0,-14.7,,,-14.519999999999982,,,,,False,structural_misfit,False,True
2024|source=data202411.csv|line=12|event=1|station=44003,2024,44003,肇庆,12,贵广(肇)线,2024|source=data202411.csv|line=12|event=1,2.0,11.0,,,9.529999999998836,,,,,False,structural_misfit,False,True
2024|source=data202411.csv|line=28|event=4|station=41004,2024,41004,信阳地震台,28,昌宣线,2024|source=data202411.csv|line=28|event=4,2.0,-9.1,,,-0.9799999999999986,,,,,False,structural_misfit,False,True
2024|source=data202411.csv|line=28|event=4|station=41008,2024,41008,卢氏,28,昌宣线,2024|source=data202411.csv|line=28|event=4,2.0,4.6,,,-0.1949999999999931,,,,,False,structural_misfit,False,True
2024|source=data202411.csv|line=28|event=4|station=41011,2024,41011,潢川,28,昌宣线,2024|source=data202411.csv|line=28|event=4,2.0,13.6,,,5.310000000000002,,,,,False,structural_misfit,False,True
2024|source=data202411.csv|line=28|event=4|station=61010,2024,61010,泾阳地震台,28,昌宣线,2024|source=data202411.csv|line=28|event=4,2.0,-17.3,,,-0.664999999999992,,,,,False,structural_misfit,False,True
2024|source=data202411.csv|line=28|event=4|station=61160,2024,61160,乾陵地磁台,28,昌宣线,2024|source=data202411.csv|line=28|event=4,2.0,-5.8,,,-0.8900000000000006,,,,,False,structural_misfit,False,True
2024|source=data202411.csv|line=28|event=4|station=62149,2024,62149,古丰（台阵）,28,昌宣线,2024|source=data202411.csv|line=28|event=4,2.0,-4.8,,,-1.0,,,,,False,structural_misfit,False,True
2024|source=data202411.csv|line=28|event=4|station=62151,2024,62151,横梁（台阵）,28,昌宣线,2024|source=data202411.csv|line=28|event=4,2.0,-7.1,,,-6.860000000000001,,,,,False,structural_misfit,False,True
2024|source=data202411.csv|line=28|event=5|station=41004,2024,41004,信阳地震台,28,昌宣线,2024|source=data202411.csv|line=28|event=5,3.0,9.2,7.42,7.935254375015331,7.33,0.8065217391304348,True,0.9814316801133548,0.0646875895004589,False,released,True,True
2024|source=data202411.csv|line=28|event=5|station=41008,2024,41008,卢氏,28,昌宣线,2024|source=data202411.csv|line=28|event=5,3.0,-4.6,-5.575000000000017,-9.71013605584067,-5.39500000000001,,,0.6231676474281211,,False,structural_misfit,False,True
2024|source=data202411.csv|line=28|event=5|station=41011,2024,41011,潢川,28,昌宣线,2024|source=data202411.csv|line=28|event=5,3.0,-13.7,-13.450000000000015,-12.957821753313734,-13.430000000000035,,,0.99447047156127,,False,structural_misfit,False,True
2024|source=data202411.csv|line=28|event=5|station=61010,2024,61010,泾阳地震台,28,昌宣线,2024|source=data202411.csv|line=28|event=5,3.0,17.5,14.905,15.373181602267808,14.88000000000001,0.8517142857142858,True,0.9972932475764242,0.0465368498029921,False,released,True,True
2024|source=data202411.csv|line=28|event=5|station=61160,2024,61160,乾陵地磁台,28,昌宣线,2024|source=data202411.csv|line=28|event=5,3.0,5.9,4.959999999999994,5.178324597002954,4.664999999999999,,,0.9674359310946824,,False,structural_misfit,False,True
2024|source=data202411.csv|line=28|event=5|station=62149,2024,62149,古丰（台阵）,28,昌宣线,2024|source=data202411.csv|line=28|event=5,3.0,4.8,4.519999999999996,4.551635083318726,4.474999999999994,0.941666666666666,True,0.987803470281104,0.0793932456924858,False,released,True,True
2024|source=data202411.csv|line=28|event=5|station=62151,2024,62151,横梁（台阵）,28,昌宣线,2024|source=data202411.csv|line=28|event=5,3.0,7.2,,,-0.0850000000000008,,,,,False,weak_abstention,False,True
2024|source=data202411.csv|line=28|event=6|station=41004,2024,41004,信阳地震台,28,昌宣线,2024|source=data202411.csv|line=28|event=6,3.0,-8.9,-8.205,-7.637036610948275,-8.3,0.9219101123595506,True,0.9814925299933996,0.0676724421188653,False,released,True,True
2024|source=data202411.csv|line=28|event=6|station=41008,2024,41008,卢氏,28,昌宣线,2024|source=data202411.csv|line=28|event=6,3.0,4.5,3.760000000000005,4.428623397150144,3.710000000000008,,,0.4444035798426068,,False,structural_misfit,False,True
2024|source=data202411.csv|line=28|event=6|station=41011,2024,41011,潢川,28,昌宣线,2024|source=data202411.csv|line=28|event=6,3.0,13.2,12.569999999999991,12.922741129373597,12.569999999999991,0.9522727272727268,True,0.9939652735420252,0.0484788060304411,False,released,True,True
2024|source=data202411.csv|line=28|event=6|station=61010,2024,61010,泾阳地震台,28,昌宣线,2024|source=data202411.csv|line=28|event=6,3.0,-16.9,-15.505000000000004,-15.10531666057984,-15.485,0.9174556213017754,True,0.9971935574289742,0.1337662502928982,False,released,True,True
2024|source=data202411.csv|line=28|event=6|station=61160,2024,61160,乾陵地磁台,28,昌宣线,2024|source=data202411.csv|line=28|event=6,3.0,-5.7,-5.509999999999998,-5.093627261375476,-5.479999999999997,0.9666666666666665,True,0.9720631880532083,0.0609041653168261,False,released,True,True
2024|source=data202411.csv|line=28|event=6|station=62149,2024,62149,古丰（台阵）,28,昌宣线,2024|source=data202411.csv|line=28|event=6,3.0,-4.7,-4.780000000000001,-4.466601264947071,-4.844999999999999,1.017021276595745,True,0.9832050470287588,0.0733635137397364,False,released,True,True
2024|source=data202411.csv|line=28|event=6|station=62151,2024,62151,横梁（台阵）,28,昌宣线,2024|source=data202411.csv|line=28|event=6,3.0,-7.0,-6.615,-6.381183954228666,-6.245000000000001,0.945,True,0.9898106983211644,0.0575813362269848,False,released,True,True
2024|source=data202411.csv|line=28|event=7|station=41004,2024,41004,信阳地震台,28,昌宣线,2024|source=data202411.csv|line=28|event=7,3.0,-9.0,-8.565000000000001,-7.834499451173005,-8.59,0.9516666666666668,True,0.9771103881360492,0.0686613126503384,False,released,True,True
2024|source=data202411.csv|line=28|event=7|station=41008,2024,41008,卢氏,28,昌宣线,2024|source=data202411.csv|line=28|event=7,3.0,4.5,3.5799999999999983,4.561898946847352,3.049999999999997,,,0.8638032577700918,,False,structural_misfit,False,True
2024|source=data202411.csv|line=28|event=7|station=41011,2024,41011,潢川,28,昌宣线,2024|source=data202411.csv|line=28|event=7,3.0,13.4,12.27000000000001,12.845503043204646,12.23999999999998,0.9156716417910457,True,0.9925090163120944,0.0512579925104092,False,released,True,True
2024|source=data202411.csv|line=28|event=7|station=61010,2024,61010,泾阳地震台,28,昌宣线,2024|source=data202411.csv|line=28|event=7,3.0,-17.1,-15.960000000000008,-15.178924842767298,-16.020000000000003,0.9333333333333336,True,0.993479134233408,0.0786255918933893,False,released,True,True
2024|source=data202411.csv|line=28|event=7|station=61160,2024,61160,乾陵地磁台,28,昌宣线,2024|source=data202411.csv|line=28|event=7,3.0,-5.7,-6.244999999999997,-5.202813473525152,-6.254999999999996,1.0956140350877188,True,0.9114077706053896,0.0489520754098682,False,released,True,True
2024|source=data202411.csv|line=28|event=7|station=62149,2024,62149,古丰（台阵）,28,昌宣线,2024|source=data202411.csv|line=28|event=7,3.0,-4.7,,,-2.664999999999992,,,,,False,invalid_window,False,True
2024|source=data202411.csv|line=28|event=7|station=62151,2024,62151,横梁（台阵）,28,昌宣线,2024|source=data202411.csv|line=28|event=7,3.0,-7.0,-7.199999999999999,-6.734004113251637,-6.23,,,0.977846943415256,,False,structural_misfit,False,True
2024|source=data202411.csv|line=28|event=8|station=41004,2024,41004,信阳地震台,28,昌宣线,2024|source=data202411.csv|line=28|event=8,18.0,9.2,7.34,7.647518414396891,7.314999999999999,0.7978260869565218,True,0.9529847550034336,0.1585640468861238,False,released,True,True
2024|source=data202411.csv|line=28|event=8|station=41008,2024,41008,卢氏,28,昌宣线,2024|source=data202411.csv|line=28|event=8,18.0,-4.6,-5.109999999999999,-4.567470012341243,-5.009999999999998,1.1108695652173912,True,0.8381051285833094,0.1301234548859562,False,released,True,True
2024|source=data202411.csv|line=28|event=8|station=41011,2024,41011,潢川,28,昌宣线,2024|source=data202411.csv|line=28|event=8,18.0,-13.7,-13.860000000000014,-13.521001449241709,-13.900000000000006,1.011678832116789,True,0.965931533074048,0.085586938522057,False,released,True,True
2024|source=data202411.csv|line=28|event=8|station=61010,2024,61010,泾阳地震台,28,昌宣线,2024|source=data202411.csv|line=28|event=8,18.0,17.5,14.75,15.369853820528844,14.72,0.8428571428571429,True,0.9500057935897188,0.1130831167167377,False,released,True,True
2024|source=data202411.csv|line=28|event=8|station=61160,2024,61160,乾陵地磁台,28,昌宣线,2024|source=data202411.csv|line=28|event=8,18.0,5.9,4.300000000000004,7.839000000000007,4.355000000000004,0.7288135593220346,True,0.8218929101268058,0.0939505596080115,False,released,True,True
2024|source=data202411.csv|line=28|event=8|station=62149,2024,62149,古丰（台阵）,28,昌宣线,2024|source=data202411.csv|line=28|event=8,18.0,4.8,4.215000000000003,7.695000000000009,4.275000000000006,0.8781250000000007,True,0.8297177960553122,0.0822339051006137,False,released,True,True
2024|source=data202411.csv|line=28|event=8|station=62151,2024,62151,横梁（台阵）,28,昌宣线,2024|source=data202411.csv|line=28|event=8,18.0,7.2,5.739999999999998,5.186915919215553,5.149999999999999,0.7972222222222219,True,0.8435662894637377,0.0929819829957995,False,released,True,True
2024|source=data202411.csv|line=33|event=10|station=43002,2024,43002,邵阳,33,雅南线,2024|source=data202411.csv|line=33|event=10,22.0,-10.3,-9.819999999999991,-10.161859520034394,-9.799999999999985,0.9533980582524264,True,0.97372935247559,0.1030770904741284,False,released,True,True
2024|source=data202411.csv|line=33|event=9|station=43002,2024,43002,邵阳,33,雅南线,2024|source=data202411.csv|line=33|event=9,2.0,10.0,,,2.4650000000000034,,,,,False,structural_misfit,False,True
2024|source=data202411.csv|line=6|event=22|station=32011,2024,32011,溧阳台,6,锦苏线,2024|source=data202411.csv|line=6|event=22,2.0,3.7,,,2.43,,,,,True,structural_misfit,False,True
2024|source=data202411.csv|line=6|event=22|station=50008,2024,50008,涪陵江东,6,锦苏线,2024|source=data202411.csv|line=6|event=22,2.0,4.2,,,2.219999999999999,,,,,True,structural_misfit,False,True
2024|source=data202411.csv|line=6|event=22|station=50023,2024,50023,重庆仙女山地震台,6,锦苏线,2024|source=data202411.csv|line=6|event=22,2.0,9.1,,,6.980000000000018,,,,,True,structural_misfit,False,True
2024|source=data202411.csv|line=6|event=23|station=32011,2024,32011,溧阳台,6,锦苏线,2024|source=data202411.csv|line=6|event=23,19.0,-3.6,-3.855,-3.496663184336032,-3.68,1.0708333333333333,True,0.9727367236221932,0.0921283973156328,True,released,True,True
2024|source=data202411.csv|line=6|event=23|station=50008,2024,50008,涪陵江东,6,锦苏线,2024|source=data202411.csv|line=6|event=23,19.0,-4.1,-7.545000000000001,-6.822000000000001,-3.790000000000001,1.8402439024390247,True,0.9055463313649816,0.0829095662514771,True,released,True,True
2024|source=data202411.csv|line=6|event=23|station=50023,2024,50023,重庆仙女山地震台,6,锦苏线,2024|source=data202411.csv|line=6|event=23,19.0,-8.8,-12.25,-13.877859106186612,-9.564999999999998,1.3920454545454544,True,0.880632163554936,0.1653895138539872,True,released,True,True
2024|source=data202411.csv|line=16|event=2|station=36001,2024,36001,南昌,16,溪浙线,2024|source=data202411.csv|line=16|event=2,3.0,3.5,,,3.860000000000582,,,,,False,structural_misfit,False,True
2024|source=data202411.csv|line=36|event=11|station=32011,2024,32011,溧阳台,36,白江线,2024|source=data202411.csv|line=36|event=11,4.0,-10.1,,,-10.439999999999998,,,,,True,structural_misfit,False,True
2024|source=data202411.csv|line=36|event=11|station=42005,2024,42005,恩施,36,白江线,2024|source=data202411.csv|line=36|event=11,4.0,7.1,,,4.4750000000000005,,,,,True,structural_misfit,False,True
2024|source=data202411.csv|line=36|event=11|station=50008,2024,50008,涪陵江东,36,白江线,2024|source=data202411.csv|line=36|event=11,4.0,4.1,,,4.040000000000003,,,,,True,structural_misfit,False,True
2024|source=data202411.csv|line=36|event=11|station=50023,2024,50023,重庆仙女山地震台,36,白江线,2024|source=data202411.csv|line=36|event=11,4.0,11.4,,,11.850000000000025,,,,,True,structural_misfit,False,True
2024|source=data202411.csv|line=37|event=13|station=42005,2024,42005,恩施,37,白浙线,2024|source=data202411.csv|line=37|event=13,10.416666666666666,-4.0,-6.86,-6.870952140828702,-4.12,1.715,True,0.8877338079492944,0.0781535261187141,True,released,True,True
2024|source=data202411.csv|line=37|event=13|station=50008,2024,50008,涪陵江东,37,白浙线,2024|source=data202411.csv|line=37|event=13,10.416666666666666,-4.0,-4.219999999999999,-4.203378799021243,-4.105,1.0549999999999995,True,0.9561841456457308,0.1234800115308422,True,released,True,True
2024|source=data202411.csv|line=37|event=13|station=50023,2024,50023,重庆仙女山地震台,37,白浙线,2024|source=data202411.csv|line=37|event=13,10.416666666666666,-11.1,-12.069999999999991,-11.80502846428,-11.930000000000009,1.0873873873873867,True,0.9818704773187564,0.1596931255621994,True,released,True,True
2024|source=data202411.csv|line=37|event=14|station=42005,2024,42005,恩施,37,白浙线,2024|source=data202411.csv|line=37|event=14,12.5,4.1,9.04,9.779479336131107,5.67,2.204878048780488,True,0.9284881244363474,0.102997131312689,True,released,True,True
2024|source=data202411.csv|line=37|event=14|station=50008,2024,50008,涪陵江东,37,白浙线,2024|source=data202411.csv|line=37|event=14,12.5,4.1,4.285,4.3739318463868,4.300000000000001,1.0451219512195122,True,0.9913703392757822,0.1069742579561217,True,released,True,True
2024|source=data202411.csv|line=37|event=14|station=50023,2024,50023,重庆仙女山地震台,37,白浙线,2024|source=data202411.csv|line=37|event=14,12.5,11.4,11.930000000000009,11.9511456464552,11.965000000000032,1.046491228070176,True,0.9926081697502536,0.1989416594520645,True,released,True,True
2024|source=data202411.csv|line=37|event=15|station=42005,2024,42005,恩施,37,白浙线,2024|source=data202411.csv|line=37|event=15,13.95,4.2,5.034999999999999,5.431790400688237,3.45,1.1988095238095235,True,0.8670354281378979,0.1635279994414855,True,released,True,True
2024|source=data202411.csv|line=37|event=15|station=50008,2024,50008,涪陵江东,37,白浙线,2024|source=data202411.csv|line=37|event=15,13.95,4.2,3.950000000000003,4.074650988136026,3.990000000000002,0.9404761904761912,True,0.98886816149401,0.129203509115939,True,released,True,True
2024|source=data202411.csv|line=37|event=15|station=50023,2024,50023,重庆仙女山地震台,37,白浙线,2024|source=data202411.csv|line=37|event=15,13.95,11.6,11.620000000000005,11.610969148920772,11.70999999999998,1.0017241379310349,True,0.993843535777842,0.1638569529544707,True,released,True,True
2024|source=data202411.csv|line=37|event=16|station=42005,2024,42005,恩施,37,白浙线,2024|source=data202411.csv|line=37|event=16,2.0,4.2,3.92,1.818,1.0099999999999998,,,0.7111338797727815,,True,structural_misfit,False,True
2024|source=data202411.csv|line=37|event=16|station=50008,2024,50008,涪陵江东,37,白浙线,2024|source=data202411.csv|line=37|event=16,2.0,4.1,,,0.4500000000000028,,,,,True,weak_abstention,False,True
2024|source=data202411.csv|line=37|event=16|station=50023,2024,50023,重庆仙女山地震台,37,白浙线,2024|source=data202411.csv|line=37|event=16,2.0,11.5,11.560000000000002,2.3310000000000284,1.295000000000016,,,0.3751341267693016,,True,structural_misfit,False,True
2024|source=data202411.csv|line=37|event=17|station=42005,2024,42005,恩施,37,白浙线,2024|source=data202411.csv|line=37|event=17,1.933333333333333,-4.1,-4.23,-3.6045674950729385,-4.19,1.0317073170731708,True,0.9081495443536044,0.0466135757622149,True,released,True,True
2024|source=data202411.csv|line=37|event=17|station=50008,2024,50008,涪陵江东,37,白浙线,2024|source=data202411.csv|line=37|event=17,1.933333333333333,-4.1,-3.940000000000001,-3.978300839520904,-3.8500000000000014,0.960975609756098,True,0.9956133399916208,0.0463090913548063,True,released,True,True
2024|source=data202411.csv|line=37|event=17|station=50023,2024,50023,重庆仙女山地震台,37,白浙线,2024|source=data202411.csv|line=37|event=17,1.933333333333333,-11.4,-11.46999999999997,-11.108582854366311,-11.435000000000002,,,0.990207428071771,,True,structural_misfit,False,True
2024|source=data202411.csv|line=37|event=18|station=42005,2024,42005,恩施,37,白浙线,2024|source=data202411.csv|line=37|event=18,2.533333333333333,4.1,4.65,3.6938640667406113,4.83,,,0.8232999608092901,,True,structural_misfit,False,True
2024|source=data202411.csv|line=37|event=18|station=50008,2024,50008,涪陵江东,37,白浙线,2024|source=data202411.csv|line=37|event=18,2.533333333333333,4.1,4.080000000000002,3.9528485525928008,4.099999999999998,0.9951219512195127,True,0.9888575087164806,0.0637900982885582,True,released,True,True
2024|source=data202411.csv|line=37|event=18|station=50023,2024,50023,重庆仙女山地震台,37,白浙线,2024|source=data202411.csv|line=37|event=18,2.533333333333333,11.4,11.810000000000002,11.170598879703094,11.95999999999998,,,0.9886447955128932,,True,structural_misfit,False,True
2024|source=data202411.csv|line=37|event=19|station=42005,2024,42005,恩施,37,白浙线,2024|source=data202411.csv|line=37|event=19,2.5,4.2,4.535,3.638145840932953,4.745,,,0.8372795104647549,,True,structural_misfit,False,True
2024|source=data202411.csv|line=37|event=19|station=50008,2024,50008,涪陵江东,37,白浙线,2024|source=data202411.csv|line=37|event=19,2.5,4.1,4.100000000000001,4.037969400001276,4.085000000000001,1.0000000000000004,True,0.9944517984972008,0.0622809191911095,True,released,True,True
2024|source=data202411.csv|line=37|event=19|station=50023,2024,50023,重庆仙女山地震台,37,白浙线,2024|source=data202411.csv|line=37|event=19,2.5,11.5,11.710000000000036,11.234453952965824,11.77000000000004,1.0182608695652209,True,0.9916858918692344,0.0335999017469271,True,released,True,True
2024|source=data202411.csv|line=37|event=20|station=42005,2024,42005,恩施,37,白浙线,2024|source=data202411.csv|line=37|event=20,7.333333333333333,-4.2,-7.83,-8.024637677700952,-4.955,1.8642857142857143,True,0.8886819703843178,0.0463265335748232,True,released,True,True
2024|source=data202411.csv|line=37|event=20|station=50008,2024,50008,涪陵江东,37,白浙线,2024|source=data202411.csv|line=37|event=20,7.333333333333333,-4.1,-3.934999999999999,-4.0068785086700105,-3.9049999999999976,0.9597560975609754,True,0.9867032359184568,0.0634889529352794,True,released,True,True
2024|source=data202411.csv|line=37|event=20|station=50023,2024,50023,重庆仙女山地震台,37,白浙线,2024|source=data202411.csv|line=37|event=20,7.333333333333333,-11.6,-11.765000000000043,-11.506449358040188,-11.635000000000048,1.0142241379310382,True,0.9872774927921044,0.1037894617642909,True,released,True,True
2024|source=data202412.csv|line=36|event=19|station=32011,2024,32011,溧阳台,36,白江线,2024|source=data202412.csv|line=36|event=19,2.0,-10.6,,,-1.6100000000000012,,,,,True,structural_misfit,False,True
2024|source=data202412.csv|line=36|event=19|station=42005,2024,42005,恩施,36,白江线,2024|source=data202412.csv|line=36|event=19,2.0,7.5,,,1.1800000000000015,,,,,True,structural_misfit,False,True
2024|source=data202412.csv|line=36|event=19|station=50008,2024,50008,涪陵江东,36,白江线,2024|source=data202412.csv|line=36|event=19,2.0,4.4,,,-0.7300000000000004,,,,,True,structural_misfit,False,True
2024|source=data202412.csv|line=36|event=19|station=50023,2024,50023,重庆仙女山地震台,36,白江线,2024|source=data202412.csv|line=36|event=19,2.0,12.0,,,1.1100000000000136,,,,,True,structural_misfit,False,True
2024|source=data202412.csv|line=36|event=20|station=32011,2024,32011,溧阳台,36,白江线,2024|source=data202412.csv|line=36|event=20,54.0,-10.5,-10.554663623595506,-11.039910724404608,-10.29,1.0052060593900485,True,0.9896162765300112,0.1453153787413408,True,released,True,True
2024|source=data202412.csv|line=36|event=20|station=42005,2024,42005,恩施,36,白江线,2024|source=data202412.csv|line=36|event=20,54.0,7.5,5.976688904494383,6.424062209478113,6.370000000000001,0.7968918539325843,True,0.906816115980824,0.4434705461662735,True,released,True,True
2024|source=data202412.csv|line=36|event=20|station=50008,2024,50008,涪陵江东,36,白江线,2024|source=data202412.csv|line=36|event=20,54.0,4.3,4.175241573033706,3.4427938471447166,3.575,0.97098641233342,True,0.8641329002195931,0.0838362885661318,True,released,True,True
2024|source=data202412.csv|line=36|event=20|station=50023,2024,50023,重庆仙女山地震台,36,白江线,2024|source=data202412.csv|line=36|event=20,54.0,12.0,11.829442415730284,11.35267988673662,11.519999999999982,0.9857868679775236,True,0.979952656529508,0.2466499359216469,True,released,True,True
2024|source=data202412.csv|line=12|event=2|station=44003,2024,44003,肇庆,12,贵广(肇)线,2024|source=data202412.csv|line=12|event=2,2.0,11.5,,,10.444999999999707,,,,,False,structural_misfit,False,True
2024|source=data202412.csv|line=14|event=4|station=44011,2024,44011,新丰江中心地震台,14,溪广线,2024|source=data202412.csv|line=14|event=4,72.0,-11.1,-11.03181768558952,-11.655727460251308,-11.11,0.993857449152209,True,0.985947068148728,0.1381896628189051,True,released,True,True
2024|source=data202412.csv|line=5|event=64|station=32011,2024,32011,溧阳台,5,三上线,2024|source=data202412.csv|line=5|event=64,65.0,4.7,4.6325999999999965,4.495540296197917,4.789999999999999,0.9856595744680844,True,0.9336342812812236,0.0834809866935444,True,released,True,True
2024|source=data202412.csv|line=5|event=73|station=32011,2024,32011,溧阳台,5,三上线,2024|source=data202412.csv|line=5|event=73,2.0,-3.7,,,-1.215,,,,,True,structural_misfit,False,True
2024|source=data202412.csv|line=5|event=76|station=32011,2024,32011,溧阳台,5,三上线,2024|source=data202412.csv|line=5|event=76,24.0,-7.0,,,-6.715000000000003,,,,,True,structural_misfit,False,True
2024|source=data202412.csv|line=5|event=77|station=32011,2024,32011,溧阳台,5,三上线,2024|source=data202412.csv|line=5|event=77,24.0,7.1,,,7.390000000000001,,,,,True,structural_misfit,False,True
2024|source=data202412.csv|line=5|event=80|station=32011,2024,32011,溧阳台,5,三上线,2024|source=data202412.csv|line=5|event=80,6.0,3.4,3.410000000000004,3.4415338523600183,3.3599999999999994,1.0029411764705891,True,0.9899282171394804,0.1002283220224551,True,released,True,True
2024|source=data202412.csv|line=5|event=81|station=32011,2024,32011,溧阳台,5,三上线,2024|source=data202412.csv|line=5|event=81,4.0,3.4,3.5900000000000034,3.6617057031133617,3.509999999999998,1.0558823529411776,True,0.992009146793462,0.0938579222694502,True,released,True,True
2024|source=data202412.csv|line=5|event=89|station=32011,2024,32011,溧阳台,5,三上线,2024|source=data202412.csv|line=5|event=89,5.0,-3.4,,,-2.414999999999999,,,,,True,structural_misfit,False,True
2024|source=data202412.csv|line=5|event=91|station=32011,2024,32011,溧阳台,5,三上线,2024|source=data202412.csv|line=5|event=91,57.0,3.0,,,2.7349999999999994,,,,,True,structural_misfit,False,True
2024|source=data202412.csv|line=5|event=92|station=32011,2024,32011,溧阳台,5,三上线,2024|source=data202412.csv|line=5|event=92,6.0,3.8,3.7249999999999934,3.9529647066598304,3.729999999999997,0.9802631578947354,True,0.96468782913567,0.0852070909960675,True,released,True,True
2024|source=data202412.csv|line=5|event=93|station=32011,2024,32011,溧阳台,5,三上线,2024|source=data202412.csv|line=5|event=93,10.0,-3.6,-4.59,-3.907164826166796,-4.379999999999999,1.275,True,0.918584403788524,0.1054265029819436,True,released,True,True
2024|source=data202412.csv|line=11|event=1|station=44003,2024,44003,肇庆,11,贵广(深)线,2024|source=data202412.csv|line=11|event=1,36.85,4.1,3.768718592960795,3.434463045822735,4.004999999997381,0.9191996568197062,True,0.985057364147828,0.1453059535098891,False,released,True,True
2024|source=data202412.csv|line=5|event=109|station=32011,2024,32011,溧阳台,5,三上线,2024|source=data202412.csv|line=5|event=109,18.0,-14.4,-15.010000000000002,-14.703794562332702,-14.955000000000002,1.0423611111111113,True,0.9963525410284808,0.1430873089955516,True,released,True,True
2024|source=data202412.csv|line=5|event=109|station=41004,2024,41004,信阳地震台,5,三上线,2024|source=data202412.csv|line=5|event=109,18.0,-3.2,-4.125,-4.851397977871867,-3.869999999999999,1.2890625,True,0.857471617910746,0.0739730561328268,False,released,True,True
2024|source=data202412.csv|line=5|event=109|station=41011,2024,41011,潢川,5,三上线,2024|source=data202412.csv|line=5|event=109,18.0,-4.2,,,-4.310000000000002,,,,,False,invalid_window,False,True
2025|line=4|event=680|date=20250125|station=32001,2025,32001,南京台,4,三常线,2025|line=4|event=680|date=20250125,391.0,-7.3,,,-9.409999999999997,,,,,True,structural_misfit,False,True
2025|line=4|event=680|date=20250125|station=32011,2025,32011,溧阳台,4,三常线,2025|line=4|event=680|date=20250125,391.0,-7.6,,,-9.665000000000006,,,,,True,structural_misfit,False,True
2025|line=14|event=20|date=20250206|station=44011,2025,44011,新丰江中心地震台,14,溪广线,2025|line=14|event=20|date=20250206,54.0,-6.3,-5.905764285714291,-6.184998036754387,-6.255000000000003,0.937422902494332,True,0.985375680650752,0.1434970409110653,True,released,True,True
2025|line=7|event=1233|date=20250208|station=44011,2025,44011,新丰江中心地震台,7,三广线,2025|line=7|event=1233|date=20250208,49.0,-8.2,-10.62395703125,-10.165489877629971,-10.564999999999998,1.2956045160060978,True,0.989192051302428,0.1464266267321304,True,released,True,True
2025|line=14|event=21|date=20250210|station=44011,2025,44011,新丰江中心地震台,14,溪广线,2025|line=14|event=21|date=20250210,64.0,-9.8,-10.470959756097564,-10.09919447363375,-10.395000000000003,1.0684652812344453,True,0.9837998977128164,0.1429927166585779,True,released,True,True
2025|line=12|event=4|date=20250307|station=44003,2025,44003,肇庆,12,贵广(肇)线,2025|line=12|event=4|date=20250307,3.0,7.1,11.984999999996944,10.841188357550855,12.6150000000016,,,0.9265963967250732,,False,structural_misfit,False,True
2025|line=32|event=69|date=20250308|station=44011,2025,44011,新丰江中心地震台,32,昆柳龙3,2025|line=32|event=69|date=20250308,58.0,10.7,10.692363636363634,11.36550979062974,10.61,0.99928632115548,True,0.9637290163441438,0.2660207526804363,True,released,True,True
2025|line=32|event=70|date=20250308|station=44011,2025,44011,新丰江中心地震台,32,昆柳龙3,2025|line=32|event=70|date=20250308,36.0,10.4,10.622148760330576,10.518223988946485,10.599999999999994,1.0213604577240938,True,0.9953586782791892,0.1213993928381135,True,released,True,True
2025|line=36|event=242|date=20250315|station=32001,2025,32001,南京台,36,白江线,2025|line=36|event=242|date=20250315,246.0,-42.5,-42.67587287024902,-40.17655180014184,-42.71000000000001,1.00413818518233,True,0.972902087812296,0.2739045966904741,True,released,True,True
2025|line=36|event=242|date=20250315|station=32011,2025,32011,溧阳台,36,白江线,2025|line=36|event=242|date=20250315,246.0,-27.2,-27.72574426605505,-26.418170305069747,-27.745000000000005,1.0193288333108474,True,0.97322848563407,0.2946168607401724,True,released,True,True
2025|line=36|event=242|date=20250315|station=32019,2025,32019,高邮台,36,白江线,2025|line=36|event=242|date=20250315,246.0,3.1,3.762588466579288,3.356565640205264,3.6899999999999977,1.2137382150255769,True,0.8914749604908131,0.0760238618940964,False,released,True,True
2025|line=36|event=242|date=20250315|station=41004,2025,41004,信阳地震台,36,白江线,2025|line=36|event=242|date=20250315,246.0,5.9,6.00829882044561,5.676809631717201,5.93,1.018355732278917,True,0.9599127938820178,0.1669498909295183,False,released,True,True
2025|line=36|event=242|date=20250315|station=41011,2025,41011,潢川,36,白江线,2025|line=36|event=242|date=20250315,246.0,4.3,5.035871559633051,4.776911600079067,4.909999999999968,1.1711329208448955,True,0.5360380410726174,0.0822308776571969,False,released,True,True
2025|line=36|event=242|date=20250315|station=42005,2025,42005,恩施,36,白江线,2025|line=36|event=242|date=20250315,246.0,19.3,20.93058256880733,20.1588127992476,18.765,1.0844861434615198,True,0.8780101298330725,0.3111241065672387,True,released,True,True
2025|line=36|event=242|date=20250315|station=50008,2025,50008,涪陵江东,36,白江线,2025|line=36|event=242|date=20250315,246.0,11.2,11.60215596330275,11.53988382441138,11.529999999999994,1.0359067824377457,True,0.9571062161057884,0.3349523136120534,True,released,True,True
2025|line=36|event=242|date=20250315|station=50009,2025,50009,石柱黄水,36,白江线,2025|line=36|event=242|date=20250315,246.0,6.0,7.537463302752315,7.55707390577501,7.335000000000008,1.2562438837920524,True,0.9520389065179984,0.275909348546412,True,released,True,True
2025|line=36|event=242|date=20250315|station=50023,2025,50023,重庆仙女山地震台,36,白江线,2025|line=36|event=242|date=20250315,246.0,30.9,32.4054787024902,31.267972578486543,32.28000000000003,1.0487209936080972,True,0.9736261645201298,0.4056777055143959,True,released,True,True
2025|line=12|event=5|date=20250317|station=44003,2025,44003,肇庆,12,贵广(肇)线,2025|line=12|event=5|date=20250317,2.0,13.8,,,11.409999999996217,,,,,False,structural_misfit,False,True
2025|line=12|event=6|date=20250318|station=44003,2025,44003,肇庆,12,贵广(肇)线,2025|line=12|event=6|date=20250318,2.0,-8.5,,,-5.450000000000728,,,,,False,structural_misfit,False,True
2025|line=34|event=85|date=20250320|station=41004,2025,41004,信阳地震台,34,陕湖线,2025|line=34|event=85|date=20250320,171.0,30.7,30.50468504672897,28.273984093529965,30.50999999999999,0.9936379494048524,True,0.948993959500161,0.1666056879532074,False,released,True,True
2025|line=34|event=85|date=20250320|station=61004,2025,61004,榆林台,34,陕湖线,2025|line=34|event=85|date=20250320,171.0,-5.9,-5.141474065420553,-5.135425754244689,-4.935000000000002,0.87143628227467,True,0.9447358274196274,0.2570081756351236,False,released,True,True
2025|line=6|event=1229|date=20250321|station=32001,2025,32001,南京台,6,锦苏线,2025|line=6|event=1229|date=20250321,2.0,-15.5,,,-15.435000000000002,,,,,True,structural_misfit,False,True
2025|line=6|event=1229|date=20250321|station=32011,2025,32011,溧阳台,6,锦苏线,2025|line=6|event=1229|date=20250321,2.0,-16.6,,,-17.950000000000003,,,,,True,structural_misfit,False,True
2025|line=6|event=1229|date=20250321|station=32019,2025,32019,高邮台,6,锦苏线,2025|line=6|event=1229|date=20250321,2.0,-3.1,,,-3.1000000000000014,,,,,False,structural_misfit,False,True
2025|line=6|event=1229|date=20250321|station=36001,2025,36001,南昌,6,锦苏线,2025|line=6|event=1229|date=20250321,2.0,4.2,,,3.650000000001455,,,,,False,structural_misfit,False,True
2025|line=6|event=1229|date=20250321|station=41004,2025,41004,信阳地震台,6,锦苏线,2025|line=6|event=1229|date=20250321,2.0,-3.1,,,-1.93,,,,,False,structural_misfit,False,True
2025|line=6|event=1229|date=20250321|station=42005,2025,42005,恩施,6,锦苏线,2025|line=6|event=1229|date=20250321,2.0,-4.7,,,-2.140000000000001,,,,,True,structural_misfit,False,True
2025|line=6|event=1229|date=20250321|station=50008,2025,50008,涪陵江东,6,锦苏线,2025|line=6|event=1229|date=20250321,2.0,-19.2,,,-15.490000000000002,,,,,True,structural_misfit,False,True
2025|line=6|event=1229|date=20250321|station=50009,2025,50009,石柱黄水,6,锦苏线,2025|line=6|event=1229|date=20250321,2.0,-7.9,,,-7.065000000000026,,,,,True,structural_misfit,False,True
2025|line=6|event=1229|date=20250321|station=50023,2025,50023,重庆仙女山地震台,6,锦苏线,2025|line=6|event=1229|date=20250321,2.0,-41.2,,,-40.94499999999999,,,,,True,structural_misfit,False,True
2025|line=16|event=32|date=20250322|station=36001,2025,36001,南昌,16,溪浙线,2025|line=16|event=32|date=20250322,56.0,-8.2,-8.546155440410075,-7.947036278679436,-8.439999999995052,1.04221407809879,True,0.9412227873866104,0.1815101667392559,False,released,True,True
2025|line=16|event=33|date=20250331|station=36001,2025,36001,南昌,16,溪浙线,2025|line=16|event=33|date=20250331,62.0,-11.6,-12.041373878928423,-11.468403101760629,-13.370000000009895,,,0.9552406540816628,,False,structural_misfit,False,True
2025|line=16|event=33|date=20250331|station=43002,2025,43002,邵阳,16,溪浙线,2025|line=16|event=33|date=20250331,62.0,3.8,3.47946636771303,2.8260000000000387,1.5700000000000216,0.915649044135008,True,0.9949652468232404,0.1542528858777625,False,released,True,True
2025|line=4|event=682|date=20250401|station=32001,2025,32001,南京台,4,三常线,2025|line=4|event=682|date=20250401,36.0,5.5,5.838115702479342,6.0087649205888605,5.844999999999999,1.0614755822689714,True,0.9816562650470624,0.1434828406638182,True,released,True,True
2025|line=4|event=682|date=20250401|station=32011,2025,32011,溧阳台,4,三常线,2025|line=4|event=682|date=20250401,36.0,5.7,5.8852944214876,6.237736366921436,5.914999999999999,1.0325077932434386,True,0.9757436833820804,0.1281333896568611,True,released,True,True
2025|line=2|event=39|date=20250402|station=50023,2025,50023,重庆仙女山地震台,2,向上线,2025|line=2|event=39|date=20250402,3.0,-6.6,,,-4.939999999999998,,,,,True,structural_misfit,False,True
2025|line=2|event=41|date=20250402|station=32001,2025,32001,南京台,2,向上线,2025|line=2|event=41|date=20250402,2.0,3.8,,,0.1050000000000039,,,,,True,structural_misfit,False,True
2025|line=2|event=41|date=20250402|station=32011,2025,32011,溧阳台,2,向上线,2025|line=2|event=41|date=20250402,2.0,4.5,,,-0.615000000000002,,,,,True,structural_misfit,False,True
2025|line=2|event=41|date=20250402|station=50008,2025,50008,涪陵江东,2,向上线,2025|line=2|event=41|date=20250402,2.0,4.7,,,1.1899999999999975,,,,,True,structural_misfit,False,True
2025|line=2|event=41|date=20250402|station=50023,2025,50023,重庆仙女山地震台,2,向上线,2025|line=2|event=41|date=20250402,2.0,10.7,,,2.3500000000000227,,,,,True,structural_misfit,False,True
2025|line=12|event=7|date=20250404|station=44003,2025,44003,肇庆,12,贵广(肇)线,2025|line=12|event=7|date=20250404,2.0,24.4,,,20.649999999997817,,,,,False,structural_misfit,False,True
2025|line=12|event=7|date=20250404|station=53095,2025,53095,富源台,12,贵广(肇)线,2025|line=12|event=7|date=20250404,2.0,-3.1,,,-0.6050000000032014,,,,,False,structural_misfit,False,True
2025|line=38|event=345|date=20250408|station=41006,2025,41006,浚县,38,陇山线（陇东-山东）,2025|line=38|event=345|date=20250408,26.0,-4.3,-4.510000000000019,-4.6538693531151605,-4.530000000000001,1.0488372093023302,True,0.971652213014613,0.2075820277620492,False,released,True,True
2025|line=38|event=346|date=20250408|station=41006,2025,41006,浚县,38,陇山线（陇东-山东）,2025|line=38|event=346|date=20250408,23.0,-4.3,-4.400000000000006,-4.3428071200068725,-4.39500000000001,1.0232558139534895,True,0.988461036638617,0.0957839041774539,False,released,True,True
2025|line=38|event=347|date=20250408|station=41006,2025,41006,浚县,38,陇山线（陇东-山东）,2025|line=38|event=347|date=20250408,18.0,-4.2,-4.600000000000023,-4.680243094247601,-4.45999999999998,1.095238095238101,True,0.9816995018763413,0.1704608795386252,False,released,True,True
2025|line=38|event=349|date=20250408|station=41006,2025,41006,浚县,38,陇山线（陇东-山东）,2025|line=38|event=349|date=20250408,7.0,-4.3,-5.02000000000001,-4.536233149297099,-5.050000000000011,1.1674418604651189,True,0.9885424507821295,0.0946813280450659,False,released,True,True
2025|line=38|event=350|date=20250408|station=41006,2025,41006,浚县,38,陇山线（陇东-山东）,2025|line=38|event=350|date=20250408,17.0,-4.3,-3.670000000000016,-4.489110828610995,-3.670000000000016,0.853488372093027,True,0.9469178492092892,0.345115039479447,False,released,True,True
2025|line=38|event=353|date=20250409|station=41006,2025,41006,浚县,38,陇山线（陇东-山东）,2025|line=38|event=353|date=20250409,28.0,-4.3,-5.3700000000000045,-6.201439579909262,-5.02000000000001,1.2488372093023268,True,0.9041229740550945,0.190990395606672,False,released,True,True
2025|line=38|event=354|date=20250409|station=41006,2025,41006,浚县,38,陇山线（陇东-山东）,2025|line=38|event=354|date=20250409,25.0,-4.3,-5.025000000000006,-6.28306450932737,-4.585000000000008,1.168604651162792,True,0.8162674326347121,0.0826144020106473,False,released,True,True
2025|line=38|event=357|date=20250409|station=41006,2025,41006,浚县,38,陇山线（陇东-山东）,2025|line=38|event=357|date=20250409,11.0,-4.3,-4.110000000000014,-4.359390460091704,-4.110000000000014,0.9558139534883752,True,0.968951074674459,0.1201306144886247,False,released,True,True
2025|line=38|event=359|date=20250409|station=41006,2025,41006,浚县,38,陇山线（陇东-山东）,2025|line=38|event=359|date=20250409,10.0,-4.0,-3.789999999999964,-4.173507336119489,-3.7649999999999855,0.9474999999999908,True,0.9546453474915986,0.1636964412640296,False,released,True,True
2025|line=38|event=361|date=20250409|station=41006,2025,41006,浚县,38,陇山线（陇东-山东）,2025|line=38|event=361|date=20250409,32.0,-4.7,-4.834834782608681,-4.871212592239211,-3.819999999999993,1.0286882516188682,True,0.9884639964816364,0.1380199134577716,False,released,True,True
2025|line=38|event=368|date=20250409|station=41006,2025,41006,浚县,38,陇山线（陇东-山东）,2025|line=38|event=368|date=20250409,79.0,4.2,,,4.570000000000022,,,,,False,structural_misfit,False,True
2025|line=38|event=371|date=20250410|station=41006,2025,41006,浚县,38,陇山线（陇东-山东）,2025|line=38|event=371|date=20250410,24.0,-4.3,-3.3400000000000034,-5.851614201442796,-3.3899999999999864,0.7767441860465124,True,0.7795132300150585,0.1615085914234878,False,released,True,True
2025|line=38|event=376|date=20250410|station=41006,2025,41006,浚县,38,陇山线（陇东-山东）,2025|line=38|event=376|date=20250410,10.0,4.3,4.360000000000014,4.272678631919113,4.310000000000002,1.0139534883720962,True,0.9843703570390128,0.0664943317192984,False,released,True,True
2025|line=38|event=377|date=20250410|station=41006,2025,41006,浚县,38,陇山线（陇东-山东）,2025|line=38|event=377|date=20250410,19.0,4.3,4.230000000000018,4.007717972971843,4.230000000000018,0.9837209302325624,True,0.9861896107141942,0.1032694266474684,False,released,True,True
2025|line=38|event=378|date=20250410|station=41006,2025,41006,浚县,38,陇山线（陇东-山东）,2025|line=38|event=378|date=20250410,20.0,4.3,4.340000000000003,4.3304824665075685,4.3700000000000045,1.0093023255813962,True,0.9931898285866562,0.0888761655138434,False,released,True,True
2025|line=38|event=379|date=20250410|station=41006,2025,41006,浚县,38,陇山线（陇东-山东）,2025|line=38|event=379|date=20250410,17.0,4.2,4.469999999999999,4.449842482580339,4.420000000000016,1.064285714285714,True,0.9950026655817148,0.0730564538203001,False,released,True,True
2025|line=38|event=383|date=20250411|station=41006,2025,41006,浚县,38,陇山线（陇东-山东）,2025|line=38|event=383|date=20250411,24.0,4.3,,,3.319999999999993,,,,,False,structural_misfit,False,True
2025|line=38|event=384|date=20250411|station=41006,2025,41006,浚县,38,陇山线（陇东-山东）,2025|line=38|event=384|date=20250411,30.0,4.3,,,4.339999999999975,,,,,False,structural_misfit,False,True
2025|line=38|event=386|date=20250411|station=41006,2025,41006,浚县,38,陇山线（陇东-山东）,2025|line=38|event=386|date=20250411,36.0,4.3,4.375293388429753,4.338492549869359,5.159999999999997,1.0175100903325007,True,0.993210711619688,0.159582089619345,False,released,True,True
2025|line=38|event=388|date=20250411|station=41006,2025,41006,浚县,38,陇山线（陇东-山东）,2025|line=38|event=388|date=20250411,136.0,4.3,,,4.77000000000001,,,,,False,structural_misfit,False,True
2025|line=2|event=43|date=20250415|station=32001,2025,32001,南京台,2,向上线,2025|line=2|event=43|date=20250415,84.0,-8.3,-9.01296356088561,-10.659617786785924,-8.760000000000005,1.0858992242030854,True,0.8591275001310432,0.1371068234444031,True,released,True,True
2025|line=2|event=43|date=20250415|station=32011,2025,32011,溧阳台,2,向上线,2025|line=2|event=43|date=20250415,84.0,-9.9,-10.198738007380072,-11.6917260639137,-9.894999999999996,1.030175556301017,True,0.8499108028283218,0.1913190080082148,True,released,True,True
2025|line=2|event=43|date=20250415|station=36001,2025,36001,南昌,2,向上线,2025|line=2|event=43|date=20250415,84.0,4.2,2.530568265683541,1.5262773208087337,2.444999999999709,0.6025162537341765,True,0.3696600169134877,0.1632850834458562,False,released,True,True
2025|line=2|event=43|date=20250415|station=42005,2025,42005,恩施,2,向上线,2025|line=2|event=43|date=20250415,84.0,-4.2,,,-0.1699999999999981,,,,,True,weak_abstention,False,True
2025|line=2|event=43|date=20250415|station=50008,2025,50008,涪陵江东,2,向上线,2025|line=2|event=43|date=20250415,84.0,-10.3,-10.507077490774904,-12.934687690297505,-9.179999999999993,1.020104610754845,True,0.9126547120778308,0.1395366223709672,True,released,True,True
2025|line=2|event=43|date=20250415|station=50009,2025,50009,石柱黄水,2,向上线,2025|line=2|event=43|date=20250415,84.0,-4.2,-5.940435424354234,-7.09933785441305,-4.094999999999999,1.414389386751008,True,0.8981901499444942,0.3251335165298816,True,released,True,True
2025|line=2|event=43|date=20250415|station=50023,2025,50023,重庆仙女山地震台,2,向上线,2025|line=2|event=43|date=20250415,84.0,-23.4,-24.411203874538785,-27.39317362764324,-23.71499999999997,1.0432138407922558,True,0.9578478763023228,0.0788917822757817,True,released,True,True
2025|line=38|event=430|date=20250416|station=41006,2025,41006,浚县,38,陇山线（陇东-山东）,2025|line=38|event=430|date=20250416,10.0,-3.5,,,-2.539999999999992,,,,,False,structural_misfit,False,True
2025|line=38|event=431|date=20250416|station=41006,2025,41006,浚县,38,陇山线（陇东-山东）,2025|line=38|event=431|date=20250416,19.0,3.6,,,3.8100000000000014,,,,,False,structural_misfit,False,True
2025|line=38|event=433|date=20250416|station=41006,2025,41006,浚县,38,陇山线（陇东-山东）,2025|line=38|event=433|date=20250416,10.0,4.5,,,2.6599999999999966,,,,,False,structural_misfit,False,True
2025|line=38|event=449|date=20250419|station=41006,2025,41006,浚县,38,陇山线（陇东-山东）,2025|line=38|event=449|date=20250419,3.0,-4.3,-4.460000000000008,-4.153645590216602,-4.490000000000009,1.0372093023255833,True,0.9817626369528986,0.0562656603855196,False,released,True,True
2025|line=38|event=450|date=20250419|station=41006,2025,41006,浚县,38,陇山线（陇东-山东）,2025|line=38|event=450|date=20250419,17.0,-4.2,,,-3.890000000000015,,,,,False,structural_misfit,False,True
2025|line=2|event=45|date=20250422|station=32001,2025,32001,南京台,2,向上线,2025|line=2|event=45|date=20250422,35.0,-8.9,-9.116136363636356,-8.752951470018328,-8.829999999999998,1.0242849846782425,True,0.9825963978784508,0.1103839677338104,True,released,True,True
2025|line=2|event=45|date=20250422|station=32011,2025,32011,溧阳台,2,向上线,2025|line=2|event=45|date=20250422,35.0,-10.6,-10.407993801652893,-9.813644761235624,-10.185000000000002,0.9818862077031032,True,0.9810476309403124,0.1391056254417673,True,released,True,True
2025|line=2|event=45|date=20250422|station=36001,2025,36001,南昌,2,向上线,2025|line=2|event=45|date=20250422,35.0,4.4,3.2006363636319293,3.131792038552079,2.7949999999982538,,,0.9166309778172804,,False,structural_misfit,False,True
2025|line=2|event=45|date=20250422|station=42005,2025,42005,恩施,2,向上线,2025|line=2|event=45|date=20250422,35.0,-4.4,-3.351933884297523,-2.2590000000000043,-1.2550000000000026,0.7618031555221643,True,0.8334510663500732,0.3268347236755714,True,released,True,True
2025|line=2|event=45|date=20250422|station=50008,2025,50008,涪陵江东,2,向上线,2025|line=2|event=45|date=20250422,35.0,-11.0,-10.454621900826448,-11.19068021045009,-10.170000000000002,0.9504201728024044,True,0.9712231594758892,0.2193598443697332,True,released,True,True
2025|line=2|event=45|date=20250422|station=50009,2025,50009,石柱黄水,2,向上线,2025|line=2|event=45|date=20250422,35.0,-4.4,-4.847233471074389,-5.275681396181703,-4.289999999999992,1.1016439706987249,True,0.9681108978620232,0.2823643215558117,True,released,True,True
2025|line=2|event=45|date=20250422|station=50023,2025,50023,重庆仙女山地震台,2,向上线,2025|line=2|event=45|date=20250422,35.0,-25.0,-25.405657024793413,-26.187888938069584,-25.129999999999995,1.0162262809917366,True,0.9781744185170282,0.4718794482143114,True,released,True,True
2025|line=34|event=86|date=20250422|station=41004,2025,41004,信阳地震台,34,陕湖线,2025|line=34|event=86|date=20250422,2.0,10.3,,,10.045000000000009,,,,,False,structural_misfit,False,True
2025|line=34|event=87|date=20250422|station=41004,2025,41004,信阳地震台,34,陕湖线,2025|line=34|event=87|date=20250422,27.0,-10.1,-10.32,-9.961171040549736,-10.329999999999998,1.0217821782178218,True,0.9975547104358624,0.1038135368632133,False,released,True,True
2025|line=38|event=455|date=20250424|station=41006,2025,41006,浚县,38,陇山线（陇东-山东）,2025|line=38|event=455|date=20250424,15.0,14.2,14.72,14.100897628884336,14.595,1.036619718309859,True,0.989148855557372,0.1658975207253549,False,released,True,True
2025|line=38|event=458|date=20250427|station=41006,2025,41006,浚县,38,陇山线（陇东-山东）,2025|line=38|event=458|date=20250427,464.0,3.6,,,2.890000000000015,,,,,False,structural_misfit,False,True
2025|line=38|event=460|date=20250427|station=41006,2025,41006,浚县,38,陇山线（陇东-山东）,2025|line=38|event=460|date=20250427,118.0,3.5,4.281799872122804,3.1083563696556875,4.590000000000003,1.2233713920350868,True,0.8270270951237835,0.1362193736047969,False,released,True,True
2025|line=22|event=47|date=20250512|station=42005,2025,42005,恩施,22,酒湖线,2025|line=22|event=47|date=20250512,2.35,-4.9,,,-0.4550000000000018,,,,,True,weak_abstention,False,True
2025|line=22|event=47|date=20250512|station=51105,2025,51105,巴中,22,酒湖线,2025|line=22|event=47|date=20250512,2.35,-3.4,,-2.1761053511394204,-1.4150000000000065,,,0.9784105990085842,,False,structural_misfit,False,True
2025|line=22|event=47|date=20250512|station=61008,2025,61008,周至楼观地震台,22,酒湖线,2025|line=22|event=47|date=20250512,2.35,5.8,6.485000000000007,5.757188115142349,6.379999999999988,,,0.945286997966083,,False,structural_misfit,False,True
2025|line=22|event=47|date=20250512|station=62001,2025,62001,兰州,22,酒湖线,2025|line=22|event=47|date=20250512,2.35,-20.1,,-1.386211669932849,-0.8149999999950523,,,0.0517722849668922,,False,structural_misfit,False,True
2025|line=22|event=47|date=20250512|station=62151,2025,62151,横梁（台阵）,22,酒湖线,2025|line=22|event=47|date=20250512,2.35,-55.2,-57.8,-57.7345863870804,-57.87,,,0.9981066493924512,,False,structural_misfit,False,True
2025|line=22|event=47|date=20250512|station=62171,2025,62171,临夏地磁（台阵）,22,酒湖线,2025|line=22|event=47|date=20250512,2.35,-6.2,-6.76,-6.234139535364784,-6.655,,,0.9353780322988088,,False,structural_misfit,False,True
2025|line=22|event=47|date=20250512|station=62239,2025,62239,肃北地磁台,22,酒湖线,2025|line=22|event=47|date=20250512,2.35,-3.7,-3.210000000000001,-3.1529397082987245,-3.1750000000000043,0.8675675675675678,True,0.9781453508467386,0.0368759277925967,False,released,True,True
2025|line=39|event=465|date=20250513|station=62001,2025,62001,兰州,39,哈渝线,2025|line=39|event=465|date=20250513,104.0,3.1,,,0.0,,,,,False,weak_abstention,False,True
2025|line=39|event=465|date=20250513|station=62149,2025,62149,古丰（台阵）,39,哈渝线,2025|line=39|event=465|date=20250513,104.0,3.0,2.7569461538461537,2.600750350367676,2.83,0.9189820512820512,True,0.7578968879031733,0.0837491335180116,False,released,True,True
2025|line=39|event=465|date=20250513|station=62151,2025,62151,横梁（台阵）,39,哈渝线,2025|line=39|event=465|date=20250513,104.0,12.2,11.320214230769231,11.234926871813869,11.494999999999996,0.9278864123581336,True,0.9886991361184172,0.099959594483828,False,released,True,True
2025|line=39|event=466|date=20250513|station=62001,2025,62001,兰州,39,哈渝线,2025|line=39|event=466|date=20250513,43.0,3.0,,,0.4899999999979627,,,,,False,weak_abstention,False,True
2025|line=39|event=466|date=20250513|station=62151,2025,62151,横梁（台阵）,39,哈渝线,2025|line=39|event=466|date=20250513,43.0,11.9,11.79004316546763,12.189932005556727,12.14,0.9907599298712294,True,0.9967171919372034,0.2550381266329433,False,released,True,True
2025|line=39|event=467|date=20250513|station=62001,2025,62001,兰州,39,哈渝线,2025|line=39|event=467|date=20250513,103.0,-3.0,,,2.7599999999947613,,,,,False,invalid_window,False,True
2025|line=39|event=467|date=20250513|station=62151,2025,62151,横梁（台阵）,39,哈渝线,2025|line=39|event=467|date=20250513,103.0,-11.8,-11.310860501567396,-10.658569489935909,-11.36,0.9585475001328302,True,0.8960840517054289,0.0875503117972447,False,released,True,True
2025|line=39|event=468|date=20250514|station=62001,2025,62001,兰州,39,哈渝线,2025|line=39|event=468|date=20250514,35.0,-3.0,,,0.1050000000032014,,,,,False,weak_abstention,False,True
2025|line=39|event=468|date=20250514|station=62151,2025,62151,横梁（台阵）,39,哈渝线,2025|line=39|event=468|date=20250514,35.0,-11.9,-11.74972499999999,-11.521985035338782,-11.93,0.987371848739495,True,0.9983725060559296,0.1062993119992267,False,released,True,True
2025|line=39|event=469|date=20250514|station=51105,2025,51105,巴中,39,哈渝线,2025|line=39|event=469|date=20250514,21.0,-4.8,-5.760000000000005,-6.81021825881154,-5.435000000000002,1.200000000000001,True,0.89683330835898,0.2365155330150157,False,released,True,True
2025|line=39|event=469|date=20250514|station=62001,2025,62001,兰州,39,哈渝线,2025|line=39|event=469|date=20250514,21.0,6.1,,,-0.235000000000582,,,,,False,weak_abstention,False,True
2025|line=39|event=469|date=20250514|station=62149,2025,62149,古丰（台阵）,39,哈渝线,2025|line=39|event=469|date=20250514,21.0,5.8,5.07,5.008503497370228,4.865,0.8741379310344828,True,0.9086130061504174,0.2435853603707163,False,released,True,True
2025|line=39|event=469|date=20250514|station=62151,2025,62151,横梁（台阵）,39,哈渝线,2025|line=39|event=469|date=20250514,21.0,24.0,22.58,22.34644312111389,22.54,0.9408333333333332,True,0.9975330270328336,0.1030347877298531,False,released,True,True
2025|line=39|event=470|date=20250514|station=51105,2025,51105,巴中,39,哈渝线,2025|line=39|event=470|date=20250514,11.0,4.7,5.009999999999991,4.756307946517779,4.924999999999997,1.065957446808509,True,0.9893381286991344,0.1301357958489095,False,released,True,True
2025|line=39|event=470|date=20250514|station=62001,2025,62001,兰州,39,哈渝线,2025|line=39|event=470|date=20250514,11.0,-5.9,6.294999999998254,2.25,0.625,,,0.2840336050049318,,False,structural_misfit,False,True
2025|line=39|event=470|date=20250514|station=62149,2025,62149,古丰（台阵）,39,哈渝线,2025|line=39|event=470|date=20250514,11.0,-5.7,-5.59,-5.976933676133202,-5.595,0.9807017543859649,True,0.9833219544831392,0.0652092121643022,False,released,True,True
2025|line=39|event=470|date=20250514|station=62151,2025,62151,横梁（台阵）,39,哈渝线,2025|line=39|event=470|date=20250514,11.0,-23.4,-22.935,-23.303518554483688,-22.890000000000004,0.9801282051282052,True,0.9984618591257064,0.0993870995327537,False,released,True,True
2025|line=39|event=471|date=20250514|station=51105,2025,51105,巴中,39,哈渝线,2025|line=39|event=471|date=20250514,20.0,4.9,,,5.0,,,,,False,structural_misfit,False,True
2025|line=39|event=471|date=20250514|station=62001,2025,62001,兰州,39,哈渝线,2025|line=39|event=471|date=20250514,20.0,-6.1,,,0.0100000000020372,,,,,False,structural_misfit,False,True
2025|line=39|event=471|date=20250514|station=62149,2025,62149,古丰（台阵）,39,哈渝线,2025|line=39|event=471|date=20250514,20.0,-5.9,,,-5.48,,,,,False,structural_misfit,False,True
2025|line=39|event=471|date=20250514|station=62151,2025,62151,横梁（台阵）,39,哈渝线,2025|line=39|event=471|date=20250514,20.0,-24.3,,,-23.12,,,,,False,structural_misfit,False,True
2025|line=39|event=472|date=20250514|station=51105,2025,51105,巴中,39,哈渝线,2025|line=39|event=472|date=20250514,12.0,4.7,,,5.394999999999982,,,,,False,structural_misfit,False,True
2025|line=39|event=472|date=20250514|station=62001,2025,62001,兰州,39,哈渝线,2025|line=39|event=472|date=20250514,12.0,-5.9,,,0.6649999999935972,,,,,False,structural_misfit,False,True
2025|line=39|event=472|date=20250514|station=62149,2025,62149,古丰（台阵）,39,哈渝线,2025|line=39|event=472|date=20250514,12.0,-5.7,,,-5.065,,,,,False,structural_misfit,False,True
2025|line=39|event=472|date=20250514|station=62151,2025,62151,横梁（台阵）,39,哈渝线,2025|line=39|event=472|date=20250514,12.0,-23.4,,,0.3900000000000005,,,,,False,structural_misfit,False,True
2025|line=39|event=473|date=20250514|station=51105,2025,51105,巴中,39,哈渝线,2025|line=39|event=473|date=20250514,27.0,4.6,,,2.9650000000000034,,,,,False,invalid_window,False,True
2025|line=39|event=473|date=20250514|station=62001,2025,62001,兰州,39,哈渝线,2025|line=39|event=473|date=20250514,27.0,-5.8,,,1.2099999999991269,,,,,False,structural_misfit,False,True
2025|line=39|event=473|date=20250514|station=62149,2025,62149,古丰（台阵）,39,哈渝线,2025|line=39|event=473|date=20250514,27.0,-5.6,,,-5.1850000000000005,,,,,False,structural_misfit,False,True
2025|line=39|event=473|date=20250514|station=62151,2025,62151,横梁（台阵）,39,哈渝线,2025|line=39|event=473|date=20250514,27.0,-23.0,,,0.4400000000000013,,,,,False,structural_misfit,False,True
2025|line=39|event=474|date=20250514|station=51105,2025,51105,巴中,39,哈渝线,2025|line=39|event=474|date=20250514,39.0,5.0,3.85654330708661,4.945278958229326,3.614999999999995,0.7713086614173221,True,0.9255683077958248,0.359826104955629,False,released,True,True
2025|line=39|event=474|date=20250514|station=62001,2025,62001,兰州,39,哈渝线,2025|line=39|event=474|date=20250514,39.0,-6.3,,,-0.5149999999994179,,,,,False,invalid_window,False,True
2025|line=39|event=474|date=20250514|station=62149,2025,62149,古丰（台阵）,39,哈渝线,2025|line=39|event=474|date=20250514,39.0,-6.0,-7.357442913385828,-6.902951560518745,-6.825000000000001,1.2262404855643048,True,0.9711093163501948,0.0682785761432104,False,released,True,True
2025|line=39|event=474|date=20250514|station=62151,2025,62151,横梁（台阵）,39,哈渝线,2025|line=39|event=474|date=20250514,39.0,-24.9,-25.103228346456696,-24.940420829636828,-24.47,1.0081617809821968,True,0.9965535650036992,0.0966988923409427,False,released,True,True
2025|line=39|event=475|date=20250514|station=51105,2025,51105,巴中,39,哈渝线,2025|line=39|event=475|date=20250514,29.0,4.8,5.539999999999992,5.448869257573224,5.509999999999991,1.154166666666665,True,0.9900484553391574,0.1486739015189874,False,released,True,True
2025|line=39|event=475|date=20250514|station=62001,2025,62001,兰州,39,哈渝线,2025|line=39|event=475|date=20250514,29.0,-6.1,3.354999999995925,4.004999998721989,2.2250000000058208,,,0.137609912948462,,False,structural_misfit,False,True
2025|line=39|event=475|date=20250514|station=62149,2025,62149,古丰（台阵）,39,哈渝线,2025|line=39|event=475|date=20250514,29.0,-5.9,-5.215,-8.85840905470371,-5.209999999999999,0.8838983050847457,True,0.6839071736089031,0.0595735464694932,False,released,True,True
2025|line=39|event=475|date=20250514|station=62151,2025,62151,横梁（台阵）,39,哈渝线,2025|line=39|event=475|date=20250514,29.0,-24.1,-23.200000000000003,-23.727984070315184,-23.22,0.9626556016597512,True,0.9890236875009164,0.132301641176371,False,released,True,True
2025|line=39|event=477|date=20250514|station=62151,2025,62151,横梁（台阵）,39,哈渝线,2025|line=39|event=477|date=20250514,4.0,-4.8,,,-2.594999999999999,,,,,False,invalid_window,False,True
2025|line=39|event=479|date=20250514|station=62001,2025,62001,兰州,39,哈渝线,2025|line=39|event=479|date=20250514,89.0,-3.0,,,-5.334999999999127,,,,,False,structural_misfit,False,True
2025|line=39|event=479|date=20250514|station=62151,2025,62151,横梁（台阵）,39,哈渝线,2025|line=39|event=479|date=20250514,89.0,-11.9,,,-11.699999999999996,,,,,False,structural_misfit,False,True
2025|line=39|event=480|date=20250514|station=51105,2025,51105,巴中,39,哈渝线,2025|line=39|event=480|date=20250514,8.0,4.8,5.355000000000004,5.208922597502587,5.234999999999999,1.115625000000001,True,0.9882579684849754,0.0717405103493556,False,released,True,True
2025|line=39|event=480|date=20250514|station=62001,2025,62001,兰州,39,哈渝线,2025|line=39|event=480|date=20250514,8.0,-6.0,,,-0.0199999999967985,,,,,False,weak_abstention,False,True
2025|line=39|event=480|date=20250514|station=62149,2025,62149,古丰（台阵）,39,哈渝线,2025|line=39|event=480|date=20250514,8.0,-5.8,-5.84,-5.848488763744967,-5.830000000000002,1.006896551724138,True,0.9987979460939836,0.0657211852516312,False,released,True,True
2025|line=39|event=480|date=20250514|station=62151,2025,62151,横梁（台阵）,39,哈渝线,2025|line=39|event=480|date=20250514,8.0,-23.8,-23.54,-23.5149433939981,-23.53,0.9890756302521008,True,0.9998475702352696,0.0794638444218696,False,released,True,True
2025|line=39|event=481|date=20250514|station=51105,2025,51105,巴中,39,哈渝线,2025|line=39|event=481|date=20250514,26.0,4.8,5.160000000000004,5.095157543971057,5.155000000000001,1.0750000000000008,True,0.9823044029614492,0.1419129381929358,False,released,True,True
2025|line=39|event=481|date=20250514|station=62001,2025,62001,兰州,39,哈渝线,2025|line=39|event=481|date=20250514,26.0,-6.0,,,0.110000000000582,,,,,False,weak_abstention,False,True
2025|line=39|event=481|date=20250514|station=62149,2025,62149,古丰（台阵）,39,哈渝线,2025|line=39|event=481|date=20250514,26.0,-5.8,-5.889999999999997,-5.902449066636859,-5.889999999999997,1.01551724137931,True,0.9977907508860124,0.0646268415014016,False,released,True,True
2025|line=39|event=481|date=20250514|station=62151,2025,62151,横梁（台阵）,39,哈渝线,2025|line=39|event=481|date=20250514,26.0,-23.8,-23.585,-23.57183399695236,-23.595,0.990966386554622,True,0.9998052176515564,0.0679977473856748,False,released,True,True
2025|line=39|event=482|date=20250514|station=51105,2025,51105,巴中,39,哈渝线,2025|line=39|event=482|date=20250514,18.0,4.7,5.550000000000004,5.829799011122337,5.57,1.180851063829788,True,0.9581503778024568,0.0669685570538814,False,released,True,True
2025|line=39|event=482|date=20250514|station=62001,2025,62001,兰州,39,哈渝线,2025|line=39|event=482|date=20250514,18.0,-6.0,,,-0.055000000000291,,,,,False,weak_abstention,False,True
2025|line=39|event=482|date=20250514|station=62149,2025,62149,古丰（台阵）,39,哈渝线,2025|line=39|event=482|date=20250514,18.0,-5.7,-5.969999999999999,-5.980521853602534,-6.0,1.0473684210526313,True,0.9977040489997332,0.0736002224624128,False,released,True,True
2025|line=39|event=482|date=20250514|station=62151,2025,62151,横梁（台阵）,39,哈渝线,2025|line=39|event=482|date=20250514,18.0,-23.6,-23.62,-23.850170684305606,-23.63,1.000847457627119,True,0.9992456768644876,0.0666042395233165,False,released,True,True
2025|line=39|event=483|date=20250514|station=62001,2025,62001,兰州,39,哈渝线,2025|line=39|event=483|date=20250514,56.0,-3.3,,,-4.089999999996508,,,,,False,structural_misfit,False,True
2025|line=39|event=483|date=20250514|station=62149,2025,62149,古丰（台阵）,39,哈渝线,2025|line=39|event=483|date=20250514,56.0,-3.2,,,-3.735000000000003,,,,,False,structural_misfit,False,True
2025|line=39|event=483|date=20250514|station=62151,2025,62151,横梁（台阵）,39,哈渝线,2025|line=39|event=483|date=20250514,56.0,-13.0,,,-11.880000000000004,,,,,False,structural_misfit,False,True
2025|line=39|event=484|date=20250514|station=51105,2025,51105,巴中,39,哈渝线,2025|line=39|event=484|date=20250514,15.0,4.7,5.400000000000006,5.655879475762256,5.390000000000008,1.1489361702127672,True,0.9875499136352412,0.1999612758282634,False,released,True,True
2025|line=39|event=484|date=20250514|station=62001,2025,62001,兰州,39,哈渝线,2025|line=39|event=484|date=20250514,15.0,-5.9,-0.0849999999991268,-2.080000000001746,-0.5400000000008731,0.0144067796608689,True,0.4300325038512895,0.1641570544223251,False,released,True,True
2025|line=39|event=484|date=20250514|station=62149,2025,62149,古丰（台阵）,39,哈渝线,2025|line=39|event=484|date=20250514,15.0,-5.6,-5.960000000000001,-5.947492470837933,-5.989999999999998,1.0642857142857145,True,0.99739252777328,0.0703458149327577,False,released,True,True
2025|line=39|event=484|date=20250514|station=62151,2025,62151,横梁（台阵）,39,哈渝线,2025|line=39|event=484|date=20250514,15.0,-23.2,-23.75,-23.722557803477176,-23.77,1.0237068965517242,True,0.9997751339289648,0.0937043005349284,False,released,True,True
2025|line=39|event=485|date=20250514|station=51105,2025,51105,巴中,39,哈渝线,2025|line=39|event=485|date=20250514,11.0,4.6,,,5.369999999999997,,,,,False,structural_misfit,False,True
2025|line=39|event=485|date=20250514|station=62001,2025,62001,兰州,39,哈渝线,2025|line=39|event=485|date=20250514,11.0,-5.8,,,-0.2200000000011641,,,,,False,structural_misfit,False,True
2025|line=39|event=485|date=20250514|station=62149,2025,62149,古丰（台阵）,39,哈渝线,2025|line=39|event=485|date=20250514,11.0,-5.6,,,-5.890000000000001,,,,,False,structural_misfit,False,True
2025|line=39|event=485|date=20250514|station=62151,2025,62151,横梁（台阵）,39,哈渝线,2025|line=39|event=485|date=20250514,11.0,-23.0,,,-23.300000000000004,,,,,False,structural_misfit,False,True
2025|line=6|event=1231|date=20250514|station=32001,2025,32001,南京台,6,锦苏线,2025|line=6|event=1231|date=20250514,3.0,3.1,3.269999999999996,3.1336574951627565,3.259999999999991,1.054838709677418,True,0.9903353569231512,0.0415496996953283,True,released,True,True
2025|line=6|event=1231|date=20250514|station=32011,2025,32011,溧阳台,6,锦苏线,2025|line=6|event=1231|date=20250514,3.0,3.4,3.740000000000002,3.708305579082938,3.740000000000002,1.1000000000000003,True,0.993505295446694,0.0416997390931928,True,released,True,True
2025|line=6|event=1231|date=20250514|station=50008,2025,50008,涪陵江东,6,锦苏线,2025|line=6|event=1231|date=20250514,3.0,3.9,3.4400000000000013,3.313540751043452,3.4450000000000003,0.8820512820512824,True,0.9830138582677646,0.0479697047949155,True,released,True,True
2025|line=6|event=1231|date=20250514|station=50023,2025,50023,重庆仙女山地震台,6,锦苏线,2025|line=6|event=1231|date=20250514,3.0,8.3,8.910000000000025,8.393105822962756,9.02000000000004,,,0.9800423001900794,,True,structural_misfit,False,True
2025|line=39|event=486|date=20250515|station=62001,2025,62001,兰州,39,哈渝线,2025|line=39|event=486|date=20250515,20.0,-3.0,-1.9599999999991269,-2.139999999999417,-0.569999999999709,,,0.1113597508656626,,False,structural_misfit,False,True
2025|line=39|event=486|date=20250515|station=62151,2025,62151,横梁（台阵）,39,哈渝线,2025|line=39|event=486|date=20250515,20.0,-11.8,-12.240000000000002,-11.472937612024824,-12.36,1.0372881355932204,True,0.9291649954641944,0.1009417398723739,False,released,True,True
2025|line=39|event=487|date=20250515|station=62001,2025,62001,兰州,39,哈渝线,2025|line=39|event=487|date=20250515,55.0,-3.0,-2.289227528090123,-2.169000000003143,-1.2050000000017462,,,0.5260627301896671,,False,structural_misfit,False,True
2025|line=39|event=487|date=20250515|station=62151,2025,62151,横梁（台阵）,39,哈渝线,2025|line=39|event=487|date=20250515,55.0,-11.7,-12.604404494382024,-13.28326747726334,-12.55,1.077299529434361,True,0.978390563826002,0.0887080881287897,False,released,True,True
2025|line=39|event=488|date=20250515|station=62151,2025,62151,横梁（台阵）,39,哈渝线,2025|line=39|event=488|date=20250515,2.0,-11.6,-11.420000000000002,-11.6641844837113,-11.290000000000004,,,0.9977854586727064,,False,structural_misfit,False,True
2025|line=39|event=489|date=20250515|station=62151,2025,62151,横梁（台阵）,39,哈渝线,2025|line=39|event=489|date=20250515,1.0,-10.7,,,-0.7349999999999994,,,,,False,structural_misfit,False,True
2025|line=39|event=490|date=20250515|station=62001,2025,62001,兰州,39,哈渝线,2025|line=39|event=490|date=20250515,10.0,-3.0,,,0.0099999999947613,,,,,False,weak_abstention,False,True
2025|line=39|event=490|date=20250515|station=62151,2025,62151,横梁（台阵）,39,哈渝线,2025|line=39|event=490|date=20250515,10.0,-12.0,-11.29,-11.730843196447628,-11.28,0.9408333333333332,True,0.9922690995258864,0.1025990203240987,False,released,True,True
2025|line=39|event=491|date=20250515|station=62151,2025,62151,横梁（台阵）,39,哈渝线,2025|line=39|event=491|date=20250515,21.0,-11.5,-11.339999999999996,-11.848100750805642,-11.32,0.9860869565217388,True,0.9601732076306848,0.0841321543295875,False,released,True,True
2025|line=39|event=492|date=20250515|station=62001,2025,62001,兰州,39,哈渝线,2025|line=39|event=492|date=20250515,242.0,-3.0,,,-1.0099999999947613,,,,,False,structural_misfit,False,True
2025|line=39|event=492|date=20250515|station=62151,2025,62151,横梁（台阵）,39,哈渝线,2025|line=39|event=492|date=20250515,242.0,-11.7,,,-11.53,,,,,False,structural_misfit,False,True
2025|line=39|event=493|date=20250515|station=62151,2025,62151,横梁（台阵）,39,哈渝线,2025|line=39|event=493|date=20250515,52.0,-3.0,-3.0304387755102056,-3.0872494527423258,-2.770000000000003,1.0101462585034018,True,0.9105664904746046,0.1262797495123466,False,released,True,True
2025|line=39|event=494|date=20250516|station=62001,2025,62001,兰州,39,哈渝线,2025|line=39|event=494|date=20250516,65.0,3.1,,,-0.4099999999962165,,,,,False,weak_abstention,False,True
2025|line=39|event=494|date=20250516|station=62151,2025,62151,横梁（台阵）,39,哈渝线,2025|line=39|event=494|date=20250516,65.0,12.1,11.598599999999998,11.492760341758572,11.699999999999996,0.9585619834710742,True,0.9979678316338366,0.0896935165833818,False,released,True,True
2025|line=39|event=495|date=20250516|station=62001,2025,62001,兰州,39,哈渝线,2025|line=39|event=495|date=20250516,23.0,3.2,,,0.1399999999994179,,,,,False,weak_abstention,False,True
2025|line=39|event=495|date=20250516|station=62149,2025,62149,古丰（台阵）,39,哈渝线,2025|line=39|event=495|date=20250516,23.0,3.0,4.369999999999999,4.396340442836275,3.18,1.4566666666666663,True,0.7766488620507714,0.0535739648133395,False,released,True,True
2025|line=39|event=495|date=20250516|station=62151,2025,62151,横梁（台阵）,39,哈渝线,2025|line=39|event=495|date=20250516,23.0,12.5,11.909999999999997,11.27806317816982,11.909999999999997,0.9527999999999998,True,0.9439968891053792,0.115960332198918,False,released,True,True
2025|line=39|event=497|date=20250516|station=51105,2025,51105,巴中,39,哈渝线,2025|line=39|event=497|date=20250516,40.0,-4.8,,,-5.3500000000000085,,,,,False,structural_misfit,False,True
2025|line=39|event=497|date=20250516|station=62001,2025,62001,兰州,39,哈渝线,2025|line=39|event=497|date=20250516,40.0,6.0,,,-0.9049999999988358,,,,,False,structural_misfit,False,True
2025|line=39|event=497|date=20250516|station=62149,2025,62149,古丰（台阵）,39,哈渝线,2025|line=39|event=497|date=20250516,40.0,5.8,,,5.359999999999999,,,,,False,structural_misfit,False,True
2025|line=39|event=497|date=20250516|station=62151,2025,62151,横梁（台阵）,39,哈渝线,2025|line=39|event=497|date=20250516,40.0,23.8,,,23.36,,,,,False,structural_misfit,False,True
2025|line=39|event=498|date=20250516|station=62151,2025,62151,横梁（台阵）,39,哈渝线,2025|line=39|event=498|date=20250516,25.0,10.2,10.019999999999996,11.4234369562794,9.949999999999996,0.9823529411764704,True,0.9834114094737764,0.085632901988145,False,released,True,True
2025|line=39|event=499|date=20250516|station=62151,2025,62151,横梁（台阵）,39,哈渝线,2025|line=39|event=499|date=20250516,23.0,6.1,,,6.789999999999992,,,,,False,structural_misfit,False,True
2025|line=39|event=500|date=20250516|station=51105,2025,51105,巴中,39,哈渝线,2025|line=39|event=500|date=20250516,12.0,-4.9,-5.530000000000001,-5.706660282985241,-5.5,1.1285714285714288,True,0.9829519216035674,0.2792776812742054,False,released,True,True
2025|line=39|event=500|date=20250516|station=62001,2025,62001,兰州,39,哈渝线,2025|line=39|event=500|date=20250516,12.0,6.2,0.0249999999941792,2.1299999999901043,0.5649999999950523,,,0.3446702746119986,,False,structural_misfit,False,True
2025|line=39|event=500|date=20250516|station=62149,2025,62149,古丰（台阵）,39,哈渝线,2025|line=39|event=500|date=20250516,12.0,6.0,5.995000000000001,5.997563622911708,6.025000000000002,0.9991666666666668,True,0.9978218975194908,0.0991979422540777,False,released,True,True
2025|line=39|event=500|date=20250516|station=62151,2025,62151,横梁（台阵）,39,哈渝线,2025|line=39|event=500|date=20250516,12.0,24.7,23.53,23.538460471567262,23.56,0.9526315789473684,True,0.9997955924383658,0.1144354278954905,False,released,True,True
2025|line=39|event=502|date=20250517|station=62001,2025,62001,兰州,39,哈渝线,2025|line=39|event=502|date=20250517,472.0,3.1,,,-0.6699999999982538,,,,,False,invalid_window,False,True
2025|line=39|event=502|date=20250517|station=62149,2025,62149,古丰（台阵）,39,哈渝线,2025|line=39|event=502|date=20250517,472.0,3.0,,,3.599999999999998,,,,,False,structural_misfit,False,True
2025|line=39|event=502|date=20250517|station=62151,2025,62151,横梁（台阵）,39,哈渝线,2025|line=39|event=502|date=20250517,472.0,12.2,,,12.840000000000003,,,,,False,structural_misfit,False,True
2025|line=39|event=503|date=20250517|station=51105,2025,51105,巴中,39,哈渝线,2025|line=39|event=503|date=20250517,340.0,-4.8,-5.685622821878027,-4.055062692410053,-5.480000000000004,1.1845047545579224,True,0.8014456426441465,0.145476124048096,False,released,True,True
2025|line=39|event=503|date=20250517|station=62001,2025,62001,兰州,39,哈渝线,2025|line=39|event=503|date=20250517,340.0,6.0,-0.0059686592430807,-1.0690540843026957,-1.139999999999418,,,0.3570648177951098,,False,structural_misfit,False,True
2025|line=39|event=503|date=20250517|station=62149,2025,62149,古丰（台阵）,39,哈渝线,2025|line=39|event=503|date=20250517,340.0,5.8,5.808613262342689,7.336063216111843,5.979999999999997,1.001485045231498,True,0.863491120843793,0.2003152825343584,False,released,True,True
2025|line=39|event=503|date=20250517|station=62151,2025,62151,横梁（台阵）,39,哈渝线,2025|line=39|event=503|date=20250517,340.0,23.8,23.30495062923524,25.252914515830795,23.47,0.979199606270388,True,0.8622871838452402,0.1785959283997028,False,released,True,True
2025|line=39|event=504|date=20250517|station=62151,2025,62151,横梁（台阵）,39,哈渝线,2025|line=39|event=504|date=20250517,11.0,-5.9,-5.670000000000002,-5.759801704323045,-5.689999999999998,0.9610169491525428,True,0.9929155543555552,0.09062723314655,False,released,True,True
2025|line=39|event=505|date=20250517|station=51105,2025,51105,巴中,39,哈渝线,2025|line=39|event=505|date=20250517,9.0,-4.8,-4.159999999999997,-5.050328598077449,-3.839999999999989,0.866666666666666,True,0.9553745554152292,0.1369449776854741,False,released,True,True
2025|line=39|event=505|date=20250517|station=62001,2025,62001,兰州,39,哈渝线,2025|line=39|event=505|date=20250517,9.0,6.0,,,-0.0499999999956344,,,,,False,invalid_window,False,True
2025|line=39|event=505|date=20250517|station=62149,2025,62149,古丰（台阵）,39,哈渝线,2025|line=39|event=505|date=20250517,9.0,5.8,5.509999999999998,5.836892492332845,5.530000000000001,0.9499999999999996,True,0.9925961422802648,0.0635749721019587,False,released,True,True
2025|line=39|event=505|date=20250517|station=62151,2025,62151,横梁（台阵）,39,哈渝线,2025|line=39|event=505|date=20250517,9.0,23.9,23.289999999999992,23.392633030127715,23.289999999999992,0.9744769874476984,True,0.9996229620624064,0.0714813620076995,False,released,True,True
2025|line=39|event=506|date=20250517|station=51105,2025,51105,巴中,39,哈渝线,2025|line=39|event=506|date=20250517,3.0,4.7,4.665000000000006,4.69248377362858,4.655000000000001,0.9925531914893628,True,0.9925107673245728,0.0393153225151705,False,released,True,True
2025|line=39|event=506|date=20250517|station=62001,2025,62001,兰州,39,哈渝线,2025|line=39|event=506|date=20250517,3.0,-5.9,-0.0950000000011641,1.0,-0.7649999999994179,0.0161016949154515,True,0.5457468453675638,0.0834493409528101,False,released,True,True
2025|line=39|event=506|date=20250517|station=62149,2025,62149,古丰（台阵）,39,哈渝线,2025|line=39|event=506|date=20250517,3.0,-5.7,-5.5,-5.695607272606071,-5.454999999999998,0.9649122807017544,True,0.9956087943080784,0.0454982269472924,False,released,True,True
2025|line=39|event=506|date=20250517|station=62151,2025,62151,横梁（台阵）,39,哈渝线,2025|line=39|event=506|date=20250517,3.0,-23.3,-23.66,-23.41437474685225,-23.700000000000003,1.0154506437768238,True,0.9996947358436348,0.0649160507631038,False,released,True,True
2025|line=39|event=507|date=20250518|station=62151,2025,62151,横梁（台阵）,39,哈渝线,2025|line=39|event=507|date=20250518,5.0,5.9,5.759999999999998,5.865063762277204,5.729999999999997,0.9762711864406776,True,0.997984006951552,0.0668201256691984,False,released,True,True
2025|line=39|event=508|date=20250518|station=62151,2025,62151,横梁（台阵）,39,哈渝线,2025|line=39|event=508|date=20250518,9.0,-5.7,-6.600000000000001,-6.09935304360179,-6.5,1.1578947368421055,True,0.974703949788396,0.1076114977142709,False,released,True,True
2025|line=39|event=509|date=20250518|station=51105,2025,51105,巴中,39,哈渝线,2025|line=39|event=509|date=20250518,19.0,5.9,7.019999999999996,6.987822009586386,6.97999999999999,1.1898305084745755,True,0.9732813202745012,0.2407537802662483,False,released,True,True
2025|line=39|event=509|date=20250518|station=62001,2025,62001,兰州,39,哈渝线,2025|line=39|event=509|date=20250518,19.0,-7.5,,,-0.430000000000291,,,,,False,weak_abstention,False,True
2025|line=39|event=509|date=20250518|station=62149,2025,62149,古丰（台阵）,39,哈渝线,2025|line=39|event=509|date=20250518,19.0,-7.2,-7.97,-7.784059599676192,-8.03,1.1069444444444445,True,0.9370838391143852,0.0675990317395059,False,released,True,True
2025|line=39|event=509|date=20250518|station=62151,2025,62151,横梁（台阵）,39,哈渝线,2025|line=39|event=509|date=20250518,19.0,-29.6,-29.74,-27.91685936655561,-29.74,1.0047297297297295,True,0.985270699357788,0.0894726702172586,False,released,True,True
2025|line=39|event=511|date=20250518|station=62151,2025,62151,横梁（台阵）,39,哈渝线,2025|line=39|event=511|date=20250518,11.0,-5.4,-5.770000000000003,-6.001820676271262,-5.770000000000003,1.068518518518519,True,0.9953343736356604,0.0639391931967649,False,released,True,True
2025|line=39|event=512|date=20250518|station=62151,2025,62151,横梁（台阵）,39,哈渝线,2025|line=39|event=512|date=20250518,10.0,6.6,6.549999999999997,5.8318845129429615,6.5,0.992424242424242,True,0.9623301419448934,0.1618259143945937,False,released,True,True
2025|line=39|event=513|date=20250518|station=51105,2025,51105,巴中,39,哈渝线,2025|line=39|event=513|date=20250518,5.0,4.8,6.605000000000004,5.100979181045219,6.689999999999998,1.3760416666666675,True,0.9265162082434752,0.0481245436567702,False,released,True,True
2025|line=39|event=513|date=20250518|station=62001,2025,62001,兰州,39,哈渝线,2025|line=39|event=513|date=20250518,5.0,-6.1,5.440000000002328,5.650979069646939,4.9799999999959255,,,0.5051021666361097,,False,structural_misfit,False,True
2025|line=39|event=513|date=20250518|station=62149,2025,62149,古丰（台阵）,39,哈渝线,2025|line=39|event=513|date=20250518,5.0,-5.8,-5.350000000000001,-5.881130699617308,-5.360000000000001,0.9224137931034484,True,0.9810055120954848,0.0577535887363916,False,released,True,True
2025|line=39|event=513|date=20250518|station=62151,2025,62151,横梁（台阵）,39,哈渝线,2025|line=39|event=513|date=20250518,5.0,-24.0,-23.17,-23.621130705658626,-23.2,0.9654166666666666,True,0.99856568397976,0.1109173821563395,False,released,True,True
2025|line=39|event=514|date=20250518|station=51105,2025,51105,巴中,39,哈渝线,2025|line=39|event=514|date=20250518,21.0,4.9,4.090000000000003,4.8575378573297066,4.134999999999991,0.8346938775510211,True,0.9363790498266292,0.1271528937430264,False,released,True,True
2025|line=39|event=514|date=20250518|station=62001,2025,62001,兰州,39,哈渝线,2025|line=39|event=514|date=20250518,21.0,-6.1,6.620000000002619,2.8979997928405257,1.610000000000582,,,0.2322708672638258,,False,structural_misfit,False,True
2025|line=39|event=514|date=20250518|station=62149,2025,62149,古丰（台阵）,39,哈渝线,2025|line=39|event=514|date=20250518,21.0,-5.9,-5.805,-5.65007434545365,-5.830000000000002,0.9838983050847456,True,0.9948965319152144,0.1195872709205254,False,released,True,True
2025|line=39|event=514|date=20250518|station=62151,2025,62151,横梁（台阵）,39,哈渝线,2025|line=39|event=514|date=20250518,21.0,-24.3,-23.55,-23.40506968695514,-23.56,0.9691358024691358,True,0.9981725555244988,0.0928385901120752,False,released,True,True
2025|line=39|event=515|date=20250518|station=51105,2025,51105,巴中,39,哈渝线,2025|line=39|event=515|date=20250518,27.0,-4.8,-4.904999999999987,-6.046854050965935,-4.99499999999999,1.0218749999999974,True,0.927632020578576,0.1356265515969845,False,released,True,True
2025|line=39|event=515|date=20250518|station=62001,2025,62001,兰州,39,哈渝线,2025|line=39|event=515|date=20250518,27.0,6.0,,,-0.3600000000005821,,,,,False,structural_misfit,False,True
2025|line=39|event=515|date=20250518|station=62149,2025,62149,古丰（台阵）,39,哈渝线,2025|line=39|event=515|date=20250518,27.0,5.8,,,5.790000000000003,,,,,False,structural_misfit,False,True
2025|line=39|event=515|date=20250518|station=62151,2025,62151,横梁（台阵）,39,哈渝线,2025|line=39|event=515|date=20250518,27.0,23.9,,,23.5,,,,,False,structural_misfit,False,True
2025|line=39|event=516|date=20250519|station=62151,2025,62151,横梁（台阵）,39,哈渝线,2025|line=39|event=516|date=20250519,4.0,5.6,5.329999999999998,5.827674052930409,5.210000000000001,0.951785714285714,True,0.9671795592922416,0.0786933559389023,False,released,True,True
2025|line=39|event=517|date=20250519|station=62151,2025,62151,横梁（台阵）,39,哈渝线,2025|line=39|event=517|date=20250519,2.0,-5.8,,,-6.369999999999997,,,,,False,invalid_window,False,True
2025|line=39|event=518|date=20250519|station=51105,2025,51105,巴中,39,哈渝线,2025|line=39|event=518|date=20250519,49.0,-4.6,,,-4.754999999999996,,,,,False,structural_misfit,False,True
2025|line=39|event=518|date=20250519|station=62001,2025,62001,兰州,39,哈渝线,2025|line=39|event=518|date=20250519,49.0,5.8,,,0.4399999999950523,,,,,False,structural_misfit,False,True
2025|line=39|event=518|date=20250519|station=62149,2025,62149,古丰（台阵）,39,哈渝线,2025|line=39|event=518|date=20250519,49.0,5.5,,,6.249999999999999,,,,,False,structural_misfit,False,True
2025|line=39|event=518|date=20250519|station=62151,2025,62151,横梁（台阵）,39,哈渝线,2025|line=39|event=518|date=20250519,49.0,22.8,,,23.989999999999995,,,,,False,structural_misfit,False,True
2025|line=39|event=519|date=20250519|station=62151,2025,62151,横梁（台阵）,39,哈渝线,2025|line=39|event=519|date=20250519,1.0,-6.3,,,0.2800000000000011,,,,,False,structural_misfit,False,True
2025|line=39|event=520|date=20250519|station=62151,2025,62151,横梁（台阵）,39,哈渝线,2025|line=39|event=520|date=20250519,3.0,-6.4,,,0.355000000000004,,,,,False,structural_misfit,False,True
2025|line=39|event=521|date=20250519|station=51105,2025,51105,巴中,39,哈渝线,2025|line=39|event=521|date=20250519,39.0,4.8,4.808576923076913,4.359102711707331,5.169999999999988,1.001786858974357,True,0.9286130066616624,0.2303356429018938,False,released,True,True
2025|line=39|event=521|date=20250519|station=62001,2025,62001,兰州,39,哈渝线,2025|line=39|event=521|date=20250519,39.0,-6.1,0.0704124999974737,-1.8719930657819248,-1.0400000000008731,,,0.3769358253965115,,False,structural_misfit,False,True
2025|line=39|event=521|date=20250519|station=62149,2025,62149,古丰（台阵）,39,哈渝线,2025|line=39|event=521|date=20250519,39.0,-5.9,-5.7269788461538464,-5.718960207628943,-5.71,0.9706743807040416,True,0.9956374549579036,0.1021963248877192,False,released,True,True
2025|line=39|event=521|date=20250519|station=62151,2025,62151,横梁（台阵）,39,哈渝线,2025|line=39|event=521|date=20250519,39.0,-24.1,-23.436230769230768,-23.34486858822378,-23.505,0.9724577082668368,True,0.99929130794493,0.1066078506280599,False,released,True,True
2025|line=39|event=522|date=20250519|station=51105,2025,51105,巴中,39,哈渝线,2025|line=39|event=522|date=20250519,40.0,-4.8,-5.281562030075193,-5.043168227519978,-5.095000000000013,1.100325422932332,True,0.9638753538217528,0.2262096504615102,False,released,True,True
2025|line=39|event=522|date=20250519|station=62001,2025,62001,兰州,39,哈渝线,2025|line=39|event=522|date=20250519,40.0,6.0,,,0.0599999999976716,,,,,False,invalid_window,False,True
2025|line=39|event=522|date=20250519|station=62149,2025,62149,古丰（台阵）,39,哈渝线,2025|line=39|event=522|date=20250519,40.0,5.8,5.464511278195488,4.876319740972826,5.559999999999999,0.9421571169302566,True,0.9016682909969423,0.1793446515869963,False,released,True,True
2025|line=39|event=522|date=20250519|station=62151,2025,62151,横梁（台阵）,39,哈渝线,2025|line=39|event=522|date=20250519,40.0,23.8,23.19164661654136,22.7064356880977,23.230000000000004,0.9744389334681244,True,0.9982470251716368,0.0959386732643695,False,released,True,True
2025|line=39|event=523|date=20250519|station=51105,2025,51105,巴中,39,哈渝线,2025|line=39|event=523|date=20250519,36.0,4.9,5.176834710743805,5.445996423483521,5.129999999999996,1.0564968797436336,True,0.9808271916594332,0.1640720650086238,False,released,True,True
2025|line=39|event=523|date=20250519|station=62001,2025,62001,兰州,39,哈渝线,2025|line=39|event=523|date=20250519,36.0,-6.1,,,0.2200000000011641,,,,,False,weak_abstention,False,True
2025|line=39|event=523|date=20250519|station=62149,2025,62149,古丰（台阵）,39,哈渝线,2025|line=39|event=523|date=20250519,36.0,-5.9,-5.977561983471077,-5.765985577348188,-5.850000000000001,1.013146098893403,True,0.9965007690461414,0.0880192785490041,False,released,True,True
2025|line=39|event=523|date=20250519|station=62151,2025,62151,横梁（台阵）,39,哈渝线,2025|line=39|event=523|date=20250519,36.0,-24.2,-23.59240495867769,-23.463571679607195,-23.46,0.974892766887508,True,0.9997649975128104,0.0932102124859886,False,released,True,True
2025|line=39|event=524|date=20250519|station=51105,2025,51105,巴中,39,哈渝线,2025|line=39|event=524|date=20250519,20.0,-4.8,-5.445000000000007,-5.3496551372172165,-5.509999999999991,1.1343750000000017,True,0.9731033846119016,0.1072308303980716,False,released,True,True
2025|line=39|event=524|date=20250519|station=62001,2025,62001,兰州,39,哈渝线,2025|line=39|event=524|date=20250519,20.0,6.0,,,-0.2749999999941792,,,,,False,invalid_window,False,True
2025|line=39|event=524|date=20250519|station=62149,2025,62149,古丰（台阵）,39,哈渝线,2025|line=39|event=524|date=20250519,20.0,5.8,5.8650000000000055,5.873433546036475,5.879999999999999,1.0112068965517251,True,0.9987545586838408,0.0605403182710427,False,released,True,True
2025|line=39|event=524|date=20250519|station=62151,2025,62151,横梁（台阵）,39,哈渝线,2025|line=39|event=524|date=20250519,20.0,23.9,23.45,23.46352868452398,23.445,0.9811715481171548,True,0.9995641650565996,0.1012595466120976,False,released,True,True
2025|line=39|event=525|date=20250519|station=51105,2025,51105,巴中,39,哈渝线,2025|line=39|event=525|date=20250519,14.0,4.9,5.029999999999987,4.88162608484943,5.029999999999987,1.0265306122448952,True,0.9951629368575632,0.1462368272124163,False,released,True,True
2025|line=39|event=525|date=20250519|station=62001,2025,62001,兰州,39,哈渝线,2025|line=39|event=525|date=20250519,14.0,-6.2,,,-0.4899999999979627,,,,,False,weak_abstention,False,True
2025|line=39|event=525|date=20250519|station=62149,2025,62149,古丰（台阵）,39,哈渝线,2025|line=39|event=525|date=20250519,14.0,-6.0,-5.899999999999999,-5.901691669320498,-5.969999999999999,0.9833333333333332,True,0.9985091846101636,0.0844942187406566,False,released,True,True
2025|line=39|event=525|date=20250519|station=62151,2025,62151,横梁（台阵）,39,哈渝线,2025|line=39|event=525|date=20250519,14.0,-24.5,-23.550000000000004,-23.349038585484703,-23.590000000000003,0.9612244897959186,True,0.9992904264402503,0.0847470328573946,False,released,True,True
2025|line=39|event=526|date=20250519|station=62001,2025,62001,兰州,39,哈渝线,2025|line=39|event=526|date=20250519,18.0,3.0,,,-0.0750000000043655,,,,,False,weak_abstention,False,True
2025|line=39|event=526|date=20250519|station=62151,2025,62151,横梁（台阵）,39,哈渝线,2025|line=39|event=526|date=20250519,18.0,11.9,11.849999999999994,11.86677854765724,11.85499999999999,0.9957983193277306,True,0.9984279533846454,0.0818436832039044,False,released,True,True
2025|line=39|event=527|date=20250519|station=62151,2025,62151,横梁（台阵）,39,哈渝线,2025|line=39|event=527|date=20250519,7.0,5.7,5.6399999999999935,5.79240906221998,5.604999999999997,0.9894736842105252,True,0.9778442195304274,0.0809802284177599,False,released,True,True
2025|line=39|event=528|date=20250520|station=62001,2025,62001,兰州,39,哈渝线,2025|line=39|event=528|date=20250520,22.0,3.0,-7.599999999998545,-4.148999999987417,-2.304999999993015,,,0.3821166022766764,,False,structural_misfit,False,True
2025|line=39|event=528|date=20250520|station=62151,2025,62151,横梁（台阵）,39,哈渝线,2025|line=39|event=528|date=20250520,22.0,11.8,11.045000000000002,11.4393504822628,11.019999999999996,0.9360169491525424,True,0.8938401054054607,0.1325959018051564,False,released,True,True
2025|line=39|event=529|date=20250520|station=62001,2025,62001,兰州,39,哈渝线,2025|line=39|event=529|date=20250520,14.0,-3.0,,,-0.4449999999997089,,,,,False,weak_abstention,False,True
2025|line=39|event=529|date=20250520|station=62151,2025,62151,横梁（台阵）,39,哈渝线,2025|line=39|event=529|date=20250520,14.0,-11.8,-12.625000000000004,-11.670284330435248,-12.590000000000003,1.0699152542372885,True,0.9179157037698786,0.0883019820873787,False,released,True,True
2025|line=39|event=531|date=20250521|station=62001,2025,62001,兰州,39,哈渝线,2025|line=39|event=531|date=20250521,31.0,3.5,,,0.3450000000011641,,,,,False,weak_abstention,False,True
2025|line=39|event=531|date=20250521|station=62149,2025,62149,古丰（台阵）,39,哈渝线,2025|line=39|event=531|date=20250521,31.0,3.3,3.565876146788989,3.623741398971369,3.799999999999999,1.0805685293299967,True,0.9915869778390848,0.0751932996929708,False,released,True,True
2025|line=39|event=531|date=20250521|station=62151,2025,62151,横梁（台阵）,39,哈渝线,2025|line=39|event=531|date=20250521,31.0,13.7,14.712775229357804,14.757513467670693,15.0,1.0739251992231973,True,0.9963040447917838,0.0843243656162054,False,released,True,True
2025|line=39|event=532|date=20250522|station=62001,2025,62001,兰州,39,哈渝线,2025|line=39|event=532|date=20250522,44.0,3.5,0.7990689655198366,1.90437022623892,0.6100000000005821,,,0.236128237263138,,False,structural_misfit,False,True
2025|line=39|event=532|date=20250522|station=62149,2025,62149,古丰（台阵）,39,哈渝线,2025|line=39|event=532|date=20250522,44.0,3.4,3.759137931034484,3.843564693112104,3.549999999999997,1.1056288032454364,True,0.9904683994887632,0.1044557573694583,False,released,True,True
2025|line=39|event=532|date=20250522|station=62151,2025,62151,横梁（台阵）,39,哈渝线,2025|line=39|event=532|date=20250522,44.0,13.8,14.697956896551725,14.584826730925531,14.500000000000009,1.065069340329835,True,0.9964442904020586,0.1072887113502409,False,released,True,True
2025|line=39|event=533|date=20250525|station=51020,2025,51020,江油,39,哈渝线,2025|line=39|event=533|date=20250525,16.0,11.2,11.944999999999991,11.491274942959194,11.144999999999996,1.0665178571428566,True,0.8757349901913944,0.0675037309224952,False,released,True,True
2025|line=39|event=533|date=20250525|station=51105,2025,51105,巴中,39,哈渝线,2025|line=39|event=533|date=20250525,16.0,-24.4,-25.465000000000003,-24.991643503250923,-25.614999999999995,1.0436475409836068,True,0.978363116331506,0.1235822541685486,False,released,True,True
2025|line=39|event=533|date=20250525|station=62001,2025,62001,兰州,39,哈渝线,2025|line=39|event=533|date=20250525,16.0,30.8,,,1.809999999997672,,,,,False,invalid_window,False,True
2025|line=39|event=533|date=20250525|station=62149,2025,62149,古丰（台阵）,39,哈渝线,2025|line=39|event=533|date=20250525,16.0,29.6,30.72,29.65285801447603,30.68,1.0378378378378377,True,0.992327593262074,0.1068139937858493,False,released,True,True
2025|line=39|event=533|date=20250525|station=62151,2025,62151,横梁（台阵）,39,哈渝线,2025|line=39|event=533|date=20250525,16.0,121.9,120.04,118.72908495914412,120.81,0.9847415914684168,True,0.998921564088572,0.0789388979506403,False,released,True,True
2025|line=39|event=535|date=20250526|station=51020,2025,51020,江油,39,哈渝线,2025|line=39|event=535|date=20250526,20.0,-4.4,-4.099999999999994,-3.6935248911402287,-3.9799999999999898,0.9318181818181804,True,0.6776894067310062,0.1183049904491105,False,released,True,True
2025|line=39|event=535|date=20250526|station=51105,2025,51105,巴中,39,哈渝线,2025|line=39|event=535|date=20250526,20.0,9.6,10.554999999999993,10.418276008502714,10.489999999999997,1.099479166666666,True,0.9840638990785094,0.2660320841001321,False,released,True,True
2025|line=39|event=535|date=20250526|station=62001,2025,62001,兰州,39,哈渝线,2025|line=39|event=535|date=20250526,20.0,-12.1,,,-0.0250000000014551,,,,,False,weak_abstention,False,True
2025|line=39|event=535|date=20250526|station=62149,2025,62149,古丰（台阵）,39,哈渝线,2025|line=39|event=535|date=20250526,20.0,-11.6,-11.665,-10.167587075040602,-11.685,1.005603448275862,True,0.9758192412972752,0.0943660786030759,False,released,True,True
2025|line=39|event=535|date=20250526|station=62151,2025,62151,横梁（台阵）,39,哈渝线,2025|line=39|event=535|date=20250526,20.0,-47.7,-47.05,-45.24746325874133,-47.05,0.9863731656184486,True,0.9771880183337502,0.1081431094776231,False,released,True,True
2025|line=39|event=536|date=20250526|station=51105,2025,51105,巴中,39,哈渝线,2025|line=39|event=536|date=20250526,225.0,-4.8,,,-5.359999999999999,,,,,False,structural_misfit,False,True
2025|line=39|event=536|date=20250526|station=62001,2025,62001,兰州,39,哈渝线,2025|line=39|event=536|date=20250526,225.0,6.1,,,5.30000000000291,,,,,False,invalid_window,False,True
2025|line=39|event=536|date=20250526|station=62149,2025,62149,古丰（台阵）,39,哈渝线,2025|line=39|event=536|date=20250526,225.0,5.9,,,5.789999999999999,,,,,False,structural_misfit,False,True
2025|line=39|event=536|date=20250526|station=62151,2025,62151,横梁（台阵）,39,哈渝线,2025|line=39|event=536|date=20250526,225.0,24.1,,,23.570000000000007,,,,,False,structural_misfit,False,True
2025|line=39|event=537|date=20250526|station=51105,2025,51105,巴中,39,哈渝线,2025|line=39|event=537|date=20250526,215.0,-4.8,,,-4.890000000000001,,,,,False,structural_misfit,False,True
2025|line=39|event=537|date=20250526|station=62001,2025,62001,兰州,39,哈渝线,2025|line=39|event=537|date=20250526,215.0,6.0,,,-0.1349999999947613,,,,,False,invalid_window,False,True
2025|line=39|event=537|date=20250526|station=62149,2025,62149,古丰（台阵）,39,哈渝线,2025|line=39|event=537|date=20250526,215.0,5.8,,,5.869999999999997,,,,,False,structural_misfit,False,True
2025|line=39|event=537|date=20250526|station=62151,2025,62151,横梁（台阵）,39,哈渝线,2025|line=39|event=537|date=20250526,215.0,23.8,,,23.460000000000008,,,,,False,structural_misfit,False,True
2025|line=14|event=23|date=20250612|station=44011,2025,44011,新丰江中心地震台,14,溪广线,2025|line=14|event=23|date=20250612,62.0,-4.6,-5.911919642857144,-5.946977562406564,-5.43,1.2851999223602488,True,0.9605296294092484,0.1635882280919804,True,released,True,True
2025|line=32|event=71|date=20250614|station=44011,2025,44011,新丰江中心地震台,32,昆柳龙3,2025|line=32|event=71|date=20250614,48.0,-11.4,-11.492694267515922,-10.868349249580309,-11.8,1.008131076097888,True,0.9902166841032094,0.1339163435095747,True,released,True,True
2025|line=13|event=15|date=20250621|station=44003,2025,44003,肇庆,13,天广线,2025|line=13|event=15|date=20250621,37.0,-5.5,-5.939647177423467,-5.682409921170168,-5.775000000001455,1.0799358504406305,True,0.9756400544400448,0.129845921481543,False,released,True,True
2025|line=13|event=17|date=20250623|station=44003,2025,44003,肇庆,13,天广线,2025|line=13|event=17|date=20250623,62.88333333333333,5.9,6.046962509564764,5.6586963584353205,5.974999999998545,1.0249088999262312,True,0.9299776001923508,0.1544561850011242,False,released,True,True
2025|line=27|event=57|date=20250626|station=41006,2025,41006,浚县,27,上临线,2025|line=27|event=57|date=20250626,4.0,-19.4,,,,,,,,False,invalid_window,False,True
2025|line=27|event=57|date=20250626|station=61004,2025,61004,榆林台,27,上临线,2025|line=27|event=57|date=20250626,4.0,18.2,16.450000000000003,14.689679939597433,16.259999999999998,,,0.9270303649308068,,False,structural_misfit,False,True
2025|line=27|event=58|date=20250629|station=61004,2025,61004,榆林台,27,上临线,2025|line=27|event=58|date=20250629,150.0,8.3,8.664133575883575,8.676676693845755,9.025,1.0438715151666955,True,0.946182810954447,0.4393885347119542,False,released,True,True
2025|line=5|event=1224|date=20250804|station=32001,2025,32001,南京台,5,三上线,2025|line=5|event=1224|date=20250804,74.0,-13.2,-13.31676808510639,-12.38891520664423,-13.430000000000009,1.0088460670535144,True,0.9295298317812876,0.1148810061149496,True,released,True,True
2025|line=5|event=1224|date=20250804|station=32011,2025,32011,溧阳台,5,三上线,2025|line=5|event=1224|date=20250804,74.0,-13.9,-14.624742021276596,-13.378772494171564,-14.799999999999995,1.052139713760906,True,0.9221290932383936,0.1729537921652586,True,released,True,True
2025|line=5|event=1224|date=20250804|station=41004,2025,41004,信阳地震台,5,三上线,2025|line=5|event=1224|date=20250804,74.0,-3.1,-3.1651191489361703,-3.1790483013850257,-3.37,1.021006177076184,True,0.9105270417058045,0.0755385374225938,False,released,True,True
2025|line=5|event=1224|date=20250804|station=41011,2025,41011,潢川,5,三上线,2025|line=5|event=1224|date=20250804,74.0,-4.1,-3.947400000000002,-3.941436281024836,-4.219999999999999,0.9627804878048786,True,0.7495097589534372,0.071705001209271,False,released,True,True
2025|line=41|event=912|date=20250805|station=42005,2025,42005,恩施,41,金湖线,2025|line=41|event=912|date=20250805,203.0833333333333,5.0,3.581781121087115,2.612723698679787,2.965,,,0.0529360599972359,,True,structural_misfit,False,True
2025|line=41|event=913|date=20250805|station=42005,2025,42005,恩施,41,金湖线,2025|line=41|event=913|date=20250805,71.45,4.9,4.649013452914794,4.403726143995152,3.389999999999997,0.9487782556968968,True,0.9606256841239474,0.1081745727541898,True,released,True,True
2025|line=41|event=914|date=20250805|station=42005,2025,42005,恩施,41,金湖线,2025|line=41|event=914|date=20250805,132.68333333333334,-4.8,-4.4736094094584615,-4.381787499173231,-2.914999999999996,0.9320019603038462,True,0.5682717892348146,0.3013864564238308,True,released,True,True
2025|line=36|event=244|date=20250806|station=32001,2025,32001,南京台,36,白江线,2025|line=36|event=244|date=20250806,2.4833333333333334,84.6,90.315,90.8716050170068,90.29000000000002,1.0675531914893617,True,0.9990876947292374,0.0752022814220719,True,released,True,True
2025|line=36|event=244|date=20250806|station=32011,2025,32011,溧阳台,36,白江线,2025|line=36|event=244|date=20250806,2.4833333333333334,54.2,58.18000000000001,57.359110500361865,58.35000000000001,,,0.9976424395947264,,True,structural_misfit,False,True
2025|line=36|event=244|date=20250806|station=32019,2025,32019,高邮台,36,白江线,2025|line=36|event=244|date=20250806,2.4833333333333334,-6.3,-7.44,-7.169017441847005,-7.2,,,0.9857638173989464,,False,structural_misfit,False,True
2025|line=36|event=244|date=20250806|station=41004,2025,41004,信阳地震台,36,白江线,2025|line=36|event=244|date=20250806,2.4833333333333334,-11.7,-12.445,-11.896197916748704,-12.505,,,0.982227339240935,,False,structural_misfit,False,True
2025|line=36|event=244|date=20250806|station=41011,2025,41011,潢川,36,白江线,2025|line=36|event=244|date=20250806,2.4833333333333334,-8.5,-9.534999999999997,-8.801721312859732,-9.514999999999992,,,0.9588918623254328,,False,structural_misfit,False,True
2025|line=36|event=244|date=20250806|station=42005,2025,42005,恩施,36,白江线,2025|line=36|event=244|date=20250806,2.4833333333333334,-38.4,6.695,6.821999861673746,3.789999999999999,,,0.9933979588625352,,True,structural_misfit,False,True
2025|line=36|event=244|date=20250806|station=50008,2025,50008,涪陵江东,36,白江线,2025|line=36|event=244|date=20250806,2.4833333333333334,-22.3,-23.035,-22.43123924064719,-23.08,,,0.995401880032904,,True,structural_misfit,False,True
2025|line=36|event=244|date=20250806|station=50023,2025,50023,重庆仙女山地震台,36,白江线,2025|line=36|event=244|date=20250806,2.4833333333333334,-61.6,-65.45499999999998,-62.47947675352638,-65.945,,,0.990471789797831,,True,structural_misfit,False,True
2025|line=41|event=915|date=20250806|station=42005,2025,42005,恩施,41,金湖线,2025|line=41|event=915|date=20250806,79.46666666666667,-4.7,,,-0.1400000000000005,,,,,True,weak_abstention,False,True
2025|line=41|event=916|date=20250806|station=42005,2025,42005,恩施,41,金湖线,2025|line=41|event=916|date=20250806,10.316666666666666,4.6,0.0500000000000042,2.040000000000006,0.5200000000000031,0.0108695652173922,True,0.73887055113296,0.0266878793344866,True,released,True,True
2025|line=41|event=917|date=20250806|station=42005,2025,42005,恩施,41,金湖线,2025|line=41|event=917|date=20250806,61.45,4.5,,,0.4799999999999969,,,,,True,weak_abstention,False,True
2025|line=41|event=918|date=20250806|station=42005,2025,42005,恩施,41,金湖线,2025|line=41|event=918|date=20250806,74.53333333333333,5.2,,,0.9499999999999956,,,,,True,structural_misfit,False,True
2025|line=41|event=920|date=20250807|station=42005,2025,42005,恩施,41,金湖线,2025|line=41|event=920|date=20250807,47.23333333333333,4.9,3.74660311671088,3.559037012857529,2.3200000000000003,0.7646128809614039,True,0.974334591099091,0.1214565436602389,True,released,True,True
2025|line=41|event=921|date=20250807|station=42005,2025,42005,恩施,41,金湖线,2025|line=41|event=921|date=20250807,168.96666666666667,-4.6,-5.887343325572372,-5.886000000000005,-3.270000000000003,1.279857244689646,True,0.799012164364264,0.0931320566181556,True,released,True,True
2025|line=41|event=922|date=20250808|station=42005,2025,42005,恩施,41,金湖线,2025|line=41|event=922|date=20250808,12.683333333333334,5.1,3.890000000000001,4.079828514688432,2.895000000000003,0.7627450980392159,True,0.9611477344955792,0.1920467646990065,True,released,True,True
2025|line=41|event=923|date=20250808|station=42005,2025,42005,恩施,41,金湖线,2025|line=41|event=923|date=20250808,28.516666666666666,-9.1,-9.78,-10.269356586642196,-6.18,1.074725274725275,True,0.9562369921663548,0.2187455042063978,True,released,True,True
2025|line=41|event=924|date=20250808|station=42005,2025,42005,恩施,41,金湖线,2025|line=41|event=924|date=20250808,44.13333333333333,8.9,10.04646313364055,9.453301675480729,6.675000000000004,1.1288160824315223,True,0.9065946902472444,0.18200337476101,True,released,True,True
2025|line=41|event=925|date=20250809|station=42005,2025,42005,恩施,41,金湖线,2025|line=41|event=925|date=20250809,8.916666666666666,4.5,2.4349999999999987,2.6929010026038203,1.5749999999999993,0.5411111111111109,True,0.9208669231490472,0.099224669098875,True,released,True,True
2025|line=41|event=926|date=20250809|station=42005,2025,42005,恩施,41,金湖线,2025|line=41|event=926|date=20250809,8.35,-9.4,-10.915,-10.939336495236088,-6.264999999999999,,,0.9596610011374976,,True,structural_misfit,False,True
2025|line=41|event=926|date=20250809|station=50008,2025,50008,涪陵江东,41,金湖线,2025|line=41|event=926|date=20250809,8.35,-3.0,-7.52,-6.569999999999167,-3.65,,,0.928632215097473,,True,structural_misfit,False,True
2025|line=41|event=927|date=20250809|station=42005,2025,42005,恩施,41,金湖线,2025|line=41|event=927|date=20250809,7.2,9.1,9.64,9.449964406551269,6.23,1.0593406593406594,True,0.9657765671866896,0.0483348813735479,True,released,True,True
2025|line=41|event=928|date=20250809|station=42005,2025,42005,恩施,41,金湖线,2025|line=41|event=928|date=20250809,12.5,11.6,9.540000000000004,9.772222010469894,6.38,0.8224137931034485,True,0.962887602612836,0.1806828831400681,True,released,True,True
2025|line=41|event=928|date=20250809|station=50008,2025,50008,涪陵江东,41,金湖线,2025|line=41|event=928|date=20250809,12.5,3.7,3.86,3.417170947351904,3.865,1.0432432432432432,True,0.94939444606242,0.2153246028759793,True,released,True,True
2025|line=41|event=928|date=20250809|station=50023,2025,50023,重庆仙女山地震台,41,金湖线,2025|line=41|event=928|date=20250809,12.5,3.1,3.629999999999996,3.004613515168598,3.629999999999996,1.1709677419354825,True,0.924058917104818,0.2861907300336072,True,released,True,True
2025|line=41|event=929|date=20250809|station=42005,2025,42005,恩施,41,金湖线,2025|line=41|event=929|date=20250809,62.0,-9.3,-9.12792659492698,-8.667245069552006,-6.26,0.9814974833254816,True,0.7606363374093257,0.3141496314825149,True,released,True,True
2025|line=41|event=929|date=20250809|station=50008,2025,50008,涪陵江东,41,金湖线,2025|line=41|event=929|date=20250809,62.0,-3.0,-3.788958493466564,-2.582945669885866,-4.055,1.2629861644888545,True,0.0838395630987217,0.1004837984393368,True,released,True,True
2025|line=41|event=930|date=20250809|station=42005,2025,42005,恩施,41,金湖线,2025|line=41|event=930|date=20250809,20.58333333333333,-9.1,-6.995,-8.873999999999995,-4.93,0.7686813186813187,True,0.9031639724917124,0.4086242004057486,True,released,True,True
2025|line=41|event=931|date=20250809|station=42005,2025,42005,恩施,41,金湖线,2025|line=41|event=931|date=20250809,29.85,-9.1,-6.325000000000001,-7.146000000000001,-3.9700000000000006,0.6950549450549453,True,0.8340253903310442,0.2659519086338517,True,released,True,True
2025|line=41|event=932|date=20250809|station=42005,2025,42005,恩施,41,金湖线,2025|line=41|event=932|date=20250809,20.866666666666667,-9.4,-8.125,-9.431999999999997,-5.239999999999998,0.8643617021276595,True,0.9086615719462128,0.1216352824528551,True,released,True,True
2025|line=41|event=932|date=20250809|station=50008,2025,50008,涪陵江东,41,金湖线,2025|line=41|event=932|date=20250809,20.866666666666667,-3.0,-3.1950000000000003,-5.999422148905651,-3.4000000000000004,1.0650000000000002,True,0.7187772720321499,0.072307299766782,True,released,True,True
2025|line=41|event=933|date=20250809|station=42005,2025,42005,恩施,41,金湖线,2025|line=41|event=933|date=20250809,21.58333333333333,-9.5,-4.414999999999999,-5.318999999999996,-2.9549999999999983,0.464736842105263,True,0.8288125453913188,0.1155612720599659,True,released,True,True
2025|line=41|event=933|date=20250809|station=50008,2025,50008,涪陵江东,41,金湖线,2025|line=41|event=933|date=20250809,21.58333333333333,-3.0,-3.3999999999999986,-5.585302986344486,-3.42,1.1333333333333329,True,0.6840788517800949,0.0698445528689267,True,released,True,True
2025|line=41|event=934|date=20250809|station=42005,2025,42005,恩施,41,金湖线,2025|line=41|event=934|date=20250809,23.266666666666666,-9.2,-10.080000000000002,-10.683000000000002,-5.935000000000002,1.0956521739130438,True,0.9577888829839116,0.2082679213306061,True,released,True,True
2025|line=41|event=935|date=20250809|station=42005,2025,42005,恩施,41,金湖线,2025|line=41|event=935|date=20250809,33.78333333333333,-9.5,-8.366675700090337,-8.40032807923531,-6.310000000000002,0.880702705272667,True,0.9635166036789188,0.1636272503141591,True,released,True,True
2025|line=41|event=935|date=20250809|station=50008,2025,50008,涪陵江东,41,金湖线,2025|line=41|event=935|date=20250809,33.78333333333333,-3.0,-3.504054878048784,-4.126847613704959,-3.3800000000000026,1.168018292682928,True,0.8997035343545252,0.3095126136429486,True,released,True,True
2025|line=41|event=936|date=20250809|station=42005,2025,42005,恩施,41,金湖线,2025|line=41|event=936|date=20250809,22.8,-9.0,-8.919999999999998,-9.413205778998067,-6.134999999999998,0.9911111111111108,True,0.9633777842253012,0.2969850542112199,True,released,True,True
2025|line=41|event=939|date=20250809|station=42005,2025,42005,恩施,41,金湖线,2025|line=41|event=939|date=20250809,34.36666666666667,-10.1,-9.333750000000002,-9.36460304214178,-6.150000000000006,0.9241336633663368,True,0.9112203199399336,0.4729728510018752,True,released,True,True
2025|line=41|event=939|date=20250809|station=50008,2025,50008,涪陵江东,41,金湖线,2025|line=41|event=939|date=20250809,34.36666666666667,-3.2,-5.020964991023341,-3.2865074548910966,-4.465000000000003,1.569051559694794,True,0.7764164862861412,0.3609936908873059,True,released,True,True
2025|line=41|event=940|date=20250809|station=42005,2025,42005,恩施,41,金湖线,2025|line=41|event=940|date=20250809,19.4,-9.3,-7.789999999999999,-8.318275478313442,-5.414999999999999,0.8376344086021503,True,0.9626177487358858,0.3039662532716282,True,released,True,True
2025|line=41|event=940|date=20250809|station=50008,2025,50008,涪陵江东,41,金湖线,2025|line=41|event=940|date=20250809,19.4,-3.0,-1.6999999999999955,-3.419999998468959,-1.8999999999999984,0.5666666666666652,True,0.7816481108088753,0.1767394089379433,True,released,True,True
2025|line=41|event=941|date=20250809|station=42005,2025,42005,恩施,41,金湖线,2025|line=41|event=941|date=20250809,25.916666666666668,-9.4,-10.240000000000002,-11.835000000000004,-6.575000000000003,1.0893617021276598,True,0.9156113802350112,0.3912794355833433,True,released,True,True
2025|line=41|event=941|date=20250809|station=50008,2025,50008,涪陵江东,41,金湖线,2025|line=41|event=941|date=20250809,25.916666666666668,-3.0,-9.0,-6.893999643159368,-3.830000000000005,3.0,True,0.8960958761797119,0.4468557416032946,True,released,True,True
2025|line=41|event=942|date=20250810|station=42005,2025,42005,恩施,41,金湖线,2025|line=41|event=942|date=20250810,7.983333333333333,4.6,3.349999999999998,3.4617012781669043,2.535,0.728260869565217,True,0.961965306820932,0.066927874536469,True,released,True,True
2025|line=41|event=943|date=20250810|station=42005,2025,42005,恩施,41,金湖线,2025|line=41|event=943|date=20250810,13.15,-9.0,-10.18,-10.511999773362165,-5.840000000000002,1.1311111111111112,True,0.966276608373719,0.1011850130982321,True,released,True,True
2025|line=41|event=944|date=20250810|station=42005,2025,42005,恩施,41,金湖线,2025|line=41|event=944|date=20250810,25.75,10.7,,,5.549999999999997,,,,,True,structural_misfit,False,True
2025|line=41|event=944|date=20250810|station=50008,2025,50008,涪陵江东,41,金湖线,2025|line=41|event=944|date=20250810,25.75,3.4,,,2.9750000000000014,,,,,True,structural_misfit,False,True
2025|line=41|event=945|date=20250810|station=42005,2025,42005,恩施,41,金湖线,2025|line=41|event=945|date=20250810,26.366666666666667,9.3,,,3.160000000000004,,,,,True,structural_misfit,False,True
2025|line=41|event=945|date=20250810|station=50008,2025,50008,涪陵江东,41,金湖线,2025|line=41|event=945|date=20250810,26.366666666666667,3.0,,,3.924999999999997,,,,,True,structural_misfit,False,True
2025|line=41|event=946|date=20250810|station=42005,2025,42005,恩施,41,金湖线,2025|line=41|event=946|date=20250810,22.95,8.7,9.064999999999998,9.220276035697257,5.799999999999997,1.0419540229885056,True,0.9664807059899037,0.3888846418180105,True,released,True,True
2025|line=41|event=947|date=20250810|station=42005,2025,42005,恩施,41,金湖线,2025|line=41|event=947|date=20250810,17.866666666666667,8.6,8.940000000000005,9.256688980285285,5.175000000000004,1.0395348837209308,True,0.9628739723023608,0.1934781461254016,True,released,True,True
2025|line=41|event=948|date=20250810|station=42005,2025,42005,恩施,41,金湖线,2025|line=41|event=948|date=20250810,20.666666666666668,9.9,8.055,8.369999999999996,4.649999999999999,0.8136363636363636,True,0.9043846747712636,0.0971165824814477,True,released,True,True
2025|line=41|event=948|date=20250810|station=50008,2025,50008,涪陵江东,41,金湖线,2025|line=41|event=948|date=20250810,20.666666666666668,3.2,7.41,6.911999999999999,3.84,2.315625,True,0.942233679733406,0.1618192157798942,True,released,True,True
2025|line=41|event=949|date=20250810|station=42005,2025,42005,恩施,41,金湖线,2025|line=41|event=949|date=20250810,23.98333333333333,9.2,4.964999999999996,5.4270000000000005,3.015000000000001,0.5396739130434779,True,0.892133529232195,0.2491613977691285,True,released,True,True
2025|line=41|event=950|date=20250810|station=42005,2025,42005,恩施,41,金湖线,2025|line=41|event=950|date=20250810,32.86666666666667,8.8,6.662869555143651,7.685873551917429,4.740000000000002,0.7571442676299602,True,0.9722464251381604,0.1307461449303912,True,released,True,True
2025|line=41|event=951|date=20250810|station=42005,2025,42005,恩施,41,金湖线,2025|line=41|event=951|date=20250810,18.85,9.6,9.54,10.28948631274277,6.045000000000002,0.99375,True,0.9606986412191376,0.2636224956667395,True,released,True,True
2025|line=41|event=951|date=20250810|station=50008,2025,50008,涪陵江东,41,金湖线,2025|line=41|event=951|date=20250810,18.85,3.1,4.119999999999997,4.197947871200262,4.025000000000006,1.3290322580645153,True,0.9267258004480268,0.3407819929455351,True,released,True,True
2025|line=41|event=952|date=20250810|station=42005,2025,42005,恩施,41,金湖线,2025|line=41|event=952|date=20250810,42.4,10.1,9.0384375,9.39464231512593,6.180000000000007,0.8948948019801981,True,0.9206111536984376,0.2004368338653028,True,released,True,True
2025|line=41|event=952|date=20250810|station=50008,2025,50008,涪陵江东,41,金湖线,2025|line=41|event=952|date=20250810,42.4,3.2,6.280162172011657,5.6060065613644845,4.045000000000002,1.9625506787536429,True,0.7715463025286289,0.4063348354411918,True,released,True,True
2025|line=41|event=953|date=20250810|station=42005,2025,42005,恩施,41,金湖线,2025|line=41|event=953|date=20250810,30.216666666666665,8.8,8.113890554722637,8.211783830736707,5.009999999999998,0.9220330175821178,True,0.9114506292738306,0.3981359901175423,True,released,True,True
2025|line=41|event=954|date=20250810|station=42005,2025,42005,恩施,41,金湖线,2025|line=41|event=954|date=20250810,30.05,9.1,8.172975038206829,8.372178468922304,5.925000000000004,0.8981291250776735,True,0.9453972129454186,0.1901735820055818,True,released,True,True
2025|line=41|event=955|date=20250810|station=42005,2025,42005,恩施,41,金湖线,2025|line=41|event=955|date=20250810,31.35,8.8,8.17946265060241,7.898615441409199,5.789999999999999,0.9294843921139102,True,0.9180617234464123,0.2280427983171964,True,released,True,True
2025|line=41|event=956|date=20250810|station=42005,2025,42005,恩施,41,金湖线,2025|line=41|event=956|date=20250810,19.116666666666667,10.1,9.670000000000002,10.2490993202418,6.155000000000001,0.9574257425742576,True,0.9557309059360944,0.1897028674967507,True,released,True,True
2025|line=41|event=956|date=20250810|station=50008,2025,50008,涪陵江东,41,金湖线,2025|line=41|event=956|date=20250810,19.116666666666667,3.2,3.835000000000001,3.896966924845261,3.489999999999995,1.1984375000000005,True,0.9236499846666216,0.3079937276336453,True,released,True,True
2025|line=41|event=957|date=20250810|station=42005,2025,42005,恩施,41,金湖线,2025|line=41|event=957|date=20250810,6.916666666666667,4.9,4.469999999999999,4.412382538452823,3.2349999999999994,0.9122448979591834,True,0.9636247071933088,0.0804488554614081,True,released,True,True
2025|line=41|event=958|date=20250811|station=42005,2025,42005,恩施,41,金湖线,2025|line=41|event=958|date=20250811,65.1,4.7,3.303372762932085,2.8790100320244747,3.0649999999999977,0.7028452687089543,True,0.8735012144000487,0.3686851455297097,True,released,True,True
2025|line=41|event=959|date=20250811|station=42005,2025,42005,恩施,41,金湖线,2025|line=41|event=959|date=20250811,124.6,5.1,3.9794339253068713,3.761638098205572,3.405000000000001,0.7802811618248768,True,0.9232183202146784,0.4980571822601056,True,released,True,True
2025|line=41|event=964|date=20250811|station=42005,2025,42005,恩施,41,金湖线,2025|line=41|event=964|date=20250811,6.016666666666667,9.4,,,7.215000000000003,,,,,True,structural_misfit,False,True
2025|line=41|event=964|date=20250811|station=50008,2025,50008,涪陵江东,41,金湖线,2025|line=41|event=964|date=20250811,6.016666666666667,3.0,,,3.099999999999998,,,,,True,structural_misfit,False,True
2025|line=41|event=971|date=20250811|station=42005,2025,42005,恩施,41,金湖线,2025|line=41|event=971|date=20250811,27.85,4.7,3.899999999999999,4.3837040877421485,2.949999999999996,0.8297872340425528,True,0.884478595905924,0.1463438762581737,True,released,True,True
2025|line=41|event=972|date=20250812|station=42005,2025,42005,恩施,41,金湖线,2025|line=41|event=972|date=20250812,18.98333333333333,-4.6,-3.605,-3.6561580308166737,-2.75,0.7836956521739132,True,0.9647322761054918,0.1816090526820284,True,released,True,True
2025|line=41|event=975|date=20250812|station=42005,2025,42005,恩施,41,金湖线,2025|line=41|event=975|date=20250812,17.333333333333332,9.8,9.744999999999996,10.28240785414934,5.975000000000001,0.9943877551020404,True,0.9644027021878044,0.1223338778415779,True,released,True,True
2025|line=41|event=975|date=20250812|station=50008,2025,50008,涪陵江东,41,金湖线,2025|line=41|event=975|date=20250812,17.333333333333332,3.1,3.0700000000000003,2.864122564905605,3.0799999999999983,0.9903225806451612,True,0.9814086851071728,0.1131754369570651,True,released,True,True
2025|line=41|event=979|date=20250813|station=42005,2025,42005,恩施,41,金湖线,2025|line=41|event=979|date=20250813,37.3,5.1,4.132584590297597,4.270931692254569,3.3800000000000026,0.810310703979921,True,0.9905944322879804,0.1970498230851979,True,released,True,True
2025|line=41|event=980|date=20250813|station=42005,2025,42005,恩施,41,金湖线,2025|line=41|event=980|date=20250813,34.983333333333334,4.5,3.7512763852242728,3.5993045406613646,2.514999999999997,0.8336169744942828,True,0.9480957355889522,0.1918951616392581,True,released,True,True
2025|line=41|event=981|date=20250813|station=42005,2025,42005,恩施,41,金湖线,2025|line=41|event=981|date=20250813,43.06666666666667,-5.2,-4.403489866087586,-4.255391207505071,-3.205000000000002,0.8468249742476127,True,0.7906839015567572,0.2711613806481291,True,released,True,True
2025|line=41|event=985|date=20250813|station=42005,2025,42005,恩施,41,金湖线,2025|line=41|event=985|date=20250813,15.15,5.2,4.404999999999994,4.551167081747157,2.799999999999997,0.8471153846153835,True,0.959406565748386,0.1276820026795854,True,released,True,True
2025|line=41|event=986|date=20250814|station=42005,2025,42005,恩施,41,金湖线,2025|line=41|event=986|date=20250814,115.93333333333334,-4.7,-4.520718951952794,-3.963211235060858,-3.2349999999999994,0.961855096160169,True,0.9226878353315288,0.0785522050980937,True,released,True,True
2025|line=41|event=991|date=20250815|station=42005,2025,42005,恩施,41,金湖线,2025|line=41|event=991|date=20250815,8.0,4.8,4.854999999999997,4.86221176790594,2.890000000000001,1.011458333333333,True,0.9684694274115844,0.0812769014767824,True,released,True,True
2025|line=41|event=994|date=20250816|station=42005,2025,42005,恩施,41,金湖线,2025|line=41|event=994|date=20250816,19.08333333333333,4.6,3.7849999999999966,3.836336085333105,2.634999999999998,0.822826086956521,True,0.9608624480309004,0.2354543882179507,True,released,True,True
2025|line=41|event=995|date=20250825|station=42005,2025,42005,恩施,41,金湖线,2025|line=41|event=995|date=20250825,595.65,4.1,,,3.175,,,,,True,structural_misfit,False,True
2025|line=41|event=996|date=20250825|station=42005,2025,42005,恩施,41,金湖线,2025|line=41|event=996|date=20250825,591.7166666666667,7.3,,,10.035,,,,,True,structural_misfit,False,True
2025|line=41|event=997|date=20250825|station=42005,2025,42005,恩施,41,金湖线,2025|line=41|event=997|date=20250825,476.8833333333333,15.8,,,13.400000000000002,,,,,True,structural_misfit,False,True
2025|line=41|event=997|date=20250825|station=50008,2025,50008,涪陵江东,41,金湖线,2025|line=41|event=997|date=20250825,476.8833333333333,5.0,,,6.78,,,,,True,structural_misfit,False,True
2025|line=41|event=997|date=20250825|station=50023,2025,50023,重庆仙女山地震台,41,金湖线,2025|line=41|event=997|date=20250825,476.8833333333333,4.2,,,6.09499999999997,,,,,True,structural_misfit,False,True
2025|line=41|event=997|date=20250825|station=51224,2025,51224,崇州,41,金湖线,2025|line=41|event=997|date=20250825,476.8833333333333,-3.4,,,-0.4900000000000091,,,,,False,structural_misfit,False,True
2025|line=41|event=998|date=20250825|station=42005,2025,42005,恩施,41,金湖线,2025|line=41|event=998|date=20250825,360.98333333333335,13.0,,,12.320000000000007,,,,,True,structural_misfit,False,True
2025|line=41|event=998|date=20250825|station=50008,2025,50008,涪陵江东,41,金湖线,2025|line=41|event=998|date=20250825,360.98333333333335,4.2,,,5.52,,,,,True,structural_misfit,False,True
2025|line=41|event=998|date=20250825|station=50023,2025,50023,重庆仙女山地震台,41,金湖线,2025|line=41|event=998|date=20250825,360.98333333333335,3.4,,,4.329999999999984,,,,,True,structural_misfit,False,True
2025|line=41|event=999|date=20250825|station=36001,2025,36001,南昌,41,金湖线,2025|line=41|event=999|date=20250825,11.566666666666666,-3.3,-2.75,-2.965147181911401,-2.5899999999965075,,,0.8404327497782141,,False,structural_misfit,False,True
2025|line=41|event=999|date=20250825|station=42005,2025,42005,恩施,41,金湖线,2025|line=41|event=999|date=20250825,11.566666666666666,-37.0,,,-25.010000000000005,,,,,True,invalid_window,False,True
2025|line=41|event=999|date=20250825|station=50008,2025,50008,涪陵江东,41,金湖线,2025|line=41|event=999|date=20250825,11.566666666666666,-11.8,-11.79,-11.288154156589908,-11.814999999999998,0.9991525423728812,True,0.9806231980263312,0.0857607191641806,True,released,True,True
2025|line=41|event=999|date=20250825|station=50023,2025,50023,重庆仙女山地震台,41,金湖线,2025|line=41|event=999|date=20250825,11.566666666666666,-9.8,-9.53000000000003,-9.711294040626791,-9.569999999999991,0.9724489795918396,True,0.9695879408129028,0.1409181795434775,True,released,True,True
2025|line=41|event=999|date=20250825|station=51020,2025,51020,江油,41,金湖线,2025|line=41|event=999|date=20250825,11.566666666666666,3.0,3.410000000000011,3.584324690794043,2.545000000000016,1.1366666666666705,True,0.9761055618818149,0.1472569076095763,False,released,True,True
2025|line=41|event=999|date=20250825|station=51105,2025,51105,巴中,41,金湖线,2025|line=41|event=999|date=20250825,11.566666666666666,5.0,4.159999999999997,4.140449054553971,4.189999999999998,0.8319999999999993,True,0.9786500975521316,0.1243219900216591,False,released,True,True
2025|line=41|event=999|date=20250825|station=51224,2025,51224,崇州,41,金湖线,2025|line=41|event=999|date=20250825,11.566666666666666,8.0,6.77000000000001,6.746024898803738,6.760000000000019,0.8462500000000013,True,0.9971959669282192,0.105945300157722,False,released,True,True
2025|line=23|event=50|date=20250916|station=41006,2025,41006,浚县,23,晋南线,2025|line=23|event=50|date=20250916,65.68333333333334,5.4,5.308512993262724,5.54728900244814,5.349999999999994,0.9830579617153192,True,0.9662477507748384,0.1665352055041135,False,released,True,True
2025|line=40|event=839|date=20250917|station=43002,2025,43002,邵阳,40,宁湖线,2025|line=40|event=839|date=20250917,2.7,3.8,,,4.784999999999968,,,,,False,structural_misfit,False,True
2025|line=40|event=841|date=20250917|station=43002,2025,43002,邵阳,40,宁湖线,2025|line=40|event=841|date=20250917,4.466666666666667,-3.8,,,-3.8899999999999855,,,,,False,structural_misfit,False,True
2025|line=40|event=843|date=20250917|station=43002,2025,43002,邵阳,40,宁湖线,2025|line=40|event=843|date=20250917,6.266666666666667,-3.7,,,-3.539999999999964,,,,,False,structural_misfit,False,True
2025|line=40|event=880|date=20250921|station=43002,2025,43002,邵阳,40,宁湖线,2025|line=40|event=880|date=20250921,4.833333333333333,-3.2,-2.759999999999991,-3.163233248493069,-2.8700000000000045,0.8624999999999972,True,0.9279486145887256,0.0666963106686794,False,released,True,True
2025|line=40|event=881|date=20250921|station=43002,2025,43002,邵阳,40,宁湖线,2025|line=40|event=881|date=20250921,18.766666666666666,-3.2,,,-2.4350000000000023,,,,,False,structural_misfit,False,True
2025|line=40|event=882|date=20250921|station=43002,2025,43002,邵阳,40,宁湖线,2025|line=40|event=882|date=20250921,4.65,3.2,,,3.7350000000000136,,,,,False,structural_misfit,False,True
2025|line=40|event=883|date=20250921|station=43002,2025,43002,邵阳,40,宁湖线,2025|line=40|event=883|date=20250921,20.58333333333333,3.2,4.210000000000036,5.171440374857687,3.7000000000000455,1.3156250000000114,True,0.8193060020690993,0.1831460973327248,False,released,True,True
2025|line=40|event=884|date=20250921|station=43002,2025,43002,邵阳,40,宁湖线,2025|line=40|event=884|date=20250921,4.266666666666667,3.2,4.010000000000048,3.613889676756399,3.6899999999999977,1.253125000000015,True,0.916960222463468,0.0524349256970393,False,released,True,True
2025|line=40|event=885|date=20250921|station=43002,2025,43002,邵阳,40,宁湖线,2025|line=40|event=885|date=20250921,16.266666666666666,3.2,,,3.680000000000007,,,,,False,structural_misfit,False,True
2025|line=40|event=886|date=20250921|station=43002,2025,43002,邵阳,40,宁湖线,2025|line=40|event=886|date=20250921,0.1333333333333333,-3.0,,,-0.2199999999999704,,,,,False,weak_abstention,False,True
2025|line=40|event=887|date=20250921|station=43002,2025,43002,邵阳,40,宁湖线,2025|line=40|event=887|date=20250921,4.283333333333333,-3.2,-3.0,-3.134777478201034,-2.914999999999964,0.9375,True,0.9845714767396708,0.0423957955231815,False,released,True,True
2025|line=40|event=888|date=20250921|station=43002,2025,43002,邵阳,40,宁湖线,2025|line=40|event=888|date=20250921,13.466666666666669,-3.2,,,-3.0400000000000205,,,,,False,structural_misfit,False,True
2025|line=40|event=889|date=20250921|station=43002,2025,43002,邵阳,40,宁湖线,2025|line=40|event=889|date=20250921,0.1666666666666666,3.1,,,-0.25,,,,,False,weak_abstention,False,True
2025|line=40|event=890|date=20250921|station=43002,2025,43002,邵阳,40,宁湖线,2025|line=40|event=890|date=20250921,4.266666666666667,-3.2,-3.340000000000032,-3.219595646594374,-3.150000000000034,1.04375000000001,True,0.9870290279668424,0.044334337004788,False,released,True,True
2025|line=40|event=891|date=20250921|station=43002,2025,43002,邵阳,40,宁湖线,2025|line=40|event=891|date=20250921,4.166666666666667,3.2,2.910000000000025,3.068542698345275,2.9050000000000296,0.9093750000000078,True,0.9813489647964356,0.0877650126418154,False,released,True,True
2025|line=40|event=892|date=20250921|station=43002,2025,43002,邵阳,40,宁湖线,2025|line=40|event=892|date=20250921,9.566666666666666,-3.2,-3.430000000000007,-3.1626312568326727,-3.230000000000018,1.071875000000002,True,0.9767181351546456,0.0803886195978558,False,released,True,True
2025|line=40|event=893|date=20250921|station=43002,2025,43002,邵阳,40,宁湖线,2025|line=40|event=893|date=20250921,14.766666666666667,-3.2,,,-3.159999999999968,,,,,False,structural_misfit,False,True
2025|line=40|event=895|date=20250921|station=43002,2025,43002,邵阳,40,宁湖线,2025|line=40|event=895|date=20250921,7.916666666666667,-3.2,-3.539999999999964,-3.4701404041861927,-3.159999999999968,1.1062499999999886,True,0.9547805913353946,0.0646068157056007,False,released,True,True
2025|line=40|event=896|date=20250921|station=43002,2025,43002,邵阳,40,宁湖线,2025|line=40|event=896|date=20250921,9.45,3.2,3.220000000000028,3.0952843761837032,3.069999999999993,1.0062500000000083,True,0.9909690211052344,0.0908833678187144,False,released,True,True
2025|line=40|event=897|date=20250921|station=43002,2025,43002,邵阳,40,宁湖线,2025|line=40|event=897|date=20250921,15.366666666666667,3.2,3.2549999999999955,3.0563425859695923,3.079999999999984,1.0171874999999986,True,0.9869237497193888,0.0963610962241935,False,released,True,True
2025|line=40|event=898|date=20250921|station=43002,2025,43002,邵阳,40,宁湖线,2025|line=40|event=898|date=20250921,9.3,3.2,3.1200000000000045,3.086329370648826,2.974999999999966,0.9750000000000014,True,0.9894093471081054,0.0654320312309782,False,released,True,True
2025|line=39|event=539|date=20251001|station=51105,2025,51105,巴中,39,哈渝线,2025|line=39|event=539|date=20251001,31.916666666666668,-4.7,-5.048848572810833,-4.515340446955474,-4.805,1.0742231005980496,True,0.9363912066479374,0.1591958361248758,False,released,True,True
2025|line=39|event=539|date=20251001|station=62001,2025,62001,兰州,39,哈渝线,2025|line=39|event=539|date=20251001,31.916666666666668,5.9,,,-0.3699999999953434,,,,,False,weak_abstention,False,True
2025|line=39|event=539|date=20251001|station=62149,2025,62149,古丰（台阵）,39,哈渝线,2025|line=39|event=539|date=20251001,31.916666666666668,5.6,5.542181906144165,5.451018898159834,5.399999999999992,0.9896753403828868,True,0.9952637942069888,0.1278581634980933,False,released,True,True
2025|line=39|event=539|date=20251001|station=62151,2025,62151,横梁（台阵）,39,哈渝线,2025|line=39|event=539|date=20251001,31.916666666666668,23.2,23.40901548137396,23.294419413928445,23.33999999999999,1.0090092879902568,True,0.9987498020957896,0.0896202572690508,False,released,True,True
2025|line=39|event=540|date=20251001|station=51105,2025,51105,巴中,39,哈渝线,2025|line=39|event=540|date=20251001,22.183333333333334,4.7,5.350000000000001,5.120775309032063,5.25,1.1382978723404258,True,0.8441987673768453,0.1509439372507944,False,released,True,True
2025|line=39|event=540|date=20251001|station=62001,2025,62001,兰州,39,哈渝线,2025|line=39|event=540|date=20251001,22.183333333333334,-5.9,,,0.3899999999994179,,,,,False,weak_abstention,False,True
2025|line=39|event=540|date=20251001|station=62149,2025,62149,古丰（台阵）,39,哈渝线,2025|line=39|event=540|date=20251001,22.183333333333334,-5.6,-5.694999999999993,-5.605630881821117,-5.629999999999996,1.0169642857142849,True,0.9949118460521652,0.1275744557106032,False,released,True,True
2025|line=39|event=540|date=20251001|station=62151,2025,62151,横梁（台阵）,39,哈渝线,2025|line=39|event=540|date=20251001,22.183333333333334,-23.2,-23.605000000000004,-23.4766564828102,-23.540000000000006,1.0174568965517243,True,0.9992792973078648,0.0959245365921679,False,released,True,True
2025|line=41|event=1001|date=20251012|station=42005,2025,42005,恩施,41,金湖线,2025|line=41|event=1001|date=20251012,36.38333333333333,9.5,8.352209821428566,8.01539724560891,6.035000000000004,0.879179981203007,True,0.9334049560493732,0.2509909995310853,True,released,True,True
2025|line=41|event=1001|date=20251012|station=50008,2025,50008,涪陵江东,41,金湖线,2025|line=41|event=1001|date=20251012,36.38333333333333,3.0,2.663830782312928,1.7156018804310356,2.8500000000000014,0.8879435941043093,True,0.6868048372257768,0.0987728923316875,True,released,True,True
2025|line=39|event=542|date=20251014|station=62151,2025,62151,横梁（台阵）,39,哈渝线,2025|line=39|event=542|date=20251014,72.26666666666667,11.6,11.8640073611421,12.5132109488182,11.540000000000006,1.0227592552708706,True,0.9905739781048536,0.0885984974532261,False,released,True,True
2025|line=39|event=543|date=20251014|station=62151,2025,62151,横梁（台阵）,39,哈渝线,2025|line=39|event=543|date=20251014,51.083333333333336,11.3,11.7966339869281,11.771497123081504,11.170000000000002,1.0439499103476193,True,0.9972447455461771,0.1098941315211373,False,released,True,True
2025|line=39|event=544|date=20251014|station=62151,2025,62151,横梁（台阵）,39,哈渝线,2025|line=39|event=544|date=20251014,77.3,-11.5,-12.023877689575931,-12.228131956822612,-11.57,1.0455545817022551,True,0.9971124117161386,0.0915130716735953,False,released,True,True
2025|line=39|event=545|date=20251014|station=62151,2025,62151,横梁（台阵）,39,哈渝线,2025|line=39|event=545|date=20251014,21.883333333333333,-11.3,-11.36,-11.460749740739672,-11.454999999999998,1.0053097345132742,True,0.9561863387887788,0.0884368523693167,False,released,True,True
2025|line=39|event=546|date=20251014|station=51105,2025,51105,巴中,39,哈渝线,2025|line=39|event=546|date=20251014,32.68333333333333,4.6,4.753897581792323,4.786906940410455,4.595000000000006,1.0334559960418097,True,0.9777866567816405,0.135185068491219,False,released,True,True
2025|line=39|event=546|date=20251014|station=62001,2025,62001,兰州,39,哈渝线,2025|line=39|event=546|date=20251014,32.68333333333333,-5.8,,,0.1949999999997089,,,,,False,weak_abstention,False,True
2025|line=39|event=546|date=20251014|station=62149,2025,62149,古丰（台阵）,39,哈渝线,2025|line=39|event=546|date=20251014,32.68333333333333,-5.6,-5.800540540540553,-5.859565182656455,-5.864999999999995,1.035810810810813,True,0.99601838354409,0.1176622320305613,False,released,True,True
2025|line=39|event=546|date=20251014|station=62151,2025,62151,横梁（台阵）,39,哈渝线,2025|line=39|event=546|date=20251014,32.68333333333333,-23.0,-23.680324798482687,-23.75735093022861,-23.75,1.0295793390644647,True,0.9993515226920128,0.0820644386515843,False,released,True,True
2025|line=39|event=547|date=20251014|station=51105,2025,51105,巴中,39,哈渝线,2025|line=39|event=547|date=20251014,37.91666666666666,4.5,5.318612716763006,5.23671507934298,5.32,1.1819139370584455,True,0.977383224316968,0.234868770417307,False,released,True,True
2025|line=39|event=547|date=20251014|station=62001,2025,62001,兰州,39,哈渝线,2025|line=39|event=547|date=20251014,37.91666666666666,-5.7,,,-0.0650000000023283,,,,,False,invalid_window,False,True
2025|line=39|event=547|date=20251014|station=62149,2025,62149,古丰（台阵）,39,哈渝线,2025|line=39|event=547|date=20251014,37.91666666666666,-5.5,-5.874135012386461,-5.864607825554513,-5.75,1.0680245477066292,True,0.9966423668495794,0.0654420298808006,False,released,True,True
2025|line=39|event=547|date=20251014|station=62151,2025,62151,横梁（台阵）,39,哈渝线,2025|line=39|event=547|date=20251014,37.91666666666666,-22.5,-23.567131502890163,-23.66264953348557,-23.5,1.0474280667951184,True,0.9985689344843144,0.0936659615307986,False,released,True,True
2025|line=39|event=548|date=20251014|station=51105,2025,51105,巴中,39,哈渝线,2025|line=39|event=548|date=20251014,25.416666666666668,4.6,5.095000000000006,5.10964507882598,5.045000000000002,1.1076086956521751,True,0.9563760144455246,0.1218837472415276,False,released,True,True
2025|line=39|event=548|date=20251014|station=62001,2025,62001,兰州,39,哈渝线,2025|line=39|event=548|date=20251014,25.416666666666668,-5.8,,,-0.2950000000055297,,,,,False,weak_abstention,False,True
2025|line=39|event=548|date=20251014|station=62149,2025,62149,古丰（台阵）,39,哈渝线,2025|line=39|event=548|date=20251014,25.416666666666668,-5.6,-5.534999999999997,-8.460370206122713,-5.625,0.9883928571428566,True,0.8462923460562156,0.0630026292528024,False,released,True,True
2025|line=39|event=548|date=20251014|station=62151,2025,62151,横梁（台阵）,39,哈渝线,2025|line=39|event=548|date=20251014,25.416666666666668,-22.9,-23.480000000000004,-23.518903953233544,-23.480000000000004,1.0253275109170308,True,0.9995885876916965,0.0937742768553748,False,released,True,True
2025|line=39|event=551|date=20251014|station=51105,2025,51105,巴中,39,哈渝线,2025|line=39|event=551|date=20251014,7.7,4.6,5.149999999999999,5.11547757856175,5.104999999999997,1.1195652173913042,True,0.9945332881069702,0.1099441081831959,False,released,True,True
2025|line=39|event=551|date=20251014|station=62001,2025,62001,兰州,39,哈渝线,2025|line=39|event=551|date=20251014,7.7,-5.7,,,1.3099999999976717,,,,,False,invalid_window,False,True
2025|line=39|event=551|date=20251014|station=62149,2025,62149,古丰（台阵）,39,哈渝线,2025|line=39|event=551|date=20251014,7.7,-5.5,-5.730000000000004,-5.741374334562779,-5.664999999999992,1.0418181818181826,True,0.9987399591075709,0.0645253504375027,False,released,True,True
2025|line=39|event=551|date=20251014|station=62151,2025,62151,横梁（台阵）,39,哈渝线,2025|line=39|event=551|date=20251014,7.7,-22.7,-23.61,-23.569409720181188,-23.60000000000001,1.0400881057268725,True,0.9998737627147676,0.0831890337891803,False,released,True,True
2025|line=39|event=552|date=20251014|station=51105,2025,51105,巴中,39,哈渝线,2025|line=39|event=552|date=20251014,22.216666666666665,4.6,,,5.885000000000005,,,,,False,structural_misfit,False,True
2025|line=39|event=552|date=20251014|station=62001,2025,62001,兰州,39,哈渝线,2025|line=39|event=552|date=20251014,22.216666666666665,-5.8,0.514999999992142,1.5119999999937137,0.8399999999965075,0.088793103446921,False,0.0628441744051597,0.1592024575738516,False,released,True,True
2025|line=39|event=552|date=20251014|station=62149,2025,62149,古丰（台阵）,39,哈渝线,2025|line=39|event=552|date=20251014,22.216666666666665,-5.6,-5.670000000000002,-5.589388471177753,-5.689999999999998,1.0125000000000004,True,0.998315017830936,0.0654911964729812,False,released,True,True
2025|line=39|event=552|date=20251014|station=62151,2025,62151,横梁（台阵）,39,哈渝线,2025|line=39|event=552|date=20251014,22.216666666666665,-23.0,-23.545,-23.504912711636504,-23.570000000000007,1.0236956521739131,True,0.9996184055987504,0.0853649737689467,False,released,True,True
2025|line=39|event=553|date=20251014|station=51105,2025,51105,巴中,39,哈渝线,2025|line=39|event=553|date=20251014,17.933333333333334,4.6,4.82,4.904211419415921,4.850000000000001,1.047826086956522,True,0.9912706314612488,0.163046584399343,False,released,True,True
2025|line=39|event=553|date=20251014|station=62001,2025,62001,兰州,39,哈渝线,2025|line=39|event=553|date=20251014,17.933333333333334,-5.8,,,0.1650000000008731,,,,,False,weak_abstention,False,True
2025|line=39|event=553|date=20251014|station=62149,2025,62149,古丰（台阵）,39,哈渝线,2025|line=39|event=553|date=20251014,17.933333333333334,-5.6,-5.6200000000000045,-5.648835434158677,-5.609999999999999,1.0035714285714294,True,0.998610340109487,0.0647816624741825,False,released,True,True
2025|line=39|event=553|date=20251014|station=62151,2025,62151,横梁（台阵）,39,哈渝线,2025|line=39|event=553|date=20251014,17.933333333333334,-22.9,-23.43,-23.46417593709453,-23.46,1.0231441048034933,True,0.9995613436048482,0.0885654203431158,False,released,True,True
2025|line=39|event=554|date=20251014|station=51105,2025,51105,巴中,39,哈渝线,2025|line=39|event=554|date=20251014,21.816666666666663,4.6,,,5.040000000000006,,,,,False,structural_misfit,False,True
2025|line=39|event=554|date=20251014|station=62001,2025,62001,兰州,39,哈渝线,2025|line=39|event=554|date=20251014,21.816666666666663,-5.8,,,0.2300000000032014,,,,,False,structural_misfit,False,True
2025|line=39|event=554|date=20251014|station=62149,2025,62149,古丰（台阵）,39,哈渝线,2025|line=39|event=554|date=20251014,21.816666666666663,-5.5,,,-5.780000000000001,,,,,False,structural_misfit,False,True
2025|line=39|event=554|date=20251014|station=62151,2025,62151,横梁（台阵）,39,哈渝线,2025|line=39|event=554|date=20251014,21.816666666666663,-22.8,,,-23.66000000000001,,,,,False,structural_misfit,False,True
2025|line=39|event=556|date=20251014|station=51105,2025,51105,巴中,39,哈渝线,2025|line=39|event=556|date=20251014,23.53333333333333,-4.7,,,-5.754999999999996,,,,,False,structural_misfit,False,True
2025|line=39|event=556|date=20251014|station=62001,2025,62001,兰州,39,哈渝线,2025|line=39|event=556|date=20251014,23.53333333333333,5.9,,,-0.3699999999953434,,,,,False,structural_misfit,False,True
2025|line=39|event=556|date=20251014|station=62149,2025,62149,古丰（台阵）,39,哈渝线,2025|line=39|event=556|date=20251014,23.53333333333333,5.7,,,5.930000000000007,,,,,False,structural_misfit,False,True
2025|line=39|event=556|date=20251014|station=62151,2025,62151,横梁（台阵）,39,哈渝线,2025|line=39|event=556|date=20251014,23.53333333333333,23.5,,,24.570000000000007,,,,,False,structural_misfit,False,True
2025|line=39|event=558|date=20251014|station=51105,2025,51105,巴中,39,哈渝线,2025|line=39|event=558|date=20251014,4.316666666666666,-4.6,-4.899999999999999,-4.990609268361185,-4.934999999999995,1.0652173913043477,True,0.9950390548018484,0.0446584490105206,False,released,True,True
2025|line=39|event=558|date=20251014|station=62001,2025,62001,兰州,39,哈渝线,2025|line=39|event=558|date=20251014,4.316666666666666,5.8,,,-0.1650000000008731,,,,,False,weak_abstention,False,True
2025|line=39|event=558|date=20251014|station=62149,2025,62149,古丰（台阵）,39,哈渝线,2025|line=39|event=558|date=20251014,4.316666666666666,5.5,5.679999999999993,5.689319551786822,5.689999999999998,1.0327272727272714,True,0.9987513513245488,0.0435447140212098,False,released,True,True
2025|line=39|event=558|date=20251014|station=62151,2025,62151,横梁（台阵）,39,哈渝线,2025|line=39|event=558|date=20251014,4.316666666666666,22.8,23.5,23.522286769048687,23.47999999999999,1.030701754385965,True,0.99980984033584,0.0707609501046986,False,released,True,True
2025|line=41|event=1002|date=20251014|station=42005,2025,42005,恩施,41,金湖线,2025|line=41|event=1002|date=20251014,58.66666666666666,9.5,,,5.794999999999995,,,,,True,structural_misfit,False,True
2025|line=41|event=1002|date=20251014|station=50008,2025,50008,涪陵江东,41,金湖线,2025|line=41|event=1002|date=20251014,58.66666666666666,3.0,,,3.305,,,,,True,structural_misfit,False,True
2025|line=39|event=559|date=20251015|station=62151,2025,62151,横梁（台阵）,39,哈渝线,2025|line=39|event=559|date=20251015,9.05,11.5,11.659999999999997,11.757797558432628,11.659999999999997,1.0139130434782606,True,0.9996323502551396,0.0779067667475807,False,released,True,True
2025|line=39|event=560|date=20251015|station=62151,2025,62151,横梁（台阵）,39,哈渝线,2025|line=39|event=560|date=20251015,9.45,4.4,,,5.644999999999996,,,,,False,invalid_window,False,True
2025|line=39|event=562|date=20251015|station=51105,2025,51105,巴中,39,哈渝线,2025|line=39|event=562|date=20251015,7.95,-4.6,-6.319999999999993,-6.976278391920414,-5.769999999999996,1.3739130434782596,True,0.9055151816038606,0.1015434728640224,False,released,True,True
2025|line=39|event=562|date=20251015|station=62001,2025,62001,兰州,39,哈渝线,2025|line=39|event=562|date=20251015,7.95,5.9,-7.865000000005239,-1.835999999994237,-1.0199999999967986,,,0.2402854288143125,,False,structural_misfit,False,True
2025|line=39|event=562|date=20251015|station=62149,2025,62149,古丰（台阵）,39,哈渝线,2025|line=39|event=562|date=20251015,7.95,5.6,5.379999999999996,5.892736245322925,5.409999999999997,0.960714285714285,True,0.956510638865583,0.1050372801580024,False,released,True,True
2025|line=39|event=562|date=20251015|station=62151,2025,62151,横梁（台阵）,39,哈渝线,2025|line=39|event=562|date=20251015,7.95,23.2,23.08,23.62473794549267,23.14999999999999,0.9948275862068964,True,0.9960166164704816,0.0720650634996624,False,released,True,True
2025|line=39|event=563|date=20251015|station=51105,2025,51105,巴中,39,哈渝线,2025|line=39|event=563|date=20251015,4.75,4.6,5.040000000000006,5.540200069272485,5.200000000000003,1.095652173913045,True,0.9580812610218268,0.093097493985895,False,released,True,True
2025|line=39|event=563|date=20251015|station=62001,2025,62001,兰州,39,哈渝线,2025|line=39|event=563|date=20251015,4.75,-5.8,5.34000000001106,6.292848368485724,5.640000000006694,,,0.2939508780067527,,False,structural_misfit,False,True
2025|line=39|event=563|date=20251015|station=62149,2025,62149,古丰（台阵）,39,哈渝线,2025|line=39|event=563|date=20251015,4.75,-5.6,-6.149999999999992,-5.66373952288834,-6.299999999999997,1.0982142857142845,True,0.9842116839912926,0.0473035767791905,False,released,True,True
2025|line=39|event=563|date=20251015|station=62151,2025,62151,横梁（台阵）,39,哈渝线,2025|line=39|event=563|date=20251015,4.75,-23.0,-24.36,-23.467554076939063,-24.21,1.0591304347826087,True,0.9961871459927486,0.0813770022606537,False,released,True,True
2025|line=39|event=565|date=20251015|station=51105,2025,51105,巴中,39,哈渝线,2025|line=39|event=565|date=20251015,5.016666666666667,-4.7,-5.460000000000008,-5.702950259483961,-5.204999999999998,1.161702127659576,True,0.9792667602391631,0.1437719610265416,False,released,True,True
2025|line=39|event=565|date=20251015|station=62001,2025,62001,兰州,39,哈渝线,2025|line=39|event=565|date=20251015,5.016666666666667,5.9,,,-3.940000000002328,,,,,False,invalid_window,False,True
2025|line=39|event=565|date=20251015|station=62149,2025,62149,古丰（台阵）,39,哈渝线,2025|line=39|event=565|date=20251015,5.016666666666667,5.7,6.329999999999998,5.739524178752311,6.175000000000004,1.1105263157894734,True,0.9694562885159422,0.0610618517444202,False,released,True,True
2025|line=39|event=565|date=20251015|station=62151,2025,62151,横梁（台阵）,39,哈渝线,2025|line=39|event=565|date=20251015,5.016666666666667,23.3,24.08,23.45704794520548,23.989999999999995,1.0334763948497854,True,0.997681305682538,0.1183710876091632,False,released,True,True
2025|line=39|event=566|date=20251015|station=51020,2025,51020,江油,39,哈渝线,2025|line=39|event=566|date=20251015,4.55,-3.2,-2.4399999999999977,-2.913467503548287,-2.405000000000001,0.7624999999999993,True,0.9068977383360404,0.0892508701772381,False,released,True,True
2025|line=39|event=566|date=20251015|station=51105,2025,51105,巴中,39,哈渝线,2025|line=39|event=566|date=20251015,4.55,7.0,7.950000000000003,7.4838756017738195,7.620000000000003,1.135714285714286,True,0.979574428242231,0.0444439558807264,False,released,True,True
2025|line=39|event=566|date=20251015|station=62001,2025,62001,兰州,39,哈渝线,2025|line=39|event=566|date=20251015,4.55,-8.8,,,7.594999999993888,,,,,False,invalid_window,False,True
2025|line=39|event=566|date=20251015|station=62149,2025,62149,古丰（台阵）,39,哈渝线,2025|line=39|event=566|date=20251015,4.55,-8.4,-8.039999999999992,-8.515061707835352,-8.049999999999997,0.9571428571428562,True,0.9910992560957724,0.0826776307385142,False,released,True,True
2025|line=39|event=566|date=20251015|station=62151,2025,62151,横梁（台阵）,39,哈渝线,2025|line=39|event=566|date=20251015,4.55,-34.8,-34.834999999999994,-35.21212021485521,-34.879999999999995,1.0010057471264366,True,0.999455704707782,0.0726883211469852,False,released,True,True
2025|line=39|event=567|date=20251015|station=51020,2025,51020,江油,39,哈渝线,2025|line=39|event=567|date=20251015,7.533333333333333,-3.2,-2.5250000000000057,-3.1250671339209344,-2.450000000000003,0.7890625000000018,True,0.3349816310591952,0.047264500177045,False,released,True,True
2025|line=39|event=567|date=20251015|station=51105,2025,51105,巴中,39,哈渝线,2025|line=39|event=567|date=20251015,7.533333333333333,7.0,8.435000000000002,8.483124216184262,8.135000000000005,1.2050000000000003,True,0.9895796189913252,0.1003950345552974,False,released,True,True
2025|line=39|event=567|date=20251015|station=62001,2025,62001,兰州,39,哈渝线,2025|line=39|event=567|date=20251015,7.533333333333333,-8.8,,,1.179999999993015,,,,,False,invalid_window,False,True
2025|line=39|event=567|date=20251015|station=62149,2025,62149,古丰（台阵）,39,哈渝线,2025|line=39|event=567|date=20251015,7.533333333333333,-8.4,-8.125,-8.43257871209106,-8.149999999999999,0.9672619047619048,True,0.966265759713945,0.0639665999274261,False,released,True,True
2025|line=39|event=567|date=20251015|station=62151,2025,62151,横梁（台阵）,39,哈渝线,2025|line=39|event=567|date=20251015,7.533333333333333,-34.7,-34.775,-35.28652498784881,-34.805,1.0021613832853025,True,0.9988519153440648,0.0723634768493001,False,released,True,True
2025|line=39|event=568|date=20251015|station=51105,2025,51105,巴中,39,哈渝线,2025|line=39|event=568|date=20251015,18.383333333333333,-3.5,-3.710000000000008,-6.589083380520477,-4.650000000000006,1.0600000000000025,True,0.8410659024189487,0.2302100490912363,False,released,True,True
2025|line=39|event=568|date=20251015|station=62001,2025,62001,兰州,39,哈渝线,2025|line=39|event=568|date=20251015,18.383333333333333,4.4,1.4749999999985448,2.538818691608149,1.430000000000291,,,0.1490628478337923,,False,structural_misfit,False,True
2025|line=39|event=568|date=20251015|station=62149,2025,62149,古丰（台阵）,39,哈渝线,2025|line=39|event=568|date=20251015,18.383333333333333,4.3,5.224999999999994,6.190402905520288,4.730000000000004,1.2151162790697665,True,0.8365370634469963,0.0712804486336928,False,released,True,True
2025|line=39|event=568|date=20251015|station=62151,2025,62151,横梁（台阵）,39,哈渝线,2025|line=39|event=568|date=20251015,18.383333333333333,17.6,18.180000000000007,17.679967204365873,18.14,1.0329545454545457,True,0.9809080128100988,0.1068778220735393,False,released,True,True
2025|line=39|event=569|date=20251015|station=51105,2025,51105,巴中,39,哈渝线,2025|line=39|event=569|date=20251015,26.266666666666666,-3.5,-2.960000000000008,-5.573049997479959,-3.1300000000000097,0.845714285714288,True,0.7256398033305773,0.1936696639298503,False,released,True,True
2025|line=39|event=569|date=20251015|station=62001,2025,62001,兰州,39,哈渝线,2025|line=39|event=569|date=20251015,26.266666666666666,4.4,,,,,,,,False,invalid_window,False,True
2025|line=39|event=569|date=20251015|station=62149,2025,62149,古丰（台阵）,39,哈渝线,2025|line=39|event=569|date=20251015,26.266666666666666,4.2,6.510000000000005,7.35293784274291,4.579999999999998,1.5500000000000012,True,0.8675342423723604,0.059869258782786,False,released,True,True
2025|line=39|event=569|date=20251015|station=62151,2025,62151,横梁（台阵）,39,哈渝线,2025|line=39|event=569|date=20251015,26.266666666666666,17.4,17.954999999999984,17.593582124506085,17.934999999999988,1.0318965517241372,True,0.979530863535006,0.0819503118536438,False,released,True,True
2025|line=39|event=570|date=20251015|station=51105,2025,51105,巴中,39,哈渝线,2025|line=39|event=570|date=20251015,26.73333333333333,-3.5,-3.490000000000002,-4.851595810590392,-3.680000000000007,0.9971428571428576,True,0.7944977390057404,0.2550094968371392,False,released,True,True
2025|line=39|event=570|date=20251015|station=62001,2025,62001,兰州,39,哈渝线,2025|line=39|event=570|date=20251015,26.73333333333333,4.4,4.619999999995343,8.229598992974855,5.019999999996799,,,0.3325446587504397,,False,structural_misfit,False,True
2025|line=39|event=570|date=20251015|station=62149,2025,62149,古丰（台阵）,39,哈渝线,2025|line=39|event=570|date=20251015,26.73333333333333,4.2,5.004999999999996,6.070771117749173,4.685000000000002,1.1916666666666655,True,0.8068548850129869,0.0420120966439907,False,released,True,True
2025|line=39|event=570|date=20251015|station=62151,2025,62151,横梁（台阵）,39,哈渝线,2025|line=39|event=570|date=20251015,26.73333333333333,17.5,17.989999999999995,17.811428143997702,17.97,1.0279999999999998,True,0.9788545091564748,0.1102176412475462,False,released,True,True
2025|line=39|event=571|date=20251015|station=51105,2025,51105,巴中,39,哈渝线,2025|line=39|event=571|date=20251015,33.8,-3.5,-3.674296733212344,-3.5007413783422594,-3.695,1.0497990666320984,True,0.9797915587198222,0.1497929510885353,False,released,True,True
2025|line=39|event=571|date=20251015|station=62001,2025,62001,兰州,39,哈渝线,2025|line=39|event=571|date=20251015,33.8,4.4,,,4.275000000001455,,,,,False,invalid_window,False,True
2025|line=39|event=571|date=20251015|station=62149,2025,62149,古丰（台阵）,39,哈渝线,2025|line=39|event=571|date=20251015,33.8,4.2,4.009641560798556,4.324570629034084,4.1000000000000085,0.9546765620948944,True,0.9860906042571794,0.0911912236104081,False,released,True,True
2025|line=39|event=571|date=20251015|station=62151,2025,62151,横梁（台阵）,39,哈渝线,2025|line=39|event=571|date=20251015,33.8,17.5,17.71717105263157,17.640119036204077,17.799999999999997,1.0124097744360898,True,0.999532456890703,0.0919163229045393,False,released,True,True
2025|line=39|event=572|date=20251015|station=51105,2025,51105,巴中,39,哈渝线,2025|line=39|event=572|date=20251015,41.36666666666667,-3.5,-3.944313613955252,-3.5787885784146507,-3.844999999999999,1.1269467468443577,True,0.8452781219442278,0.3673737598181594,False,released,True,True
2025|line=39|event=572|date=20251015|station=62001,2025,62001,兰州,39,哈渝线,2025|line=39|event=572|date=20251015,41.36666666666667,4.4,3.567366325369221,4.853353239621982,3.2949999999982538,,,0.1928523879969053,,False,structural_misfit,False,True
2025|line=39|event=572|date=20251015|station=62149,2025,62149,古丰（台阵）,39,哈渝线,2025|line=39|event=572|date=20251015,41.36666666666667,4.2,4.323667045885486,4.311218407069447,4.300000000000011,1.0294445347346397,True,0.9871433372743232,0.1175505919060953,False,released,True,True
2025|line=39|event=572|date=20251015|station=62151,2025,62151,横梁（台阵）,39,哈渝线,2025|line=39|event=572|date=20251015,41.36666666666667,17.3,17.5776109215017,17.574750011211968,17.590000000000003,1.0160468740752429,True,0.9952846685728932,0.0824231781495782,False,released,True,True
2025|line=39|event=573|date=20251015|station=51105,2025,51105,巴中,39,哈渝线,2025|line=39|event=573|date=20251015,20.05,-3.5,-3.440000000000005,-3.465183147328768,-3.4000000000000057,0.9828571428571442,True,0.9512611374991072,0.1335967411304143,False,released,True,True
2025|line=39|event=573|date=20251015|station=62001,2025,62001,兰州,39,哈渝线,2025|line=39|event=573|date=20251015,20.05,4.4,4.1600000000034925,4.87175457047115,4.130000000004657,,,0.2282906426193633,,False,structural_misfit,False,True
2025|line=39|event=573|date=20251015|station=62149,2025,62149,古丰（台阵）,39,哈渝线,2025|line=39|event=573|date=20251015,20.05,4.2,4.290000000000006,4.28848251507184,4.239999999999995,1.021428571428573,True,0.996913924062193,0.0826811487209183,False,released,True,True
2025|line=39|event=573|date=20251015|station=62151,2025,62151,横梁（台阵）,39,哈渝线,2025|line=39|event=573|date=20251015,20.05,17.4,17.684999999999988,17.615993635143415,17.694999999999993,1.016379310344827,True,0.9997331871918064,0.1096245755608823,False,released,True,True
2025|line=39|event=574|date=20251015|station=51020,2025,51020,江油,39,哈渝线,2025|line=39|event=574|date=20251015,30.58333333333333,-3.2,-3.162297637003519,-3.0166178047441856,-2.9199999999999875,0.9882180115635996,True,0.4347624843445271,0.0668169632874921,False,released,True,True
2025|line=39|event=574|date=20251015|station=51105,2025,51105,巴中,39,哈渝线,2025|line=39|event=574|date=20251015,30.58333333333333,6.9,7.73140774258421,7.548496031280567,7.644999999999996,1.120493875736842,True,0.995372108287794,0.1111981343978063,False,released,True,True
2025|line=39|event=574|date=20251015|station=62001,2025,62001,兰州,39,哈渝线,2025|line=39|event=574|date=20251015,30.58333333333333,-8.7,,,-9.92000000000553,,,,,False,invalid_window,False,True
2025|line=39|event=574|date=20251015|station=62149,2025,62149,古丰（台阵）,39,哈渝线,2025|line=39|event=574|date=20251015,30.58333333333333,-8.4,-8.639728506787336,-8.607726531449886,-8.64,1.0285391079508732,True,0.9986731758413334,0.0754706815865139,False,released,True,True
2025|line=39|event=574|date=20251015|station=62151,2025,62151,横梁（台阵）,39,哈渝线,2025|line=39|event=574|date=20251015,30.58333333333333,-34.4,-35.46050276520866,-35.367473469505974,-35.42999999999999,1.0308285687560657,True,0.9995526951082634,0.0961924120404665,False,released,True,True
2025|line=39|event=575|date=20251015|station=51020,2025,51020,江油,39,哈渝线,2025|line=39|event=575|date=20251015,28.133333333333333,-3.2,-3.0649999999999977,-2.9148047713546483,-2.7700000000000102,0.9578124999999992,True,0.5054668633634332,0.0631588827039536,False,released,True,True
2025|line=39|event=575|date=20251015|station=51105,2025,51105,巴中,39,哈渝线,2025|line=39|event=575|date=20251015,28.133333333333333,6.9,7.850000000000001,7.606592229258375,7.780000000000001,1.13768115942029,True,0.9934196144254296,0.1151572036854619,False,released,True,True
2025|line=39|event=575|date=20251015|station=62001,2025,62001,兰州,39,哈渝线,2025|line=39|event=575|date=20251015,28.133333333333333,-8.7,-9.244999999995343,-8.984834657737359,-9.179999999993017,1.0626436781603843,True,0.9426536087416014,0.0729159926117248,False,released,True,True
2025|line=39|event=575|date=20251015|station=62149,2025,62149,古丰（台阵）,39,哈渝线,2025|line=39|event=575|date=20251015,28.133333333333333,-8.4,-8.695000000000007,-8.649229026147317,-8.555000000000007,1.0351190476190484,True,0.998274611217014,0.0956147798803195,False,released,True,True
2025|line=39|event=575|date=20251015|station=62151,2025,62151,横梁（台阵）,39,哈渝线,2025|line=39|event=575|date=20251015,28.133333333333333,-34.4,-35.39,-35.374857478394574,-35.349999999999994,1.028779069767442,True,0.999661883649808,0.1234629222241516,False,released,True,True
2025|line=39|event=577|date=20251015|station=62151,2025,62151,横梁（台阵）,39,哈渝线,2025|line=39|event=577|date=20251015,22.433333333333334,11.6,,,11.710000000000008,,,,,False,structural_misfit,False,True
2025|line=39|event=578|date=20251015|station=62151,2025,62151,横梁（台阵）,39,哈渝线,2025|line=39|event=578|date=20251015,7.666666666666667,11.6,11.789999999999992,11.512513261790572,11.75,1.0163793103448269,True,0.960821945512973,0.0741440237856105,False,released,True,True
2025|line=39|event=579|date=20251016|station=51020,2025,51020,江油,39,哈渝线,2025|line=39|event=579|date=20251016,7.533333333333333,-3.2,-4.060000000000002,-4.168822399820074,-3.26000000000002,1.2687500000000007,True,0.7558226686800062,0.0609501339633663,False,released,True,True
2025|line=39|event=579|date=20251016|station=51105,2025,51105,巴中,39,哈渝线,2025|line=39|event=579|date=20251016,7.533333333333333,6.9,7.729999999999997,7.797159727137071,7.630000000000003,1.1202898550724631,True,0.9918344988394336,0.138120993481328,False,released,True,True
2025|line=39|event=579|date=20251016|station=62001,2025,62001,兰州,39,哈渝线,2025|line=39|event=579|date=20251016,7.533333333333333,-8.7,-10.325000000004366,-11.20000720920742,-10.135000000002035,,,0.7298549030928589,,False,structural_misfit,False,True
2025|line=39|event=579|date=20251016|station=62149,2025,62149,古丰（台阵）,39,哈渝线,2025|line=39|event=579|date=20251016,7.533333333333333,-8.4,-8.879999999999995,-8.65508210639151,-8.769999999999996,1.0571428571428565,True,0.9944006456221348,0.0789096787623748,False,released,True,True
2025|line=39|event=579|date=20251016|station=62151,2025,62151,横梁（台阵）,39,哈渝线,2025|line=39|event=579|date=20251016,7.533333333333333,-34.6,-35.69,-35.39502417187561,-35.61,1.0315028901734102,True,0.9996023590747528,0.0795804383314768,False,released,True,True
2025|line=39|event=580|date=20251016|station=51020,2025,51020,江油,39,哈渝线,2025|line=39|event=580|date=20251016,20.73333333333333,-3.2,-4.204999999999984,-4.948860516738876,-3.115000000000009,1.314062499999995,True,0.511952983926965,0.0827026114073886,False,released,True,True
2025|line=39|event=580|date=20251016|station=51105,2025,51105,巴中,39,哈渝线,2025|line=39|event=580|date=20251016,20.73333333333333,7.0,7.719999999999999,7.900076575923886,7.740000000000002,1.1028571428571428,True,0.881109544186566,0.1108446737878711,False,released,True,True
2025|line=39|event=580|date=20251016|station=62001,2025,62001,兰州,39,哈渝线,2025|line=39|event=580|date=20251016,20.73333333333333,-8.8,-9.805000000000293,-8.538681175471226,-9.694999999992431,,,0.5807196243404604,,False,structural_misfit,False,True
2025|line=39|event=580|date=20251016|station=62149,2025,62149,古丰（台阵）,39,哈渝线,2025|line=39|event=580|date=20251016,20.73333333333333,-8.4,-8.799999999999997,-8.42551833988329,-8.75,1.0476190476190472,True,0.9711181987171222,0.0675221980089024,False,released,True,True
2025|line=39|event=580|date=20251016|station=62151,2025,62151,横梁（台阵）,39,哈渝线,2025|line=39|event=580|date=20251016,20.73333333333333,-34.7,-35.59,-35.280405561510065,-35.52,1.025648414985591,True,0.9984097458376672,0.099875187239237,False,released,True,True
2025|line=39|event=581|date=20251016|station=51020,2025,51020,江油,39,哈渝线,2025|line=39|event=581|date=20251016,21.3,-3.2,-4.825000000000017,-5.542487502867984,-3.285000000000011,1.507812500000005,True,0.6140277640242806,0.0776940133897785,False,released,True,True
2025|line=39|event=581|date=20251016|station=51105,2025,51105,巴中,39,哈渝线,2025|line=39|event=581|date=20251016,21.3,6.9,7.109999999999999,10.572538730888455,7.130000000000003,1.0304347826086957,True,0.7984195331204698,0.1611252091851128,False,released,True,True
2025|line=39|event=581|date=20251016|station=62001,2025,62001,兰州,39,哈渝线,2025|line=39|event=581|date=20251016,21.3,-8.7,-8.92000000000553,-8.42297474747274,-8.910000000003492,,,0.4794611832839209,,False,structural_misfit,False,True
2025|line=39|event=581|date=20251016|station=62149,2025,62149,古丰（台阵）,39,哈渝线,2025|line=39|event=581|date=20251016,21.3,-8.4,-8.489999999999995,-8.325710655675884,-8.314999999999998,1.010714285714285,True,0.9170704214476804,0.0871990078764204,False,released,True,True
2025|line=39|event=581|date=20251016|station=62151,2025,62151,横梁（台阵）,39,哈渝线,2025|line=39|event=581|date=20251016,21.3,-34.6,-35.86000000000001,-35.387138711500334,-35.790000000000006,1.0364161849710984,True,0.992364749288558,0.0908640100525653,False,released,True,True
2025|line=39|event=582|date=20251016|station=51020,2025,51020,江油,39,哈渝线,2025|line=39|event=582|date=20251016,17.633333333333333,-3.2,,,-3.480000000000004,,,,,False,structural_misfit,False,True
2025|line=39|event=582|date=20251016|station=51105,2025,51105,巴中,39,哈渝线,2025|line=39|event=582|date=20251016,17.633333333333333,6.9,,,6.799999999999997,,,,,False,structural_misfit,False,True
2025|line=39|event=582|date=20251016|station=62001,2025,62001,兰州,39,哈渝线,2025|line=39|event=582|date=20251016,17.633333333333333,-8.7,,,-8.080000000001746,,,,,False,invalid_window,False,True
2025|line=39|event=582|date=20251016|station=62149,2025,62149,古丰（台阵）,39,哈渝线,2025|line=39|event=582|date=20251016,17.633333333333333,-8.4,,,-8.939999999999998,,,,,False,structural_misfit,False,True
2025|line=39|event=582|date=20251016|station=62151,2025,62151,横梁（台阵）,39,哈渝线,2025|line=39|event=582|date=20251016,17.633333333333333,-34.6,,,-35.559999999999995,,,,,False,structural_misfit,False,True
2025|line=39|event=583|date=20251016|station=51020,2025,51020,江油,39,哈渝线,2025|line=39|event=583|date=20251016,20.366666666666667,-3.2,,,-2.670000000000016,,,,,False,structural_misfit,False,True
2025|line=39|event=583|date=20251016|station=51105,2025,51105,巴中,39,哈渝线,2025|line=39|event=583|date=20251016,20.366666666666667,6.9,,,5.969999999999999,,,,,False,structural_misfit,False,True
2025|line=39|event=583|date=20251016|station=62001,2025,62001,兰州,39,哈渝线,2025|line=39|event=583|date=20251016,20.366666666666667,-8.8,,,-8.724999999998545,,,,,False,invalid_window,False,True
2025|line=39|event=583|date=20251016|station=62149,2025,62149,古丰（台阵）,39,哈渝线,2025|line=39|event=583|date=20251016,20.366666666666667,-8.4,,,-8.870000000000005,,,,,False,structural_misfit,False,True
2025|line=39|event=583|date=20251016|station=62151,2025,62151,横梁（台阵）,39,哈渝线,2025|line=39|event=583|date=20251016,20.366666666666667,-34.6,,,-35.654999999999994,,,,,False,structural_misfit,False,True
2025|line=39|event=584|date=20251016|station=51020,2025,51020,江油,39,哈渝线,2025|line=39|event=584|date=20251016,16.25,-3.2,-7.0,-5.696999999999985,-3.164999999999992,2.1875,True,0.7178983394076729,0.0852837624850875,False,released,True,True
2025|line=39|event=584|date=20251016|station=51105,2025,51105,巴中,39,哈渝线,2025|line=39|event=584|date=20251016,16.25,6.9,6.8500000000000085,10.564561745079011,7.0,0.992753623188407,True,0.8743269113897106,0.0929829180615984,False,released,True,True
2025|line=39|event=584|date=20251016|station=62001,2025,62001,兰州,39,哈渝线,2025|line=39|event=584|date=20251016,16.25,-8.7,-9.345000000001164,-9.269267986511826,-8.474999999998545,,,0.4943241649889864,,False,structural_misfit,False,True
2025|line=39|event=584|date=20251016|station=62149,2025,62149,古丰（台阵）,39,哈渝线,2025|line=39|event=584|date=20251016,16.25,-8.4,-9.634999999999998,-10.162601097973054,-9.329999999999998,1.1470238095238092,True,0.8839678981829511,0.044526822907191,False,released,True,True
2025|line=39|event=584|date=20251016|station=62151,2025,62151,横梁（台阵）,39,哈渝线,2025|line=39|event=584|date=20251016,16.25,-34.6,-36.39,-35.466019428110314,-36.07,1.051734104046243,True,0.9862762996100428,0.0965077987308396,False,released,True,True
2025|line=39|event=585|date=20251016|station=62001,2025,62001,兰州,39,哈渝线,2025|line=39|event=585|date=20251016,17.183333333333334,-3.0,-2.3299999999944703,-4.076999095654573,-2.264999999999418,,,0.2146814517581602,,False,structural_misfit,False,True
2025|line=39|event=585|date=20251016|station=62151,2025,62151,横梁（台阵）,39,哈渝线,2025|line=39|event=585|date=20251016,17.183333333333334,-11.7,-11.790000000000006,-12.058293787579633,-11.770000000000003,1.0076923076923083,True,0.9886839854048868,0.0902803827616237,False,released,True,True
2025|line=39|event=586|date=20251016|station=62151,2025,62151,横梁（台阵）,39,哈渝线,2025|line=39|event=586|date=20251016,19.566666666666663,-11.5,-11.699999999999996,-11.801981149951132,-11.72,1.0173913043478258,True,0.991753806493888,0.0862045341385098,False,released,True,True
2025|line=39|event=587|date=20251016|station=62151,2025,62151,横梁（台阵）,39,哈渝线,2025|line=39|event=587|date=20251016,5.816666666666666,-6.0,-5.859999999999999,-5.946809912517296,-5.855000000000004,0.9766666666666666,True,0.9981286411618026,0.0764047432756235,False,released,True,True
2025|line=39|event=589|date=20251016|station=62151,2025,62151,横梁（台阵）,39,哈渝线,2025|line=39|event=589|date=20251016,13.35,-4.9,,,-5.599999999999994,,,,,False,structural_misfit,False,True
2025|line=39|event=590|date=20251016|station=62151,2025,62151,横梁（台阵）,39,哈渝线,2025|line=39|event=590|date=20251016,9.7,-3.8,,,-4.625,,,,,False,structural_misfit,False,True
2025|line=39|event=591|date=20251016|station=62151,2025,62151,横梁（台阵）,39,哈渝线,2025|line=39|event=591|date=20251016,25.166666666666668,-8.5,,,-7.719999999999999,,,,,False,structural_misfit,False,True
2025|line=39|event=592|date=20251016|station=51020,2025,51020,江油,39,哈渝线,2025|line=39|event=592|date=20251016,8.183333333333334,-3.2,,,-2.444999999999993,,,,,False,structural_misfit,False,True
2025|line=39|event=592|date=20251016|station=51105,2025,51105,巴中,39,哈渝线,2025|line=39|event=592|date=20251016,8.183333333333334,6.9,,,7.855000000000004,,,,,False,structural_misfit,False,True
2025|line=39|event=592|date=20251016|station=62001,2025,62001,兰州,39,哈渝线,2025|line=39|event=592|date=20251016,8.183333333333334,-8.7,,,-9.244999999995343,,,,,False,structural_misfit,False,True
2025|line=39|event=592|date=20251016|station=62149,2025,62149,古丰（台阵）,39,哈渝线,2025|line=39|event=592|date=20251016,8.183333333333334,-8.4,,,-8.430000000000007,,,,,False,structural_misfit,False,True
2025|line=39|event=592|date=20251016|station=62151,2025,62151,横梁（台阵）,39,哈渝线,2025|line=39|event=592|date=20251016,8.183333333333334,-34.6,,,-35.225,,,,,False,structural_misfit,False,True
2025|line=39|event=593|date=20251016|station=62151,2025,62151,横梁（台阵）,39,哈渝线,2025|line=39|event=593|date=20251016,161.4,-8.8,,,-7.954999999999998,,,,,False,structural_misfit,False,True
2025|line=39|event=594|date=20251016|station=51020,2025,51020,江油,39,哈渝线,2025|line=39|event=594|date=20251016,19.316666666666663,-3.2,-3.3700000000000045,-3.3416744892609147,-2.9450000000000074,1.0531250000000014,True,0.4385438355678617,0.0908398785770841,False,released,True,True
2025|line=39|event=594|date=20251016|station=51105,2025,51105,巴中,39,哈渝线,2025|line=39|event=594|date=20251016,19.316666666666663,6.9,7.739999999999995,7.639758063269891,7.584999999999994,1.121739130434782,True,0.9883891791466892,0.2978727969532886,False,released,True,True
2025|line=39|event=594|date=20251016|station=62001,2025,62001,兰州,39,哈渝线,2025|line=39|event=594|date=20251016,19.316666666666663,-8.7,,,-9.275000000001455,,,,,False,invalid_window,False,True
2025|line=39|event=594|date=20251016|station=62149,2025,62149,古丰（台阵）,39,哈渝线,2025|line=39|event=594|date=20251016,19.316666666666663,-8.4,-8.769999999999996,-8.616484058160257,-8.64,1.0440476190476184,True,0.9965225403142708,0.0939311153743829,False,released,True,True
2025|line=39|event=594|date=20251016|station=62151,2025,62151,横梁（台阵）,39,哈渝线,2025|line=39|event=594|date=20251016,19.316666666666663,-34.5,-35.46,-35.48342067792588,-34.89,1.0278260869565217,True,0.9993053959147428,0.079338188288245,False,released,True,True
2025|line=39|event=595|date=20251016|station=62151,2025,62151,横梁（台阵）,39,哈渝线,2025|line=39|event=595|date=20251016,194.8333333333333,6.0,,,5.890000000000001,,,,,False,structural_misfit,False,True
2025|line=39|event=596|date=20251016|station=51020,2025,51020,江油,39,哈渝线,2025|line=39|event=596|date=20251016,7.183333333333334,3.2,2.6200000000000045,2.6640255514937743,2.569999999999993,0.8187500000000014,True,0.9747231385456048,0.0833600287576713,False,released,True,True
2025|line=39|event=596|date=20251016|station=51105,2025,51105,巴中,39,哈渝线,2025|line=39|event=596|date=20251016,7.183333333333334,-6.9,-7.099999999999994,-7.190526094275989,-7.194999999999993,1.0289855072463758,True,0.9928958576308048,0.0764771174040521,False,released,True,True
2025|line=39|event=596|date=20251016|station=62001,2025,62001,兰州,39,哈渝线,2025|line=39|event=596|date=20251016,7.183333333333334,8.7,,,10.089999999996508,,,,,False,invalid_window,False,True
2025|line=39|event=596|date=20251016|station=62149,2025,62149,古丰（台阵）,39,哈渝线,2025|line=39|event=596|date=20251016,7.183333333333334,8.4,8.790000000000006,8.544505516657834,8.730000000000004,1.0464285714285722,True,0.997809542721347,0.0584484738531733,False,released,True,True
2025|line=39|event=596|date=20251016|station=62151,2025,62151,横梁（台阵）,39,哈渝线,2025|line=39|event=596|date=20251016,7.183333333333334,34.4,35.46000000000001,35.305163855630475,35.00999999999999,1.0308139534883725,True,0.999796438356126,0.0915653620819087,False,released,True,True
2025|line=39|event=597|date=20251016|station=51020,2025,51020,江油,39,哈渝线,2025|line=39|event=597|date=20251016,19.566666666666663,3.2,3.234999999999985,3.670336416376396,2.769999999999982,1.0109374999999954,True,0.6775951121003541,0.1684462412847383,False,released,True,True
2025|line=39|event=597|date=20251016|station=51105,2025,51105,巴中,39,哈渝线,2025|line=39|event=597|date=20251016,19.566666666666663,-6.9,-7.090000000000003,-7.739851688085498,-7.1000000000000085,1.0275362318840584,True,0.9825433373833954,0.2664061150296974,False,released,True,True
2025|line=39|event=597|date=20251016|station=62001,2025,62001,兰州,39,哈渝线,2025|line=39|event=597|date=20251016,19.566666666666663,8.7,,,8.42000000000553,,,,,False,invalid_window,False,True
2025|line=39|event=597|date=20251016|station=62149,2025,62149,古丰（台阵）,39,哈渝线,2025|line=39|event=597|date=20251016,19.566666666666663,8.3,8.510000000000005,8.518802379232476,8.460000000000008,1.0253012048192776,True,0.996401749836838,0.0824384988581243,False,released,True,True
2025|line=39|event=597|date=20251016|station=62151,2025,62151,横梁（台阵）,39,哈渝线,2025|line=39|event=597|date=20251016,19.566666666666663,34.3,35.33,35.26169536583302,34.85000000000001,1.0300291545189504,True,0.9997502935348328,0.0848474827656109,False,released,True,True
2025|line=39|event=598|date=20251016|station=51020,2025,51020,江油,39,哈渝线,2025|line=39|event=598|date=20251016,39.766666666666666,3.1,3.115200751582279,3.0871473712228763,3.0449999999999875,1.004903468252348,True,0.3498532608290914,0.0740781817040382,False,released,True,True
2025|line=39|event=598|date=20251016|station=51105,2025,51105,巴中,39,哈渝线,2025|line=39|event=598|date=20251016,39.766666666666666,-6.8,-7.838135878164572,-7.963038251510626,-7.830000000000005,1.1526670409065547,True,0.99140653090151,0.1800211223223429,False,released,True,True
2025|line=39|event=598|date=20251016|station=62001,2025,62001,兰州,39,哈渝线,2025|line=39|event=598|date=20251016,39.766666666666666,8.6,,,9.839999999996508,,,,,False,invalid_window,False,True
2025|line=39|event=598|date=20251016|station=62149,2025,62149,古丰（台阵）,39,哈渝线,2025|line=39|event=598|date=20251016,39.766666666666666,8.3,8.642531645569619,8.541796509139525,8.664999999999992,1.0412688729601949,True,0.9988883014932716,0.0662452103039414,False,released,True,True
2025|line=39|event=598|date=20251016|station=62151,2025,62151,横梁（台阵）,39,哈渝线,2025|line=39|event=598|date=20251016,39.766666666666666,34.1,35.171392405063315,35.01393266669543,34.74499999999999,1.0314191321132935,True,0.9995771132534436,0.0814458077032723,False,released,True,True
2025|line=39|event=599|date=20251016|station=51020,2025,51020,江油,39,哈渝线,2025|line=39|event=599|date=20251016,19.016666666666666,3.1,,,2.674999999999983,,,,,False,invalid_window,False,True
2025|line=39|event=599|date=20251016|station=51105,2025,51105,巴中,39,哈渝线,2025|line=39|event=599|date=20251016,19.016666666666666,-6.7,-7.640000000000001,-7.649191461618969,-7.439999999999998,1.1402985074626866,True,0.9929713612638466,0.1936357418837707,False,released,True,True
2025|line=39|event=599|date=20251016|station=62001,2025,62001,兰州,39,哈渝线,2025|line=39|event=599|date=20251016,19.016666666666666,8.5,10.184999999997672,9.116396214498518,9.19999999999709,1.198235294117373,True,0.6600482553751297,0.0631411071679218,False,released,True,True
2025|line=39|event=599|date=20251016|station=62149,2025,62149,古丰（台阵）,39,哈渝线,2025|line=39|event=599|date=20251016,19.016666666666666,8.2,8.659999999999997,8.585630077479905,8.599999999999994,1.0560975609756094,True,0.9982467914599772,0.0854146306930766,False,released,True,True
2025|line=39|event=599|date=20251016|station=62151,2025,62151,横梁（台阵）,39,哈渝线,2025|line=39|event=599|date=20251016,19.016666666666666,33.6,35.25,35.211257566931586,34.78999999999999,1.0491071428571428,True,0.9998912044928784,0.0958102465130563,False,released,True,True
2025|line=39|event=600|date=20251016|station=51020,2025,51020,江油,39,哈渝线,2025|line=39|event=600|date=20251016,13.133333333333333,3.2,,,2.8950000000000102,,,,,False,structural_misfit,False,True
2025|line=39|event=600|date=20251016|station=51105,2025,51105,巴中,39,哈渝线,2025|line=39|event=600|date=20251016,13.133333333333333,-6.9,,,-7.590000000000003,,,,,False,structural_misfit,False,True
2025|line=39|event=600|date=20251016|station=62001,2025,62001,兰州,39,哈渝线,2025|line=39|event=600|date=20251016,13.133333333333333,8.6,,,9.089999999996508,,,,,False,structural_misfit,False,True
2025|line=39|event=600|date=20251016|station=62149,2025,62149,古丰（台阵）,39,哈渝线,2025|line=39|event=600|date=20251016,13.133333333333333,8.3,,,8.599999999999994,,,,,False,structural_misfit,False,True
2025|line=39|event=600|date=20251016|station=62151,2025,62151,横梁（台阵）,39,哈渝线,2025|line=39|event=600|date=20251016,13.133333333333333,34.2,,,35.025000000000006,,,,,False,structural_misfit,False,True
2025|line=39|event=602|date=20251016|station=62151,2025,62151,横梁（台阵）,39,哈渝线,2025|line=39|event=602|date=20251016,5.333333333333333,-11.4,-11.675000000000011,-11.685111916204884,-11.495000000000005,1.0241228070175448,True,0.9996512703939404,0.0656062843597778,False,released,True,True
2025|line=39|event=604|date=20251017|station=62151,2025,62151,横梁（台阵）,39,哈渝线,2025|line=39|event=604|date=20251017,4.783333333333333,-11.4,-11.819999999999991,-11.726047004309194,-11.789999999999992,1.0368421052631571,True,0.9995797030991492,0.1008460204553526,False,released,True,True
2025|line=39|event=605|date=20251017|station=51020,2025,51020,江油,39,哈渝线,2025|line=39|event=605|date=20251017,4.716666666666667,3.2,3.069999999999993,2.990217052295016,2.6599999999999966,0.959374999999998,True,0.9746544828602622,0.0498853597001019,False,released,True,True
2025|line=39|event=605|date=20251017|station=51105,2025,51105,巴中,39,哈渝线,2025|line=39|event=605|date=20251017,4.716666666666667,-7.0,-7.160000000000004,-7.222592939088722,-7.100000000000001,1.0228571428571434,True,0.9904299152380024,0.1090508277795537,False,released,True,True
2025|line=39|event=605|date=20251017|station=62001,2025,62001,兰州,39,哈渝线,2025|line=39|event=605|date=20251017,4.716666666666667,8.8,9.005000000004657,8.615694542647322,8.945000000006985,,,0.7409934638288969,,False,structural_misfit,False,True
2025|line=39|event=605|date=20251017|station=62149,2025,62149,古丰（台阵）,39,哈渝线,2025|line=39|event=605|date=20251017,4.716666666666667,8.4,8.599999999999994,8.455474100094763,8.564999999999998,1.023809523809523,True,0.9977940392541697,0.0533638039421657,False,released,True,True
2025|line=39|event=605|date=20251017|station=62151,2025,62151,横梁（台阵）,39,哈渝线,2025|line=39|event=605|date=20251017,4.716666666666667,34.7,35.30999999999999,35.27041921416469,35.3,1.0175792507204606,True,0.9996158696319274,0.0774352340862041,False,released,True,True
2025|line=39|event=606|date=20251017|station=51020,2025,51020,江油,39,哈渝线,2025|line=39|event=606|date=20251017,16.45,3.2,3.2700000000000102,3.4505971284181167,3.035000000000025,1.0218750000000032,True,0.5329516494555255,0.1768379910898714,False,released,True,True
2025|line=39|event=606|date=20251017|station=51105,2025,51105,巴中,39,哈渝线,2025|line=39|event=606|date=20251017,16.45,-7.0,-7.199999999999996,-7.86470496513613,-7.265000000000001,1.028571428571428,True,0.973775349204104,0.107209189283222,False,released,True,True
2025|line=39|event=606|date=20251017|station=62001,2025,62001,兰州,39,哈渝线,2025|line=39|event=606|date=20251017,16.45,8.8,,,10.69999999999709,,,,,False,invalid_window,False,True
2025|line=39|event=606|date=20251017|station=62149,2025,62149,古丰（台阵）,39,哈渝线,2025|line=39|event=606|date=20251017,16.45,8.5,8.650000000000006,8.674467539584404,8.63000000000001,1.01764705882353,True,0.9939602237757472,0.1403529392336568,False,released,True,True
2025|line=39|event=606|date=20251017|station=62151,2025,62151,横梁（台阵）,39,哈渝线,2025|line=39|event=606|date=20251017,16.45,34.8,35.39,35.34592823161796,35.33,1.016954022988506,True,0.9995927662111072,0.0953114288853891,False,released,True,True
2025|line=39|event=607|date=20251017|station=51020,2025,51020,江油,39,哈渝线,2025|line=39|event=607|date=20251017,31.966666666666665,3.2,3.391333333333307,3.378862045427,3.300000000000012,1.0597916666666585,True,0.627223517078126,0.1429182437709954,False,released,True,True
2025|line=39|event=607|date=20251017|station=51105,2025,51105,巴中,39,哈渝线,2025|line=39|event=607|date=20251017,31.966666666666665,-6.9,-7.989326086956524,-7.871719212990964,-7.75,1.157873345935728,True,0.9812823513349704,0.2722770608651942,False,released,True,True
2025|line=39|event=607|date=20251017|station=62001,2025,62001,兰州,39,哈渝线,2025|line=39|event=607|date=20251017,31.966666666666665,8.8,9.391472222225277,9.524508501683284,9.35000000000582,1.0672127525255994,True,0.8703711116346255,0.2178821745185413,False,released,True,True
2025|line=39|event=607|date=20251017|station=62149,2025,62149,古丰（台阵）,39,哈渝线,2025|line=39|event=607|date=20251017,31.966666666666665,8.4,8.49545652173913,8.653181672616746,8.489999999999995,1.0113638716356106,True,0.9960510782315002,0.1610276976191332,False,released,True,True
2025|line=39|event=607|date=20251017|station=62151,2025,62151,横梁（台阵）,39,哈渝线,2025|line=39|event=607|date=20251017,31.966666666666665,34.7,35.210289855072475,35.29941719348209,35.27,1.014705759512175,True,0.9995888644800734,0.1046047909840929,False,released,True,True
2025|line=39|event=611|date=20251017|station=62151,2025,62151,横梁（台阵）,39,哈渝线,2025|line=39|event=611|date=20251017,4.6,11.5,11.845,11.78007014912292,11.805000000000009,1.0299999999999998,True,0.9996551439332746,0.0927454918651831,False,released,True,True
2025|line=39|event=612|date=20251018|station=62001,2025,62001,兰州,39,哈渝线,2025|line=39|event=612|date=20251018,14.85,3.1,,,1.5899999999965075,,,,,False,invalid_window,False,True
2025|line=39|event=612|date=20251018|station=62149,2025,62149,古丰（台阵）,39,哈渝线,2025|line=39|event=612|date=20251018,14.85,3.0,2.3700000000000045,4.499999999999999,2.5,0.7900000000000015,True,0.882885911929798,0.1039686951924527,False,released,True,True
2025|line=39|event=612|date=20251018|station=62151,2025,62151,横梁（台阵）,39,哈渝线,2025|line=39|event=612|date=20251018,14.85,12.3,,,,,,,,False,invalid_window,False,True
2025|line=41|event=1003|date=20251018|station=42005,2025,42005,恩施,41,金湖线,2025|line=41|event=1003|date=20251018,54.1,9.4,7.663569035828715,7.629824222545649,6.020000000000003,0.8152733016839058,True,0.9209188525027778,0.4375579665919539,True,released,True,True
2025|line=41|event=1003|date=20251018|station=50008,2025,50008,涪陵江东,41,金湖线,2025|line=41|event=1003|date=20251018,54.1,3.0,1.7406757937663857,1.7337385781484544,2.174999999999997,0.5802252645887952,True,0.7307557498185588,0.1158656932983896,True,released,True,True
2025|line=39|event=615|date=20251025|station=62001,2025,62001,兰州,39,哈渝线,2025|line=39|event=615|date=20251025,2.2666666666666666,3.3,4.235000000000582,3.838933904112745,4.099999999998545,,,0.3392130172672509,,False,structural_misfit,False,True
2025|line=39|event=615|date=20251025|station=62149,2025,62149,古丰（台阵）,39,哈渝线,2025|line=39|event=615|date=20251025,2.2666666666666666,3.2,4.070000000000007,3.289884640175889,4.109999999999999,,,0.8734804148205383,,False,structural_misfit,False,True
2025|line=39|event=615|date=20251025|station=62151,2025,62151,横梁（台阵）,39,哈渝线,2025|line=39|event=615|date=20251025,2.2666666666666666,13.1,14.254999999999995,13.666389758026916,14.284999999999997,1.0881679389312977,True,0.9939543324659128,0.0586232257651635,False,released,True,True
2025|line=39|event=616|date=20251025|station=62001,2025,62001,兰州,39,哈渝线,2025|line=39|event=616|date=20251025,5.033333333333333,3.3,2.684999999997672,2.7530126151624623,2.639999999999418,,,0.2312678025897605,,False,structural_misfit,False,True
2025|line=39|event=616|date=20251025|station=62149,2025,62149,古丰（台阵）,39,哈渝线,2025|line=39|event=616|date=20251025,5.033333333333333,3.2,3.489999999999995,3.361080446962068,3.4399999999999977,1.0906249999999984,True,0.9915833863799636,0.0418182331848108,False,released,True,True
2025|line=39|event=616|date=20251025|station=62151,2025,62151,横梁（台阵）,39,哈渝线,2025|line=39|event=616|date=20251025,5.033333333333333,13.2,13.790000000000006,13.6588906494693,13.75,1.04469696969697,True,0.9991586693309994,0.1351437050941513,False,released,True,True
2025|line=39|event=618|date=20251025|station=51105,2025,51105,巴中,39,哈渝线,2025|line=39|event=618|date=20251025,38.2,4.7,,,5.394999999999996,,,,,False,structural_misfit,False,True
2025|line=39|event=618|date=20251025|station=62001,2025,62001,兰州,39,哈渝线,2025|line=39|event=618|date=20251025,38.2,-5.9,,,-6.150000000001455,,,,,False,structural_misfit,False,True
2025|line=39|event=618|date=20251025|station=62149,2025,62149,古丰（台阵）,39,哈渝线,2025|line=39|event=618|date=20251025,38.2,-5.7,,,-5.789999999999992,,,,,False,structural_misfit,False,True
2025|line=39|event=618|date=20251025|station=62151,2025,62151,横梁（台阵）,39,哈渝线,2025|line=39|event=618|date=20251025,38.2,-23.3,,,-23.61,,,,,False,structural_misfit,False,True
2025|line=39|event=619|date=20251025|station=62001,2025,62001,兰州,39,哈渝线,2025|line=39|event=619|date=20251025,4.683333333333334,3.0,3.180000000000291,3.197088894634505,3.1899999999950523,1.060000000000097,True,0.993870812761906,0.0527287384126074,False,released,True,True
2025|line=39|event=619|date=20251025|station=62151,2025,62151,横梁（台阵）,39,哈渝线,2025|line=39|event=619|date=20251025,4.683333333333334,11.7,11.870000000000005,11.829364457188165,11.879999999999995,1.014529914529915,True,0.9990375118114664,0.0783190752773437,False,released,True,True
2025|line=39|event=620|date=20251025|station=62001,2025,62001,兰州,39,哈渝线,2025|line=39|event=620|date=20251025,7.8,3.0,2.8799999999973807,3.0218471244952583,2.8999999999941792,0.9599999999991268,True,0.9844773937890215,0.0751494483667006,False,released,True,True
2025|line=39|event=620|date=20251025|station=62151,2025,62151,横梁（台阵）,39,哈渝线,2025|line=39|event=620|date=20251025,7.8,11.7,11.789999999999992,11.839004491917397,11.819999999999991,1.007692307692307,True,0.998996290692022,0.0662978118185239,False,released,True,True
2025|line=39|event=621|date=20251025|station=62151,2025,62151,横梁（台阵）,39,哈渝线,2025|line=39|event=621|date=20251025,12.533333333333331,-11.5,-11.825000000000005,-11.804790830539805,-11.784999999999997,1.0282608695652176,True,0.9996814381929782,0.0818933713098485,False,released,True,True
2025|line=39|event=622|date=20251025|station=62001,2025,62001,兰州,39,哈渝线,2025|line=39|event=622|date=20251025,9.266666666666667,3.0,3.029999999998836,2.977881156410238,3.040000000000873,1.009999999999612,True,0.9835732096922092,0.0767661543095565,False,released,True,True
2025|line=39|event=622|date=20251025|station=62151,2025,62151,横梁（台阵）,39,哈渝线,2025|line=39|event=622|date=20251025,9.266666666666667,11.7,11.709999999999994,11.650008239130871,11.72,1.0008547008547004,True,0.9989234714064466,0.0694629986539655,False,released,True,True
2025|line=39|event=623|date=20251025|station=62151,2025,62151,横梁（台阵）,39,哈渝线,2025|line=39|event=623|date=20251025,5.116666666666666,-11.6,-11.72,-11.743178035140565,-11.740000000000007,1.0103448275862068,True,0.9997666922097336,0.0669076190647441,False,released,True,True
2025|line=12|event=13|date=20251026|station=44003,2025,44003,肇庆,12,贵广(肇)线,2025|line=12|event=13|date=20251026,10.4,-14.8,,,-8.270000000000437,,,,,False,invalid_window,False,True
2025|line=12|event=14|date=20251026|station=44003,2025,44003,肇庆,12,贵广(肇)线,2025|line=12|event=14|date=20251026,15.083333333333334,-5.7,,,-5.18500000000131,,,,,False,structural_misfit,False,True
2025|line=39|event=624|date=20251026|station=62151,2025,62151,横梁（台阵）,39,哈渝线,2025|line=39|event=624|date=20251026,93.65,11.4,,,11.28500000000001,,,,,False,structural_misfit,False,True
2025|line=39|event=625|date=20251026|station=62151,2025,62151,横梁（台阵）,39,哈渝线,2025|line=39|event=625|date=20251026,6.9,11.6,11.430000000000009,11.814089677403905,11.460000000000008,0.9853448275862076,True,0.99544122513962,0.0841155108330745,False,released,True,True
2025|line=39|event=626|date=20251026|station=62151,2025,62151,横梁（台阵）,39,哈渝线,2025|line=39|event=626|date=20251026,2.1666666666666665,11.5,11.540000000000006,11.58043478308988,11.5,,,0.9963278633100234,,False,structural_misfit,False,True
2025|line=39|event=628|date=20251026|station=51020,2025,51020,江油,39,哈渝线,2025|line=39|event=628|date=20251026,9.866666666666667,-3.5,-2.875,-3.2271898224198785,-2.885000000000005,0.8214285714285714,True,0.9280346649300404,0.0577058074672815,False,released,True,True
2025|line=39|event=628|date=20251026|station=51105,2025,51105,巴中,39,哈渝线,2025|line=39|event=628|date=20251026,9.866666666666667,7.6,8.659999999999997,8.321369824293242,8.629999999999995,1.139473684210526,True,0.9857730399396282,0.0853906957014149,False,released,True,True
2025|line=39|event=628|date=20251026|station=62001,2025,62001,兰州,39,哈渝线,2025|line=39|event=628|date=20251026,9.866666666666667,-9.6,-10.979999999995924,-10.177351601828754,-10.784999999996217,,,0.8222762547356364,,False,structural_misfit,False,True
2025|line=39|event=628|date=20251026|station=62149,2025,62149,古丰（台阵）,39,哈渝线,2025|line=39|event=628|date=20251026,9.866666666666667,-9.2,-9.159999999999997,-9.180857233569911,-9.439999999999998,0.9956521739130432,True,0.6064486475220405,0.1397304440806306,False,released,True,True
2025|line=39|event=628|date=20251026|station=62151,2025,62151,横梁（台阵）,39,哈渝线,2025|line=39|event=628|date=20251026,9.866666666666667,-38.1,-38.18,-38.06750068785823,-38.18,1.0020997375328085,True,0.9990170213663654,0.1128309459759684,False,released,True,True
2025|line=39|event=629|date=20251026|station=62151,2025,62151,横梁（台阵）,39,哈渝线,2025|line=39|event=629|date=20251026,14.833333333333334,-7.7,,,-7.329999999999998,,,,,False,structural_misfit,False,True
2025|line=39|event=630|date=20251026|station=51105,2025,51105,巴中,39,哈渝线,2025|line=39|event=630|date=20251026,4.333333333333333,6.1,6.914999999999999,6.575492465389984,6.709999999999994,1.133606557377049,True,0.9875069781338748,0.0509870203125839,False,released,True,True
2025|line=39|event=630|date=20251026|station=62001,2025,62001,兰州,39,哈渝线,2025|line=39|event=630|date=20251026,4.333333333333333,-7.6,-7.590000000003783,-8.382062570132417,-7.69999999999709,,,0.8082385327626074,,False,structural_misfit,False,True
2025|line=39|event=630|date=20251026|station=62149,2025,62149,古丰（台阵）,39,哈渝线,2025|line=39|event=630|date=20251026,4.333333333333333,-7.3,-6.855000000000004,-7.153677115629375,-6.875,0.9390410958904116,True,0.992061936116708,0.0523574547509439,False,released,True,True
2025|line=39|event=630|date=20251026|station=62151,2025,62151,横梁（台阵）,39,哈渝线,2025|line=39|event=630|date=20251026,4.333333333333333,-30.2,-30.42,-30.563532172639984,-30.40000000000001,1.0072847682119206,True,0.9996972251321898,0.0823300555103859,False,released,True,True
2025|line=39|event=634|date=20251026|station=62001,2025,62001,兰州,39,哈渝线,2025|line=39|event=634|date=20251026,13.45,-3.7,-3.610000000000582,-3.7509641132266056,-3.6200000000026193,0.9756756756758328,True,0.9753305464007254,0.1375778503853523,False,released,True,True
2025|line=39|event=634|date=20251026|station=62149,2025,62149,古丰（台阵）,39,哈渝线,2025|line=39|event=634|date=20251026,13.45,-3.6,-3.5600000000000023,-3.5639405241438022,-3.5600000000000023,0.9888888888888896,True,0.9973086382150173,0.0594350829615585,False,released,True,True
2025|line=39|event=634|date=20251026|station=62151,2025,62151,横梁（台阵）,39,哈渝线,2025|line=39|event=634|date=20251026,13.45,-14.7,-14.659999999999997,-14.670692854592549,-14.659999999999997,0.9972789115646256,True,0.9996019541765654,0.0804140676477558,False,released,True,True
2025|line=39|event=635|date=20251026|station=62151,2025,62151,横梁（台阵）,39,哈渝线,2025|line=39|event=635|date=20251026,2.1666666666666665,11.7,11.724999999999994,11.653305405306211,11.709999999999994,1.0021367521367517,True,0.9995977692862416,0.0876281223544888,False,released,True,True
2025|line=39|event=636|date=20251027|station=62151,2025,62151,横梁（台阵）,39,哈渝线,2025|line=39|event=636|date=20251027,86.71666666666667,3.0,,,2.780000000000001,,,,,False,structural_misfit,False,True
2025|line=39|event=638|date=20251027|station=51105,2025,51105,巴中,39,哈渝线,2025|line=39|event=638|date=20251027,12.9,4.7,4.439999999999998,5.070075308305113,4.469999999999999,0.9446808510638292,True,0.8743223604833064,0.0683137467782465,False,released,True,True
2025|line=39|event=638|date=20251027|station=62001,2025,62001,兰州,39,哈渝线,2025|line=39|event=638|date=20251027,12.9,-5.9,-6.4500000000116415,-6.217901074760487,-6.600000000005821,,,0.4121917866580953,,False,structural_misfit,False,True
2025|line=39|event=638|date=20251027|station=62149,2025,62149,古丰（台阵）,39,哈渝线,2025|line=39|event=638|date=20251027,12.9,-5.7,-6.169999999999988,-6.200931091107366,-6.469999999999999,1.082456140350875,True,0.3759024079877092,0.0608403515490163,False,released,True,True
2025|line=39|event=638|date=20251027|station=62151,2025,62151,横梁（台阵）,39,哈渝线,2025|line=39|event=638|date=20251027,12.9,-23.3,-23.8,-23.47750938649846,-23.77,1.021459227467811,True,0.9985541152126716,0.0806620695298367,False,released,True,True
2025|line=39|event=639|date=20251027|station=51105,2025,51105,巴中,39,哈渝线,2025|line=39|event=639|date=20251027,3.75,4.7,,,4.395000000000003,,,,,False,structural_misfit,False,True
2025|line=39|event=639|date=20251027|station=62001,2025,62001,兰州,39,哈渝线,2025|line=39|event=639|date=20251027,3.75,-5.9,,,-6.665000000000873,,,,,False,structural_misfit,False,True
2025|line=39|event=639|date=20251027|station=62149,2025,62149,古丰（台阵）,39,哈渝线,2025|line=39|event=639|date=20251027,3.75,-5.7,,,-5.954999999999998,,,,,False,structural_misfit,False,True
2025|line=39|event=639|date=20251027|station=62151,2025,62151,横梁（台阵）,39,哈渝线,2025|line=39|event=639|date=20251027,3.75,-23.5,,,-23.64,,,,,False,structural_misfit,False,True
2025|line=39|event=640|date=20251027|station=62151,2025,62151,横梁（台阵）,39,哈渝线,2025|line=39|event=640|date=20251027,7.2,5.8,,,5.589999999999989,,,,,False,structural_misfit,False,True
2025|line=39|event=641|date=20251027|station=62151,2025,62151,横梁（台阵）,39,哈渝线,2025|line=39|event=641|date=20251027,5.633333333333334,3.0,2.730000000000004,3.095412191556115,2.8100000000000023,0.9100000000000014,True,0.9326326072381214,0.0818348657181552,False,released,True,True
2025|line=39|event=642|date=20251027|station=62151,2025,62151,横梁（台阵）,39,哈渝线,2025|line=39|event=642|date=20251027,4.366666666666666,-5.9,-6.25,-5.874102922887434,-6.215000000000003,1.059322033898305,True,0.9883769772741918,0.0799644881627219,False,released,True,True
2025|line=39|event=643|date=20251027|station=62151,2025,62151,横梁（台阵）,39,哈渝线,2025|line=39|event=643|date=20251027,2.35,-5.9,-6.180000000000007,-5.893086562505951,-6.190000000000012,1.047457627118645,True,0.9939610129921504,0.0931199251814891,False,released,True,True
2025|line=39|event=645|date=20251027|station=62151,2025,62151,横梁（台阵）,39,哈渝线,2025|line=39|event=645|date=20251027,15.7,3.0,3.924999999999997,4.346654571071144,3.519999999999996,1.3083333333333325,True,0.9088435705153728,0.0881499776357329,False,released,True,True
2025|line=39|event=646|date=20251027|station=62151,2025,62151,横梁（台阵）,39,哈渝线,2025|line=39|event=646|date=20251027,1.4666666666666666,-3.0,,-2.2999999999999825,-0.6499999999999915,,,0.9673159602326568,,False,structural_misfit,False,True
2025|line=39|event=647|date=20251027|station=62151,2025,62151,横梁（台阵）,39,哈渝线,2025|line=39|event=647|date=20251027,0.5833333333333334,-11.5,,,0.0300000000000011,,,,,False,structural_misfit,False,True
2025|line=39|event=650|date=20251027|station=62151,2025,62151,横梁（台阵）,39,哈渝线,2025|line=39|event=650|date=20251027,41.53333333333333,3.3,3.713893414799714,3.719358609405004,3.719999999999999,1.125422246909004,True,0.9411137767117348,0.0915734894190644,False,released,True,True
2025|line=39|event=652|date=20251028|station=51105,2025,51105,巴中,39,哈渝线,2025|line=39|event=652|date=20251028,3.7666666666666666,4.7,5.170000000000002,5.153544996193784,5.195,1.1000000000000003,True,0.994253053923698,0.0866871150493658,False,released,True,True
2025|line=39|event=652|date=20251028|station=62001,2025,62001,兰州,39,哈渝线,2025|line=39|event=652|date=20251028,3.7666666666666666,-5.9,-5.819999999999709,-6.695264618804131,-5.25,,,0.5293636494320092,,False,structural_misfit,False,True
2025|line=39|event=652|date=20251028|station=62149,2025,62149,古丰（台阵）,39,哈渝线,2025|line=39|event=652|date=20251028,3.7666666666666666,-5.6,-5.680000000000007,-5.676691927606902,-5.690000000000012,1.0142857142857156,True,0.9983798259767476,0.0627664728844513,False,released,True,True
2025|line=39|event=652|date=20251028|station=62151,2025,62151,横梁（台阵）,39,哈渝线,2025|line=39|event=652|date=20251028,3.7666666666666666,-23.3,-23.5,-23.538779761904628,-23.50999999999999,1.0085836909871244,True,0.999807354952028,0.076819377264891,False,released,True,True
2025|line=39|event=653|date=20251028|station=51105,2025,51105,巴中,39,哈渝线,2025|line=39|event=653|date=20251028,62.41666666666666,4.7,5.179789851358272,5.292890902769281,4.884999999999998,1.1020829470975049,True,0.9811624604160876,0.298641068914806,False,released,True,True
2025|line=39|event=653|date=20251028|station=62001,2025,62001,兰州,39,哈渝线,2025|line=39|event=653|date=20251028,62.41666666666666,-5.9,-5.866604946189909,-6.302594775946098,-6.005000000004657,,,0.2660759075624851,,False,structural_misfit,False,True
2025|line=39|event=653|date=20251028|station=62149,2025,62149,古丰（台阵）,39,哈渝线,2025|line=39|event=653|date=20251028,62.41666666666666,-5.7,-5.742083546899011,-6.154224738207485,-5.939999999999998,1.007383078403335,True,0.2768544025015037,0.087669996108713,False,released,True,True
2025|line=39|event=653|date=20251028|station=62151,2025,62151,横梁（台阵）,39,哈渝线,2025|line=39|event=653|date=20251028,62.41666666666666,-23.3,-23.566337775499733,-23.30501190840528,-23.785,1.011430805815439,True,0.9990169409246524,0.0906649206950711,False,released,True,True
2025|line=39|event=654|date=20251028|station=51105,2025,51105,巴中,39,哈渝线,2025|line=39|event=654|date=20251028,2.85,-4.7,-5.150000000000006,-4.8166748627678695,-5.150000000000006,1.095744680851065,True,0.9853844152090024,0.0507072619873645,False,released,True,True
2025|line=39|event=654|date=20251028|station=62001,2025,62001,兰州,39,哈渝线,2025|line=39|event=654|date=20251028,2.85,5.9,4.8950000000040745,6.446742452221346,6.05000000000291,,,0.4040673031107017,,False,structural_misfit,False,True
2025|line=39|event=654|date=20251028|station=62149,2025,62149,古丰（台阵）,39,哈渝线,2025|line=39|event=654|date=20251028,2.85,5.7,5.469999999999999,5.746444458571642,5.469999999999999,0.9596491228070172,True,0.9883913983922596,0.0631779727834959,False,released,True,True
2025|line=39|event=654|date=20251028|station=62151,2025,62151,横梁（台阵）,39,哈渝线,2025|line=39|event=654|date=20251028,2.85,23.3,23.25,23.341844638167096,23.260000000000005,0.9978540772532188,True,0.9995108554103664,0.0822621628714237,False,released,True,True
2025|line=39|event=655|date=20251028|station=51105,2025,51105,巴中,39,哈渝线,2025|line=39|event=655|date=20251028,30.9,-4.7,-4.951654357459375,-5.07791236532174,-5.170000000000002,1.0535434803105053,True,0.9908447239771206,0.1616652867798578,False,released,True,True
2025|line=39|event=655|date=20251028|station=62001,2025,62001,兰州,39,哈渝线,2025|line=39|event=655|date=20251028,30.9,5.9,,,6.009999999994761,,,,,False,invalid_window,False,True
2025|line=39|event=655|date=20251028|station=62149,2025,62149,古丰（台阵）,39,哈渝线,2025|line=39|event=655|date=20251028,30.9,5.7,6.016211225997054,5.367913628339089,5.230000000000004,1.0554756536836938,True,0.9598166889100886,0.061924970558201,False,released,True,True
2025|line=39|event=655|date=20251028|station=62151,2025,62151,横梁（台阵）,39,哈渝线,2025|line=39|event=655|date=20251028,30.9,23.3,23.58293451501723,23.61766019996272,22.989999999999995,1.012143112232499,True,0.9996280801780996,0.0904678319154389,False,released,True,True
2025|line=39|event=656|date=20251028|station=51105,2025,51105,巴中,39,哈渝线,2025|line=39|event=656|date=20251028,3.733333333333333,4.7,4.990000000000002,4.931252184625259,4.965000000000003,1.0617021276595748,True,0.9951044432507404,0.0448218682969581,False,released,True,True
2025|line=39|event=656|date=20251028|station=62001,2025,62001,兰州,39,哈渝线,2025|line=39|event=656|date=20251028,3.733333333333333,-5.9,,,-7.819999999999709,,,,,False,invalid_window,False,True
2025|line=39|event=656|date=20251028|station=62149,2025,62149,古丰（台阵）,39,哈渝线,2025|line=39|event=656|date=20251028,3.733333333333333,-5.6,-6.030000000000001,-5.787858378394535,-5.950000000000003,1.0767857142857145,True,0.9741214474084734,0.0424001849373775,False,released,True,True
2025|line=39|event=656|date=20251028|station=62151,2025,62151,横梁（台阵）,39,哈渝线,2025|line=39|event=656|date=20251028,3.733333333333333,-23.2,-23.61,-23.461491171435977,-23.540000000000006,1.0176724137931037,True,0.9991102637807688,0.0710983399641853,False,released,True,True
2025|line=39|event=657|date=20251028|station=51105,2025,51105,巴中,39,哈渝线,2025|line=39|event=657|date=20251028,30.25,4.6,5.500341772151906,5.213316140179662,5.580000000000005,1.195726472206936,True,0.9854786484567376,0.2042728801441968,False,released,True,True
2025|line=39|event=657|date=20251028|station=62001,2025,62001,兰州,39,哈渝线,2025|line=39|event=657|date=20251028,30.25,-5.8,-7.889172151895764,-6.053984373606201,-7.244999999995343,,,0.3202784426683855,,False,structural_misfit,False,True
2025|line=39|event=657|date=20251028|station=62149,2025,62149,古丰（台阵）,39,哈渝线,2025|line=39|event=657|date=20251028,30.25,-5.6,-5.436050632911403,-5.480789421473,-5.3300000000000125,0.9707233273056076,True,0.9956609812636608,0.0863403954580299,False,released,True,True
2025|line=39|event=657|date=20251028|station=62151,2025,62151,横梁（台阵）,39,哈渝线,2025|line=39|event=657|date=20251028,30.25,-22.9,-23.413544303797465,-23.268840811672792,-23.349999999999994,1.022425515449671,True,0.9963920196385474,0.0927529918019741,False,released,True,True
2025|line=39|event=658|date=20251028|station=51105,2025,51105,巴中,39,哈渝线,2025|line=39|event=658|date=20251028,35.56666666666667,-4.7,-4.235624999999999,-4.52062455405208,-3.985,0.901196808510638,True,0.9406954085880876,0.2033368753689642,False,released,True,True
2025|line=39|event=658|date=20251028|station=62001,2025,62001,兰州,39,哈渝线,2025|line=39|event=658|date=20251028,35.56666666666667,5.9,5.3463129340234445,4.9477222328948125,5.430000000007567,,,0.2588022418713401,,False,structural_misfit,False,True
2025|line=39|event=658|date=20251028|station=62149,2025,62149,古丰（台阵）,39,哈渝线,2025|line=39|event=658|date=20251028,35.56666666666667,5.7,5.339457465277789,5.087959505002908,5.550000000000011,0.9367469237329454,True,0.8642122782246555,0.076923927257264,False,released,True,True
2025|line=39|event=658|date=20251028|station=62151,2025,62151,横梁（台阵）,39,哈渝线,2025|line=39|event=658|date=20251028,35.56666666666667,23.3,23.401015625000014,23.321070373241128,23.41000000000001,1.0043354345493567,True,0.9986647413238692,0.0819083578215537,False,released,True,True
2025|line=39|event=659|date=20251028|station=51105,2025,51105,巴中,39,哈渝线,2025|line=39|event=659|date=20251028,2.816666666666667,4.7,5.400000000000006,5.130194062059518,5.380000000000003,1.1489361702127672,True,0.9872562752227272,0.0404225726997619,False,released,True,True
2025|line=39|event=659|date=20251028|station=62001,2025,62001,兰州,39,哈渝线,2025|line=39|event=659|date=20251028,2.816666666666667,-5.9,-6.134999999994761,-6.221463050375043,-6.134999999994761,1.0398305084736883,True,0.9917363311828872,0.0543993665484431,False,released,True,True
2025|line=39|event=659|date=20251028|station=62149,2025,62149,古丰（台阵）,39,哈渝线,2025|line=39|event=659|date=20251028,2.816666666666667,-5.7,-5.680000000000007,-5.593856072782535,-5.689999999999998,0.9964912280701766,True,0.9979052447855616,0.0492690803952651,False,released,True,True
2025|line=39|event=659|date=20251028|station=62151,2025,62151,横梁（台阵）,39,哈渝线,2025|line=39|event=659|date=20251028,2.816666666666667,-23.3,-23.620000000000005,-23.49730618669833,-23.625,1.0137339055793992,True,0.9998244860887172,0.077540574661736,False,released,True,True
2025|line=39|event=661|date=20251028|station=62151,2025,62151,横梁（台阵）,39,哈渝线,2025|line=39|event=661|date=20251028,0.9,11.6,,,-0.019999999999996,,,,,False,weak_abstention,False,True
2025|line=39|event=662|date=20251028|station=62151,2025,62151,横梁（台阵）,39,哈渝线,2025|line=39|event=662|date=20251028,0.3333333333333333,11.4,,,0.0499999999999971,,,,,False,weak_abstention,False,True
2025|line=39|event=663|date=20251029|station=62001,2025,62001,兰州,39,哈渝线,2025|line=39|event=663|date=20251029,3.85,3.0,,,1.125,,,,,False,invalid_window,False,True
2025|line=39|event=663|date=20251029|station=62151,2025,62151,横梁（台阵）,39,哈渝线,2025|line=39|event=663|date=20251029,3.85,11.7,11.700000000000005,11.837759118933224,11.700000000000005,1.0000000000000002,True,0.9946599998628578,0.062560012027014,False,released,True,True
2025|line=39|event=664|date=20251029|station=62151,2025,62151,横梁（台阵）,39,哈渝线,2025|line=39|event=664|date=20251029,3.25,-5.9,-5.990000000000009,-5.81305745309139,-5.990000000000009,1.015254237288137,True,0.9933828656864796,0.1526236286823261,False,released,True,True
2025|line=39|event=665|date=20251029|station=62001,2025,62001,兰州,39,哈渝线,2025|line=39|event=665|date=20251029,11.15,3.0,,,2.555000000007567,,,,,False,invalid_window,False,True
2025|line=39|event=665|date=20251029|station=62151,2025,62151,横梁（台阵）,39,哈渝线,2025|line=39|event=665|date=20251029,11.15,11.7,11.759999999999993,11.722626988051603,11.769999999999996,1.0051282051282044,True,0.9992493090377682,0.0936904183555755,False,released,True,True
2025|line=39|event=666|date=20251029|station=62001,2025,62001,兰州,39,哈渝线,2025|line=39|event=666|date=20251029,13.783333333333331,-3.0,-3.2749999999941792,-3.931388808320413,-3.224999999998545,,,0.322152037766394,,False,structural_misfit,False,True
2025|line=39|event=666|date=20251029|station=62151,2025,62151,横梁（台阵）,39,哈渝线,2025|line=39|event=666|date=20251029,13.783333333333331,-11.9,-11.885000000000003,-11.788466666604174,-11.849999999999994,0.9987394957983198,True,0.9985097326884148,0.0919623928589794,False,released,True,True
2025|line=39|event=667|date=20251029|station=62151,2025,62151,横梁（台阵）,39,哈渝线,2025|line=39|event=667|date=20251029,29.35,11.6,11.75,11.79130702621296,11.75,1.012931034482759,True,0.9955102606267756,0.0975052948886582,False,released,True,True
2025|line=39|event=669|date=20251101|station=51105,2025,51105,巴中,39,哈渝线,2025|line=39|event=669|date=20251101,52.6,-4.7,,,-4.68,,,,,False,structural_misfit,False,True
2025|line=39|event=669|date=20251101|station=62001,2025,62001,兰州,39,哈渝线,2025|line=39|event=669|date=20251101,52.6,5.9,,,6.864999999997963,,,,,False,structural_misfit,False,True
2025|line=39|event=669|date=20251101|station=62149,2025,62149,古丰（台阵）,39,哈渝线,2025|line=39|event=669|date=20251101,52.6,5.6,,,6.099999999999994,,,,,False,structural_misfit,False,True
2025|line=39|event=669|date=20251101|station=62151,2025,62151,横梁（台阵）,39,哈渝线,2025|line=39|event=669|date=20251101,52.6,23.2,,,24.18,,,,,False,structural_misfit,False,True
2025|line=39|event=670|date=20251101|station=62151,2025,62151,横梁（台阵）,39,哈渝线,2025|line=39|event=670|date=20251101,44.7,-11.3,,,-10.290000000000006,,,,,False,structural_misfit,False,True
2025|line=39|event=671|date=20251101|station=62001,2025,62001,兰州,39,哈渝线,2025|line=39|event=671|date=20251101,18.433333333333334,-3.0,-2.6350000000020373,-4.738270791924113,-3.484999999993306,,,0.2341334097856354,,False,structural_misfit,False,True
2025|line=39|event=671|date=20251101|station=62151,2025,62151,横梁（台阵）,39,哈渝线,2025|line=39|event=671|date=20251101,18.433333333333334,-11.8,-11.060000000000002,-11.877621747510444,-11.070000000000007,0.9372881355932204,True,0.9056354687946324,0.0819138471014831,False,released,True,True
2025|line=39|event=676|date=20251103|station=51020,2025,51020,江油,39,哈渝线,2025|line=39|event=676|date=20251103,16.7,-4.4,-4.934999999999974,-5.012397177082242,-4.629999999999967,1.121590909090903,True,0.6854151393065214,0.1037831913104534,False,released,True,True
2025|line=39|event=676|date=20251103|station=51105,2025,51105,巴中,39,哈渝线,2025|line=39|event=676|date=20251103,16.7,9.6,10.409999999999997,10.47631507472642,10.374999999999996,1.0843749999999996,True,0.9962841071844376,0.1513831195186965,False,released,True,True
2025|line=39|event=676|date=20251103|station=62001,2025,62001,兰州,39,哈渝线,2025|line=39|event=676|date=20251103,16.7,-12.1,-14.22500000000582,-13.619802309825822,-13.559999999997672,,,0.811755381414144,,False,structural_misfit,False,True
2025|line=39|event=676|date=20251103|station=62149,2025,62149,古丰（台阵）,39,哈渝线,2025|line=39|event=676|date=20251103,16.7,-11.6,-11.605000000000004,-11.750768552226132,-11.600000000000009,1.000431034482759,True,0.9940077476053492,0.1463649082649694,False,released,True,True
2025|line=39|event=676|date=20251103|station=62151,2025,62151,横梁（台阵）,39,哈渝线,2025|line=39|event=676|date=20251103,16.7,-48.0,-47.3,-47.26832080573845,-47.28999999999999,0.9854166666666666,True,0.9969560216490162,0.0835458069992304,False,released,True,True
2025|line=28|event=60|date=20251104|station=41004,2025,41004,信阳地震台,28,昌宣线,2025|line=28|event=60|date=20251104,15.066666666666666,-4.4,-3.77,-3.932200042462561,-3.75,0.8568181818181817,True,0.9954271554116362,0.0933061424733301,False,released,True,True
2025|line=28|event=60|date=20251104|station=41011,2025,41011,潢川,28,昌宣线,2025|line=28|event=60|date=20251104,15.066666666666666,6.6,6.400000000000006,6.332815689959327,6.344999999999999,0.9696969696969706,True,0.9895657980319724,0.0503843767724968,False,released,True,True
2025|line=28|event=60|date=20251104|station=61010,2025,61010,泾阳地震台,28,昌宣线,2025|line=28|event=60|date=20251104,15.066666666666666,-8.4,-7.4599999999999795,-7.49568702673305,-7.3799999999999955,0.8880952380952356,True,0.9983604877380672,0.1058755641570302,False,released,True,True
2025|line=28|event=60|date=20251104|station=62151,2025,62151,横梁（台阵）,28,昌宣线,2025|line=28|event=60|date=20251104,15.066666666666666,-3.5,-3.280000000000001,-3.168150144854997,-3.214999999999989,0.9371428571428576,True,0.9836951833950144,0.0996185823706372,False,released,True,True
2025|line=40|event=911|date=20251113|station=42005,2025,42005,恩施,40,宁湖线,2025|line=40|event=911|date=20251113,63.266666666666666,3.4,,,0.9750000000000014,,,,,True,structural_misfit,False,True
2025|line=40|event=911|date=20251113|station=43002,2025,43002,邵阳,40,宁湖线,2025|line=40|event=911|date=20251113,63.266666666666666,4.8,,,4.060000000000002,,,,,False,structural_misfit,False,True
2025|line=40|event=911|date=20251113|station=61008,2025,61008,周至楼观地震台,40,宁湖线,2025|line=40|event=911|date=20251113,63.266666666666666,-3.7,-5.117820318423057,-4.119086594837125,-4.694999999999993,1.3831946806548805,True,0.7358311982465755,0.13388315928397,False,released,True,True
2025|line=33|event=76|date=20251114|station=43002,2025,43002,邵阳,33,雅南线,2025|line=33|event=76|date=20251114,5.05,9.7,9.899999999999975,9.890967806587634,9.930000000000009,1.0206185567010286,True,0.9924000495701756,0.1337566258223276,False,released,True,True
2025|line=33|event=78|date=20251114|station=43002,2025,43002,邵阳,33,雅南线,2025|line=33|event=78|date=20251114,15.916666666666666,10.0,10.430000000000009,9.979887672451424,10.430000000000009,1.0430000000000006,True,0.9934731547793544,0.0865750944747652,False,released,True,True
2025|line=33|event=80|date=20251114|station=43002,2025,43002,邵阳,33,雅南线,2025|line=33|event=80|date=20251114,14.333333333333334,-9.9,,,-9.97999999999996,,,,,False,structural_misfit,False,True
2025|line=33|event=82|date=20251114|station=43002,2025,43002,邵阳,33,雅南线,2025|line=33|event=82|date=20251114,8.416666666666666,4.8,,,1.80499999999995,,,,,False,structural_misfit,False,True
2025|line=42|event=1051|date=20251118|station=42005,2025,42005,恩施,42,金湖线2,2025|line=42|event=1051|date=20251118,11.333333333333334,4.9,3.645,3.662999999999853,2.035,0.7438775510204081,True,0.9688377980430486,0.2006792794595511,True,released,True,True
2025|line=42|event=1055|date=20251118|station=42005,2025,42005,恩施,42,金湖线2,2025|line=42|event=1055|date=20251118,13.116666666666667,10.0,8.875,9.260999999999996,5.145,0.8875,True,0.9665802736445064,0.1537331630522936,True,released,True,True
2025|line=42|event=1055|date=20251118|station=50008,2025,50008,涪陵江东,42,金湖线2,2025|line=42|event=1055|date=20251118,13.116666666666667,3.2,2.914999999999999,2.780334144343381,3.0,0.9109374999999996,True,0.9797147016141254,0.1826233464796341,True,released,True,True
2025|line=42|event=1056|date=20251118|station=42005,2025,42005,恩施,42,金湖线2,2025|line=42|event=1056|date=20251118,20.716666666666665,-9.9,-10.3,-10.313999999999997,-5.73,1.0404040404040404,True,0.9563198335619044,0.1926264006292832,True,released,True,True
2025|line=42|event=1056|date=20251118|station=50008,2025,50008,涪陵江东,42,金湖线2,2025|line=42|event=1056|date=20251118,20.716666666666665,-3.1,-3.780000000000001,-4.493273316119139,-3.4250000000000043,1.2193548387096778,True,0.7979139486444485,0.2105679607478764,True,released,True,True
2025|line=42|event=1057|date=20251118|station=42005,2025,42005,恩施,42,金湖线2,2025|line=42|event=1057|date=20251118,32.733333333333334,-9.8,-7.947107275254867,-8.62243099792891,-5.529999999999999,0.810929313801517,True,0.9609891515089486,0.1614078166664758,True,released,True,True
2025|line=42|event=1057|date=20251118|station=50008,2025,50008,涪陵江东,42,金湖线2,2025|line=42|event=1057|date=20251118,32.733333333333334,-3.1,-4.0440963855421685,-3.976509182214458,-2.335000000000001,1.304547221142635,True,0.8527735171455745,0.2490068844188804,True,released,True,True
2025|line=42|event=1058|date=20251118|station=42005,2025,42005,恩施,42,金湖线2,2025|line=42|event=1058|date=20251118,26.1,-9.9,-8.500000000000002,-8.583486588358513,-5.65,0.8585858585858588,True,0.9668531302511608,0.1191580479885145,True,released,True,True
2025|line=42|event=1058|date=20251118|station=50008,2025,50008,涪陵江东,42,金湖线2,2025|line=42|event=1058|date=20251118,26.1,-3.1,-2.5050000000000026,-4.529151545689296,-2.595000000000006,0.8080645161290331,True,0.745074636567004,0.1570768336973974,True,released,True,True
2025|line=42|event=1059|date=20251118|station=42005,2025,42005,恩施,42,金湖线2,2025|line=42|event=1059|date=20251118,51.45,-9.9,-8.234897049784879,-7.664832192638276,-5.82,0.8318077828065533,True,0.8449316506330925,0.1752436617729669,True,released,True,True
2025|line=42|event=1059|date=20251118|station=50008,2025,50008,涪陵江东,42,金湖线2,2025|line=42|event=1059|date=20251118,51.45,-3.2,-3.3100768285187456,-3.017649398880108,-2.950000000000003,1.034399008912108,True,0.9948418963704292,0.1352402080696622,True,released,True,True
2025|line=42|event=1060|date=20251118|station=42005,2025,42005,恩施,42,金湖线2,2025|line=42|event=1060|date=20251118,41.583333333333336,-9.9,-8.252040682414698,-8.122535690420225,-5.174999999999999,0.8335394628701714,True,0.8963047565632634,0.2268259318779614,True,released,True,True
2025|line=42|event=1060|date=20251118|station=50008,2025,50008,涪陵江东,42,金湖线2,2025|line=42|event=1060|date=20251118,41.583333333333336,-3.1,-3.286861642294717,-2.980146358908933,-3.039999999999999,1.060277949127328,True,0.962115568408874,0.1330776949810511,True,released,True,True
2025|line=42|event=1061|date=20251118|station=42005,2025,42005,恩施,42,金湖线2,2025|line=42|event=1061|date=20251118,23.0,9.8,9.675,10.3875294102932,5.795000000000002,0.9872448979591836,True,0.9685812038739948,0.236497997710206,True,released,True,True
2025|line=42|event=1061|date=20251118|station=50008,2025,50008,涪陵江东,42,金湖线2,2025|line=42|event=1061|date=20251118,23.0,3.1,3.2749999999999986,3.239553637942717,3.260000000000005,1.056451612903225,True,0.96012245460387,0.1333482765390127,True,released,True,True
2025|line=42|event=1062|date=20251118|station=42005,2025,42005,恩施,42,金湖线2,2025|line=42|event=1062|date=20251118,15.3,9.9,8.969999999999999,9.39833551486515,5.35,0.906060606060606,True,0.9668560511345716,0.2066909583106534,True,released,True,True
2025|line=42|event=1062|date=20251118|station=50008,2025,50008,涪陵江东,42,金湖线2,2025|line=42|event=1062|date=20251118,15.3,3.1,2.990000000000002,3.020905194162021,2.93,0.9645161290322588,True,0.9860348066639172,0.0884070496351378,True,released,True,True
2025|line=42|event=1063|date=20251118|station=42005,2025,42005,恩施,42,金湖线2,2025|line=42|event=1063|date=20251118,24.933333333333334,9.9,8.999999999999998,9.581695866486085,5.525,0.9090909090909088,True,0.967500331693804,0.2886886537008333,True,released,True,True
2025|line=42|event=1063|date=20251118|station=50008,2025,50008,涪陵江东,42,金湖线2,2025|line=42|event=1063|date=20251118,24.933333333333334,3.2,3.0999999999999943,3.131601318453201,3.1099999999999994,0.9687499999999982,True,0.96163059643486,0.0891824726638202,True,released,True,True
2025|line=42|event=1064|date=20251118|station=42005,2025,42005,恩施,42,金湖线2,2025|line=42|event=1064|date=20251118,26.15,10.1,,,5.084999999999999,,,,,True,structural_misfit,False,True
2025|line=42|event=1064|date=20251118|station=50008,2025,50008,涪陵江东,42,金湖线2,2025|line=42|event=1064|date=20251118,26.15,3.2,,,2.950000000000003,,,,,True,structural_misfit,False,True
2025|line=42|event=1066|date=20251118|station=42005,2025,42005,恩施,42,金湖线2,2025|line=42|event=1066|date=20251118,17.333333333333332,10.1,9.56,9.162,5.09,0.9465346534653466,True,0.9600564655082204,0.1508821173191544,True,released,True,True
2025|line=42|event=1066|date=20251118|station=50008,2025,50008,涪陵江东,42,金湖线2,2025|line=42|event=1066|date=20251118,17.333333333333332,3.2,3.219999999999999,3.120974990692478,3.074999999999996,1.0062499999999996,True,0.970081072147932,0.1080617857037386,True,released,True,True
2025|line=42|event=1067|date=20251118|station=42005,2025,42005,恩施,42,金湖线2,2025|line=42|event=1067|date=20251118,21.433333333333334,9.9,9.455000000000002,9.72,5.4,0.9550505050505051,True,0.963243429183763,0.1942110389195788,True,released,True,True
2025|line=42|event=1067|date=20251118|station=50008,2025,50008,涪陵江东,42,金湖线2,2025|line=42|event=1067|date=20251118,21.433333333333334,3.2,3.299999999999997,3.309446535663433,3.2249999999999943,1.0312499999999991,True,0.9846575896400964,0.0853723554089547,True,released,True,True
2025|line=7|event=1237|date=20251118|station=44011,2025,44011,新丰江中心地震台,7,三广线,2025|line=7|event=1237|date=20251118,46.1,10.6,11.480974906748052,10.968868494400768,11.454999999999998,1.0831108402592502,True,0.9898666251289744,0.1063492516776477,True,released,True,True
2025|line=42|event=1070|date=20251119|station=42005,2025,42005,恩施,42,金湖线2,2025|line=42|event=1070|date=20251119,6.933333333333334,5.0,4.619999999999999,4.615859737090545,2.6899999999999995,0.9239999999999998,True,0.965623488515285,0.0447001916832572,True,released,True,True
2025|line=42|event=1071|date=20251119|station=42005,2025,42005,恩施,42,金湖线2,2025|line=42|event=1071|date=20251119,10.15,-9.5,-9.495,-9.629278039382298,-5.67,0.9994736842105264,True,0.9695454601260728,0.1037818123615711,True,released,True,True
2025|line=42|event=1071|date=20251119|station=50008,2025,50008,涪陵江东,42,金湖线2,2025|line=42|event=1071|date=20251119,10.15,-3.0,-3.240000000000002,-3.1769844830065828,-3.240000000000002,1.0800000000000007,True,0.978642101193938,0.0730030396400845,True,released,True,True
2025|line=42|event=1072|date=20251120|station=42005,2025,42005,恩施,42,金湖线2,2025|line=42|event=1072|date=20251120,11.1,4.3,3.289999999999999,3.36007819555054,2.155,0.7651162790697673,True,0.9634777275840104,0.1628700719828141,True,released,True,True
2025|line=42|event=1073|date=20251120|station=42005,2025,42005,恩施,42,金湖线2,2025|line=42|event=1073|date=20251120,8.766666666666667,4.6,4.944999999999999,4.895999999999999,2.72,1.075,True,0.9585796470755656,0.0599962643683356,True,released,True,True
2025|line=42|event=1074|date=20251120|station=42005,2025,42005,恩施,42,金湖线2,2025|line=42|event=1074|date=20251120,5.283333333333333,-4.8,-4.415,-4.349333227063918,-2.875,0.9197916666666668,True,0.958482154687786,0.0375391352855079,True,released,True,True
2025|line=42|event=1076|date=20251121|station=42005,2025,42005,恩施,42,金湖线2,2025|line=42|event=1076|date=20251121,9.316666666666666,5.0,4.31,4.252480286183647,2.515,0.8619999999999999,True,0.9647849301116732,0.0837333080582544,True,released,True,True
2025|line=42|event=1078|date=20251121|station=42005,2025,42005,恩施,42,金湖线2,2025|line=42|event=1078|date=20251121,46.45,-10.0,-7.862548551959116,-7.73488860419067,-5.195000000000001,0.7862548551959117,True,0.8854219974725064,0.0740808117384808,True,released,True,True
2025|line=42|event=1078|date=20251121|station=50008,2025,50008,涪陵江东,42,金湖线2,2025|line=42|event=1078|date=20251121,46.45,-3.2,-2.7302972742759763,-3.110684336966046,-3.155000000000001,0.8532178982112426,True,0.834488888947633,0.1030834767330288,True,released,True,True
2025|line=42|event=1080|date=20251122|station=42005,2025,42005,恩施,42,金湖线2,2025|line=42|event=1080|date=20251122,14.45,4.9,4.3100000000000005,4.228847071761728,2.9750000000000014,0.8795918367346939,True,0.9717431333933654,0.1764196542683446,True,released,True,True
2025|line=42|event=1081|date=20251123|station=42005,2025,42005,恩施,42,金湖线2,2025|line=42|event=1081|date=20251123,10.633333333333333,4.9,4.509999999999999,4.67581207497235,2.9749999999999988,0.9204081632653058,True,0.9549007155856984,0.0633866694707036,True,released,True,True
2025|line=42|event=1084|date=20251123|station=42005,2025,42005,恩施,42,金湖线2,2025|line=42|event=1084|date=20251123,2.066666666666667,-9.9,,-5.526844739037057,-4.705,,,0.8282465091458189,,True,structural_misfit,False,True
2025|line=42|event=1084|date=20251123|station=50008,2025,50008,涪陵江东,42,金湖线2,2025|line=42|event=1084|date=20251123,2.066666666666667,-3.2,-2.93,-3.1490536389806265,-2.844999999999999,,,0.9733461775118704,,True,structural_misfit,False,True
2025|line=42|event=1086|date=20251123|station=42005,2025,42005,恩施,42,金湖线2,2025|line=42|event=1086|date=20251123,2.4,-9.9,,-6.27214265113861,-5.295,,,0.8748658906079005,,True,structural_misfit,False,True
2025|line=42|event=1086|date=20251123|station=50008,2025,50008,涪陵江东,42,金湖线2,2025|line=42|event=1086|date=20251123,2.4,-3.2,-2.9849999999999994,-2.991373394313623,-2.949999999999996,0.9328124999999998,True,0.9845542062178708,0.0480593570688135,True,released,True,True
2025|line=42|event=1087|date=20251123|station=42005,2025,42005,恩施,42,金湖线2,2025|line=42|event=1087|date=20251123,6.116666666666666,-5.0,-4.52,-4.513092103315764,-2.76,0.904,True,0.9613058925826684,0.0319848742576193,True,released,True,True
2025|line=42|event=1088|date=20251124|station=42005,2025,42005,恩施,42,金湖线2,2025|line=42|event=1088|date=20251124,7.4,4.9,4.95,5.015245982363695,3.21,1.010204081632653,True,0.9690172916283256,0.0388302544349625,True,released,True,True
2025|line=42|event=1089|date=20251124|station=42005,2025,42005,恩施,42,金湖线2,2025|line=42|event=1089|date=20251124,3.866666666666666,-9.9,,-8.062860967467142,-6.84,,,0.9441778646511374,,True,structural_misfit,False,True
2025|line=42|event=1089|date=20251124|station=50008,2025,50008,涪陵江东,42,金湖线2,2025|line=42|event=1089|date=20251124,3.866666666666666,-3.2,-3.780000000000001,-3.2950393311845634,-3.759999999999998,1.1812500000000004,True,0.9494689859744332,0.0644676438390759,True,released,True,True
2025|line=42|event=1090|date=20251124|station=42005,2025,42005,恩施,42,金湖线2,2025|line=42|event=1090|date=20251124,2.433333333333333,9.8,4.669999999999999,5.48391626632927,6.034999999999999,,,0.8176024963406114,,True,structural_misfit,False,True
2025|line=42|event=1090|date=20251124|station=50008,2025,50008,涪陵江东,42,金湖线2,2025|line=42|event=1090|date=20251124,2.433333333333333,3.1,3.645000000000003,3.492024785871199,3.605000000000004,1.175806451612904,True,0.9836080059184312,0.0642098490909279,True,released,True,True
2025|line=42|event=1094|date=20251124|station=42005,2025,42005,恩施,42,金湖线2,2025|line=42|event=1094|date=20251124,34.266666666666666,-9.9,-9.158926840017628,-8.691055896261265,-6.355,0.9251441252543058,True,0.9073835339398738,0.1494192291658268,True,released,True,True
2025|line=42|event=1094|date=20251124|station=50008,2025,50008,涪陵江东,42,金湖线2,2025|line=42|event=1094|date=20251124,34.266666666666666,-3.2,-4.207994711326577,-3.1167084528854736,-4.129999999999996,1.3149983472895554,True,0.7423752347381053,0.124649253546538,True,released,True,True
2025|line=42|event=1095|date=20251124|station=42005,2025,42005,恩施,42,金湖线2,2025|line=42|event=1095|date=20251124,30.15,9.9,8.137472081218274,8.466604852480472,5.65,0.8219668768907347,True,0.942548521911434,0.4140437393870208,True,released,True,True
2025|line=42|event=1095|date=20251124|station=50008,2025,50008,涪陵江东,42,金湖线2,2025|line=42|event=1095|date=20251124,30.15,3.2,3.253083756345177,3.20562402913824,3.144999999999996,1.0165886738578678,True,0.9546161312992903,0.1354249474892002,True,released,True,True
2025|line=42|event=1096|date=20251124|station=42005,2025,42005,恩施,42,金湖线2,2025|line=42|event=1096|date=20251124,36.16666666666666,9.9,,,4.364999999999999,,,,,True,structural_misfit,False,True
2025|line=42|event=1096|date=20251124|station=50008,2025,50008,涪陵江东,42,金湖线2,2025|line=42|event=1096|date=20251124,36.16666666666666,3.2,,,3.744999999999997,,,,,True,structural_misfit,False,True
2025|line=42|event=1097|date=20251124|station=42005,2025,42005,恩施,42,金湖线2,2025|line=42|event=1097|date=20251124,52.2,10.0,,,2.764999999999999,,,,,True,structural_misfit,False,True
2025|line=42|event=1097|date=20251124|station=50008,2025,50008,涪陵江东,42,金湖线2,2025|line=42|event=1097|date=20251124,52.2,3.2,,,3.529999999999994,,,,,True,structural_misfit,False,True
2025|line=42|event=1098|date=20251124|station=42005,2025,42005,恩施,42,金湖线2,2025|line=42|event=1098|date=20251124,9.7,-9.9,-9.49,-9.814988684983112,-7.2,0.9585858585858584,True,0.968006094759022,0.0684854270183037,True,released,True,True
2025|line=42|event=1098|date=20251124|station=50008,2025,50008,涪陵江东,42,金湖线2,2025|line=42|event=1098|date=20251124,9.7,-3.1,-2.7949999999999946,-2.962228999309382,-2.8299999999999983,0.9016129032258048,True,0.9444205806021636,0.1402368702329489,True,released,True,True
2025|line=42|event=1100|date=20251125|station=42005,2025,42005,恩施,42,金湖线2,2025|line=42|event=1100|date=20251125,6.5,4.9,4.215,4.307022861924533,3.35,0.8602040816326529,True,0.942847847830548,0.079167108287236,True,released,True,True
2025|line=42|event=1102|date=20251125|station=42005,2025,42005,恩施,42,金湖线2,2025|line=42|event=1102|date=20251125,83.33333333333333,-9.9,-9.81272445220089,-9.656999999999996,-5.364999999999998,0.9911842881011,True,0.7716700892983495,0.1027532262674525,True,released,True,True
2025|line=42|event=1102|date=20251125|station=50008,2025,50008,涪陵江东,42,金湖线2,2025|line=42|event=1102|date=20251125,83.33333333333333,-3.2,-2.972694395966641,-3.1574343261037363,-2.759999999999998,0.9289669987395754,True,0.5047711236740362,0.0863143586435054,True,released,True,True
2025|line=42|event=1104|date=20251125|station=42005,2025,42005,恩施,42,金湖线2,2025|line=42|event=1104|date=20251125,2.083333333333333,9.9,,9.162,5.090000000000001,,,0.8482467325070719,,True,structural_misfit,False,True
2025|line=42|event=1104|date=20251125|station=50008,2025,50008,涪陵江东,42,金湖线2,2025|line=42|event=1104|date=20251125,2.083333333333333,3.2,3.7750000000000057,3.418293357509996,3.6599999999999966,,,0.9605259663092756,,True,structural_misfit,False,True
2025|line=42|event=1105|date=20251125|station=42005,2025,42005,恩施,42,金湖线2,2025|line=42|event=1105|date=20251125,36.68333333333333,-10.0,-8.023189252336449,-7.666664446166971,-4.965,0.8023189252336449,True,0.8947255435025271,0.0867627484667283,True,released,True,True
2025|line=42|event=1105|date=20251125|station=50008,2025,50008,涪陵江东,42,金湖线2,2025|line=42|event=1105|date=20251125,36.68333333333333,-3.2,-3.003577952421409,-2.916583417988143,-2.7849999999999966,0.9386181101316904,True,0.870683405336736,0.1395384957054369,True,released,True,True
2025|line=42|event=1106|date=20251125|station=42005,2025,42005,恩施,42,金湖线2,2025|line=42|event=1106|date=20251125,64.31666666666666,-9.9,-5.968785447761194,-6.624177785037716,-3.715,0.6029076209859792,True,0.6458288530007146,0.2362546634966169,True,released,True,True
2025|line=42|event=1106|date=20251125|station=50008,2025,50008,涪陵江东,42,金湖线2,2025|line=42|event=1106|date=20251125,64.31666666666666,-3.2,-3.880143034825872,-2.8552909115645297,-3.664999999999999,1.2125446983830843,True,0.3093645634791573,0.0993030942319534,True,released,True,True
2025|line=42|event=1107|date=20251125|station=42005,2025,42005,恩施,42,金湖线2,2025|line=42|event=1107|date=20251125,19.216666666666665,-9.9,-8.52,-8.750835071799116,-5.65,0.8606060606060605,True,0.9764124357017748,0.2025917331263356,True,released,True,True
2025|line=42|event=1107|date=20251125|station=50008,2025,50008,涪陵江东,42,金湖线2,2025|line=42|event=1107|date=20251125,19.216666666666665,-3.2,-2.644999999999996,-4.932000000000003,-2.740000000000002,0.8265624999999988,True,0.8693748607706773,0.1012566612005086,True,released,True,True
2025|line=42|event=1108|date=20251125|station=42005,2025,42005,恩施,42,金湖线2,2025|line=42|event=1108|date=20251125,32.75,-10.0,-9.267092583845065,-9.990550971548208,-5.58,0.9267092583845062,True,0.9007038563009542,0.0834048088157401,True,released,True,True
2025|line=42|event=1108|date=20251125|station=50008,2025,50008,涪陵江东,42,金湖线2,2025|line=42|event=1108|date=20251125,32.75,-3.2,-3.708675011809163,-2.585687188975073,-3.2249999999999943,1.1589609411903634,True,0.858871348384327,0.1137435990538248,True,released,True,True
2025|line=39|event=678|date=20251126|station=62151,2025,62151,横梁（台阵）,39,哈渝线,2025|line=39|event=678|date=20251126,64.9,11.4,11.71149096758228,11.513805468992798,11.634999999999993,1.0273237690861647,True,0.9929719023220338,0.2318831527940557,False,released,True,True
2025|line=42|event=1110|date=20251126|station=42005,2025,42005,恩施,42,金湖线2,2025|line=42|event=1110|date=20251126,6.85,4.9,4.66,4.568729841029204,2.8099999999999987,0.9510204081632652,True,0.9665661714304684,0.0932601767762526,True,released,True,True
2025|line=42|event=1111|date=20251126|station=42005,2025,42005,恩施,42,金湖线2,2025|line=42|event=1111|date=20251126,2.566666666666667,-10.4,,-6.83891254615304,-5.805,,,0.8610806359694132,,True,structural_misfit,False,True
2025|line=42|event=1111|date=20251126|station=50008,2025,50008,涪陵江东,42,金湖线2,2025|line=42|event=1111|date=20251126,2.566666666666667,-3.3,-3.660000000000004,-3.270305237158612,-3.660000000000004,1.1090909090909102,True,0.9670626055619436,0.0609956496939789,True,released,True,True
2025|line=42|event=1112|date=20251126|station=42005,2025,42005,恩施,42,金湖线2,2025|line=42|event=1112|date=20251126,35.666666666666664,9.9,,,5.01,,,,,True,structural_misfit,False,True
2025|line=42|event=1112|date=20251126|station=50008,2025,50008,涪陵江东,42,金湖线2,2025|line=42|event=1112|date=20251126,35.666666666666664,3.2,,,1.8099999999999952,,,,,True,structural_misfit,False,True
2025|line=42|event=1113|date=20251126|station=42005,2025,42005,恩施,42,金湖线2,2025|line=42|event=1113|date=20251126,3.883333333333333,9.9,7.35,7.307495891441755,5.915,,,0.9466376206552316,,True,structural_misfit,False,True
2025|line=42|event=1113|date=20251126|station=50008,2025,50008,涪陵江东,42,金湖线2,2025|line=42|event=1113|date=20251126,3.883333333333333,3.1,3.3000000000000043,3.354499495936882,3.335000000000001,1.0645161290322591,True,0.9801977825958152,0.0478260243423377,True,released,True,True
2025|line=42|event=1114|date=20251126|station=42005,2025,42005,恩施,42,金湖线2,2025|line=42|event=1114|date=20251126,54.31666666666667,9.9,,,5.095000000000001,,,,,True,structural_misfit,False,True
2025|line=42|event=1114|date=20251126|station=50008,2025,50008,涪陵江东,42,金湖线2,2025|line=42|event=1114|date=20251126,54.31666666666667,3.2,,,2.3600000000000065,,,,,True,structural_misfit,False,True
2025|line=42|event=1116|date=20251126|station=42005,2025,42005,恩施,42,金湖线2,2025|line=42|event=1116|date=20251126,3.866666666666666,9.9,,7.592434212065745,5.515,,,0.9416776500921508,,True,structural_misfit,False,True
2025|line=42|event=1116|date=20251126|station=50008,2025,50008,涪陵江东,42,金湖线2,2025|line=42|event=1116|date=20251126,3.866666666666666,3.1,3.890000000000001,3.3723654395303986,3.365000000000002,,,0.9018736522374132,,True,structural_misfit,False,True
2025|line=42|event=1117|date=20251126|station=42005,2025,42005,恩施,42,金湖线2,2025|line=42|event=1117|date=20251126,5.95,-10.0,-8.5,-8.523094882112463,-5.765000000000001,0.85,True,0.9586002444126244,0.0745711619995187,True,released,True,True
2025|line=42|event=1117|date=20251126|station=50008,2025,50008,涪陵江东,42,金湖线2,2025|line=42|event=1117|date=20251126,5.95,-3.2,-2.68,-2.3659485305378234,-2.730000000000004,0.8374999999999999,True,0.8622325104054828,0.0671940929435905,True,released,True,True
2025|line=42|event=1119|date=20251127|station=42005,2025,42005,恩施,42,金湖线2,2025|line=42|event=1119|date=20251127,7.816666666666666,4.9,4.86,4.601634197333054,2.9749999999999988,0.9918367346938776,True,0.9548388346229528,0.0634220418708998,True,released,True,True
2025|line=42|event=1120|date=20251127|station=42005,2025,42005,恩施,42,金湖线2,2025|line=42|event=1120|date=20251127,11.35,9.9,,,5.58,,,,,True,structural_misfit,False,True
2025|line=42|event=1120|date=20251127|station=50008,2025,50008,涪陵江东,42,金湖线2,2025|line=42|event=1120|date=20251127,11.35,3.2,,,2.8500000000000014,,,,,True,structural_misfit,False,True
2025|line=42|event=1124|date=20251127|station=42005,2025,42005,恩施,42,金湖线2,2025|line=42|event=1124|date=20251127,9.1,9.8,9.755,9.855157233829118,6.364999999999999,0.995408163265306,True,0.961479228303132,0.0639721421990642,True,released,True,True
2025|line=42|event=1124|date=20251127|station=50008,2025,50008,涪陵江东,42,金湖线2,2025|line=42|event=1124|date=20251127,9.1,3.1,3.4250000000000043,2.983218778318714,3.1700000000000017,1.1048387096774206,True,0.8158759320137107,0.2221742547170696,True,released,True,True
2025|line=42|event=1126|date=20251127|station=42005,2025,42005,恩施,42,金湖线2,2025|line=42|event=1126|date=20251127,31.616666666666667,-9.9,-8.087315175097276,-8.049600010918427,-6.28,0.8169005227370986,True,0.9190317089489222,0.3563546847191261,True,released,True,True
2025|line=42|event=1126|date=20251127|station=50008,2025,50008,涪陵江东,42,金湖线2,2025|line=42|event=1126|date=20251127,31.616666666666667,-3.1,-3.076070038910516,-3.194033460036932,-3.315000000000005,0.9922806577130694,True,0.9626328809163452,0.1686176223035128,True,released,True,True
2025|line=42|event=1128|date=20251128|station=42005,2025,42005,恩施,42,金湖线2,2025|line=42|event=1128|date=20251128,11.566666666666666,5.0,4.035,4.463807736866136,2.5,0.807,True,0.943685786635408,0.0715575019102131,True,released,True,True
2025|line=42|event=1132|date=20251128|station=42005,2025,42005,恩施,42,金湖线2,2025|line=42|event=1132|date=20251128,9.816666666666666,8.4,8.405,8.674252737474536,5.02,1.000595238095238,True,0.957441617223646,0.0609060509235323,True,released,True,True
2025|line=42|event=1138|date=20251129|station=42005,2025,42005,恩施,42,金湖线2,2025|line=42|event=1138|date=20251129,8.583333333333334,4.9,3.2,3.915975351077267,3.5500000000000003,0.6530612244897959,True,0.9047442816050476,0.0936999947644971,True,released,True,True
2025|line=42|event=1139|date=20251129|station=42005,2025,42005,恩施,42,金湖线2,2025|line=42|event=1139|date=20251129,2.4166666666666665,9.9,,6.160684854524394,5.14,,,0.8646070943839738,,True,structural_misfit,False,True
2025|line=42|event=1139|date=20251129|station=50008,2025,50008,涪陵江东,42,金湖线2,2025|line=42|event=1139|date=20251129,2.4166666666666665,3.2,3.649999999999999,3.2446012911610493,3.559999999999995,1.1406249999999996,True,0.9461082143052382,0.0644837790976335,True,released,True,True
2025|line=42|event=1140|date=20251129|station=42005,2025,42005,恩施,42,金湖线2,2025|line=42|event=1140|date=20251129,76.45,9.9,8.502534232146619,8.40481024552161,5.225,0.8588418416309715,True,0.741696142570125,0.4341621494539365,True,released,True,True
2025|line=42|event=1140|date=20251129|station=50008,2025,50008,涪陵江东,42,金湖线2,2025|line=42|event=1140|date=20251129,76.45,3.1,2.909109964187905,2.464725178040884,2.7549999999999955,0.9384225690928728,True,0.96741570316057,0.1713730273623494,True,released,True,True
2025|line=42|event=1143|date=20251130|station=42005,2025,42005,恩施,42,金湖线2,2025|line=42|event=1143|date=20251130,6.733333333333333,4.9,4.225,4.207523458777596,2.45,0.8622448979591836,True,0.954843171776541,0.0578614514868448,True,released,True,True
2025|line=42|event=1144|date=20251130|station=42005,2025,42005,恩施,42,金湖线2,2025|line=42|event=1144|date=20251130,12.166666666666666,-14.1,-13.515,-14.017258459474316,-8.434999999999999,0.9585106382978724,True,0.9713508694071868,0.1138065271033573,True,released,True,True
2025|line=42|event=1144|date=20251130|station=50008,2025,50008,涪陵江东,42,金湖线2,2025|line=42|event=1144|date=20251130,12.166666666666666,-4.5,-4.230000000000004,-4.3801971027637965,-4.280000000000001,0.9400000000000008,True,0.9782989490109234,0.1413439203381037,True,released,True,True
2025|line=42|event=1144|date=20251130|station=50023,2025,50023,重庆仙女山地震台,42,金湖线2,2025|line=42|event=1144|date=20251130,12.166666666666666,-3.7,-3.5299999999999727,-3.585627549677512,-3.519999999999982,0.9540540540540466,True,0.9640988277017988,0.1084119560296294,True,released,True,True
2025|line=42|event=1144|date=20251130|station=51224,2025,51224,崇州,42,金湖线2,2025|line=42|event=1144|date=20251130,12.166666666666666,3.0,3.0349999999999966,2.599263622079897,2.8899999999999864,1.0116666666666656,True,0.9276907628030786,0.0982893143709167,False,released,True,True
2025|line=41|event=1006|date=20251201|station=42005,2025,42005,恩施,41,金湖线,2025|line=41|event=1006|date=20251201,0.65,4.1,,1.3848090782297655,0.7850000000000001,,,0.5039394484970914,,True,structural_misfit,False,True
2025|line=41|event=1007|date=20251201|station=42005,2025,42005,恩施,41,金湖线,2025|line=41|event=1007|date=20251201,12.1,-6.0,-5.63,-5.822396844447761,-3.675,0.9383333333333334,True,0.9643992267405456,0.1381459094815219,True,released,True,True
2025|line=42|event=1146|date=20251201|station=42005,2025,42005,恩施,42,金湖线2,2025|line=42|event=1146|date=20251201,9.4,4.9,5.459999999999999,5.435999999999998,3.02,1.114285714285714,True,0.9758154009658768,0.1517753046777072,True,released,True,True
2025|line=42|event=1152|date=20251201|station=42005,2025,42005,恩施,42,金湖线2,2025|line=42|event=1152|date=20251201,1.2166666666666666,4.9,,1.0,-0.6550000000000001,,,0.5732145164027592,,True,structural_misfit,False,True
2025|line=42|event=1153|date=20251201|station=42005,2025,42005,恩施,42,金湖线2,2025|line=42|event=1153|date=20251201,5.433333333333334,-4.9,-4.470000000000001,-4.48794845890822,-2.89,0.9122448979591836,True,0.9677609935087602,0.0360001176274504,True,released,True,True
2025|line=42|event=1154|date=20251202|station=42005,2025,42005,恩施,42,金湖线2,2025|line=42|event=1154|date=20251202,6.95,4.9,3.79,3.7567866270302894,2.45,0.773469387755102,True,0.9556650035414852,0.0390328518964276,True,released,True,True
2025|line=42|event=1158|date=20251202|station=42005,2025,42005,恩施,42,金湖线2,2025|line=42|event=1158|date=20251202,176.35,-9.9,,,-5.515,,,,,True,structural_misfit,False,True
2025|line=42|event=1158|date=20251202|station=50008,2025,50008,涪陵江东,42,金湖线2,2025|line=42|event=1158|date=20251202,176.35,-3.2,,,-3.154999999999994,,,,,True,structural_misfit,False,True
2025|line=42|event=1159|date=20251202|station=42005,2025,42005,恩施,42,金湖线2,2025|line=42|event=1159|date=20251202,19.05,-4.0,-5.41,-4.937212150705879,-4.960000000000001,1.3525,True,0.9842497803330812,0.1272983495077447,True,released,True,True
2025|line=41|event=1009|date=20251203|station=42005,2025,42005,恩施,41,金湖线,2025|line=41|event=1009|date=20251203,15.366666666666667,4.4,3.4000000000000004,3.791611312576368,2.4450000000000003,0.7727272727272727,True,0.94498998984538,0.209471301881721,True,released,True,True
2025|line=42|event=1160|date=20251203|station=42005,2025,42005,恩施,42,金湖线2,2025|line=42|event=1160|date=20251203,56.31666666666667,-5.0,-4.749835694050992,-4.877999999999997,-2.709999999999999,0.9499671388101985,True,0.8354399219764302,0.2832956985601024,True,released,True,True
2025|line=42|event=1161|date=20251203|station=42005,2025,42005,恩施,42,金湖线2,2025|line=42|event=1161|date=20251203,37.61666666666667,-9.9,-7.92465909090909,-7.700373727810526,-4.975,0.8004706152433424,True,0.8923218947859464,0.207862610234518,True,released,True,True
2025|line=42|event=1161|date=20251203|station=50008,2025,50008,涪陵江东,42,金湖线2,2025|line=42|event=1161|date=20251203,37.61666666666667,-3.1,-3.273727272727271,-3.487263339918921,-2.9450000000000003,1.0560410557184745,True,0.9732809368824236,0.1948720020208909,True,released,True,True
2025|line=42|event=1163|date=20251204|station=42005,2025,42005,恩施,42,金湖线2,2025|line=42|event=1163|date=20251204,7.916666666666667,4.9,4.46,4.331742841856045,2.755,0.910204081632653,True,0.9679639753968184,0.1013347128185655,True,released,True,True
2025|line=42|event=1164|date=20251204|station=42005,2025,42005,恩施,42,金湖线2,2025|line=42|event=1164|date=20251204,35.35,-13.1,-11.10403937689312,-10.683764000895025,-8.084999999999999,0.8476365936559633,True,0.8541568775027865,0.0932540640807012,True,released,True,True
2025|line=42|event=1164|date=20251204|station=50008,2025,50008,涪陵江东,42,金湖线2,2025|line=42|event=1164|date=20251204,35.35,-4.2,-3.766916919082647,-1.9450000077003609,-3.890000000000001,0.8968849807339634,True,0.2033197110638337,0.1034854014639823,True,released,True,True
2025|line=42|event=1164|date=20251204|station=50023,2025,50023,重庆仙女山地震台,42,金湖线2,2025|line=42|event=1164|date=20251204,35.35,-3.5,-2.9584919948074457,-1.5650000000000264,-3.1300000000000523,0.8452834270878417,True,-0.0163377972743523,0.0699260863381391,True,released,True,True
2025|line=42|event=1166|date=20251205|station=42005,2025,42005,恩施,42,金湖线2,2025|line=42|event=1166|date=20251205,9.85,4.9,4.984999999999999,4.895183198333132,2.9450000000000003,1.01734693877551,True,0.9779760547168544,0.1312902396141316,True,released,True,True
2025|line=41|event=1010|date=20251206|station=42005,2025,42005,恩施,41,金湖线,2025|line=41|event=1010|date=20251206,31.65,-7.3,-5.47028943560058,-5.593537288358429,-4.520000000000001,0.7493547172055589,True,0.9429980394802764,0.2149437525236281,True,released,True,True
2025|line=42|event=1167|date=20251206|station=42005,2025,42005,恩施,42,金湖线2,2025|line=42|event=1167|date=20251206,120.35,10.2,,,6.695,,,,,True,structural_misfit,False,True
2025|line=42|event=1167|date=20251206|station=50008,2025,50008,涪陵江东,42,金湖线2,2025|line=42|event=1167|date=20251206,120.35,3.3,,,3.469999999999999,,,,,True,structural_misfit,False,True
2025|line=41|event=1012|date=20251210|station=42005,2025,42005,恩施,41,金湖线,2025|line=41|event=1012|date=20251210,44.86666666666667,-10.0,-8.774201255667945,-8.429527496616053,-6.275,0.8774201255667945,True,0.8306126356905668,0.2728685339397264,True,released,True,True
2025|line=41|event=1012|date=20251210|station=50008,2025,50008,涪陵江东,41,金湖线,2025|line=41|event=1012|date=20251210,44.86666666666667,-3.2,-3.514916288803626,-3.201888032314956,-3.3200000000000003,1.098411340251133,True,0.9329493245651036,0.1374007335644075,True,released,True,True
2025|line=41|event=1013|date=20251210|station=42005,2025,42005,恩施,41,金湖线,2025|line=41|event=1013|date=20251210,226.78333333333333,5.1,,,2.9649999999999994,,,,,True,structural_misfit,False,True
2025|line=41|event=1016|date=20251219|station=42005,2025,42005,恩施,41,金湖线,2025|line=41|event=1016|date=20251219,29.216666666666665,-5.0,-4.73,-5.073593191085415,-3.04,0.946,True,0.9684862518277588,0.1910295343665954,True,released,True,True
2025|line=41|event=1017|date=20251219|station=42005,2025,42005,恩施,41,金湖线,2025|line=41|event=1017|date=20251219,17.866666666666667,4.5,3.985,4.0407234491223525,2.4949999999999983,0.8855555555555557,True,0.9623091631868028,0.210457492349208,True,released,True,True
