session_uid,station_code,date,year,run_index,run_start_second,run_end_second,run_samples,valid_samples,A_j_nT,local_residual_RMS_nT,duration_min,A_ref_nT,catalog_strong
2024|source=data202401.csv|line=7|event=6|station=43002,43002,20240109,2024,1,52679.0,56972.0,4294,4294,0.3489026548672882,0.216788524331114,71.0,0.9,False
2024|source=data202401.csv|line=7|event=7|station=43002,43002,20240109,2024,1,59291.0,60142.0,852,852,0.75,0.0720116831631234,18.0,0.9,False
2024|source=data202401.csv|line=7|event=6|station=44011,44011,20240109,2024,1,53189.0,53307.0,119,119,-5.419548672566375,0.1329869140645458,71.0,-5.2,True
2024|source=data202401.csv|line=7|event=6|station=44011,44011,20240109,2024,2,54586.0,54645.0,60,60,-5.4135641592920365,0.1298747336904862,71.0,-5.2,True
2024|source=data202401.csv|line=7|event=6|station=44011,44011,20240109,2024,3,54726.0,54795.0,70,70,-5.403542035398232,0.1592277544461722,71.0,-5.2,True
2024|source=data202401.csv|line=7|event=6|station=44011,44011,20240109,2024,4,55363.0,55470.0,108,108,-5.290338495575224,0.1683647886547012,71.0,-5.2,True
2024|source=data202401.csv|line=7|event=6|station=44011,44011,20240109,2024,5,55518.0,55586.0,69,69,-5.231955752212389,0.1259306506277349,71.0,-5.2,True
2024|source=data202401.csv|line=7|event=6|station=44011,44011,20240109,2024,6,55654.0,55713.0,60,60,-5.224263274336284,0.1576693659878496,71.0,-5.2,True
2024|source=data202401.csv|line=7|event=6|station=44011,44011,20240109,2024,7,56597.0,56676.0,80,80,-5.854807522123895,0.0923404885344715,71.0,-5.2,True
2024|source=data202401.csv|line=7|event=7|station=44011,44011,20240109,2024,1,59144.0,60168.0,1025,1025,-5.109999999999999,0.1425423501901411,18.0,-5.3,True
2024|source=data202401.csv|line=7|event=11|station=43002,43002,20240110,2024,1,30584.0,30870.0,287,287,2.6699999999999875,0.04018856835591,13.0,1.5,False
2024|source=data202401.csv|line=7|event=12|station=43002,43002,20240110,2024,1,31312.0,31524.0,213,213,-0.7800000000000011,0.0680299239987913,5.0,-1.6,False
2024|source=data202401.csv|line=7|event=13|station=43002,43002,20240110,2024,1,32309.0,32489.0,181,181,1.510000000000019,0.0608536953308005,5.0,1.6,False
2024|source=data202401.csv|line=7|event=16|station=43002,43002,20240110,2024,1,42641.0,43883.0,1243,1243,2.0600000000000023,0.1002748044049227,28.0,1.6,False
2024|source=data202401.csv|line=7|event=17|station=43002,43002,20240110,2024,1,44284.0,46275.0,1992,1992,1.4996059322033943,0.1501772518286487,34.0,1.6,False
2024|source=data202401.csv|line=7|event=18|station=43002,43002,20240110,2024,1,46718.0,48086.0,1369,1369,0.8199999999999932,0.1237924914936137,24.0,1.6,False
2024|source=data202401.csv|line=7|event=8|station=43002,43002,20240110,2024,1,6269.0,12202.0,5934,5934,-0.9340340189873472,0.2488648252180536,101.0,-0.9,False
2024|source=data202401.csv|line=7|event=13|station=44003,44003,20240110,2024,1,32275.0,32623.0,349,349,0.7700000000004366,0.1440274722402292,5.0,0.8,False
2024|source=data202401.csv|line=7|event=16|station=44003,44003,20240110,2024,1,42354.0,42925.0,572,572,0.7400000000016007,0.1232968027698604,28.0,0.8,False
2024|source=data202401.csv|line=7|event=16|station=44003,44003,20240110,2024,2,42941.0,43067.0,127,127,0.930000000000291,0.0996223293688222,28.0,0.8,False
2024|source=data202401.csv|line=7|event=16|station=44003,44003,20240110,2024,3,43102.0,43963.0,862,862,0.9799999999995634,0.1109884728700771,28.0,0.8,False
2024|source=data202401.csv|line=7|event=17|station=44003,44003,20240110,2024,1,44414.0,44826.0,413,413,0.774978813558846,0.1375235370586177,34.0,0.8,False
2024|source=data202401.csv|line=7|event=17|station=44003,44003,20240110,2024,2,44891.0,45324.0,434,434,0.8543697033892386,0.129320105302857,34.0,0.8,False
2024|source=data202401.csv|line=7|event=17|station=44003,44003,20240110,2024,3,45329.0,45518.0,190,190,0.7015646186446247,0.092091548550905,34.0,0.8,False
2024|source=data202401.csv|line=7|event=17|station=44003,44003,20240110,2024,4,45534.0,46018.0,485,485,0.6449703389844217,0.1156845684474528,34.0,0.8,False
2024|source=data202401.csv|line=7|event=17|station=44003,44003,20240110,2024,5,46056.0,46139.0,84,84,0.6915942796586023,0.0850998422010975,34.0,0.8,False
2024|source=data202401.csv|line=7|event=18|station=44003,44003,20240110,2024,1,47403.0,48064.0,662,662,1.1000000000021828,0.1188191766457021,24.0,0.8,False
2024|source=data202401.csv|line=7|event=11|station=44011,44011,20240110,2024,1,30427.0,30492.0,66,66,-9.335,0.13376936205249,13.0,-8.8,True
2024|source=data202401.csv|line=7|event=11|station=44011,44011,20240110,2024,2,30647.0,30788.0,142,142,-9.335,0.1594990967617362,13.0,-8.8,True
2024|source=data202401.csv|line=7|event=16|station=44011,44011,20240110,2024,1,42907.0,42993.0,87,87,-9.275,0.1315431833534038,28.0,-9.1,True
2024|source=data202401.csv|line=7|event=16|station=44011,44011,20240110,2024,2,43831.0,43890.0,60,60,-9.1,0.167354334603223,28.0,-9.1,True
2024|source=data202401.csv|line=7|event=17|station=44011,44011,20240110,2024,1,44242.0,44318.0,77,77,-9.108898305084749,0.1544500719902873,34.0,-8.9,True
2024|source=data202401.csv|line=7|event=17|station=44011,44011,20240110,2024,2,44712.0,44791.0,80,80,-8.763940677966104,0.1096176845161092,34.0,-8.9,True
2024|source=data202401.csv|line=7|event=17|station=44011,44011,20240110,2024,3,44883.0,44983.0,101,101,-9.0335593220339,0.1317786114589688,34.0,-8.9,True
2024|source=data202401.csv|line=7|event=8|station=44011,44011,20240110,2024,1,8773.0,8842.0,70,70,4.507068829113923,0.1422018565606581,101.0,5.1,True
2024|source=data202401.csv|line=7|event=8|station=44011,44011,20240110,2024,2,10493.0,10611.0,119,119,3.743984177215188,0.1519619561174604,101.0,5.1,True
2024|source=data202401.csv|line=7|event=8|station=44011,44011,20240110,2024,3,11546.0,11608.0,63,63,4.990827531645568,0.1261253217171606,101.0,5.1,True
2024|source=data202401.csv|line=7|event=9|station=44011,44011,20240110,2024,1,16526.0,16592.0,67,67,5.842836633663366,0.1334948856817237,63.0,5.1,True
2024|source=data202401.csv|line=7|event=9|station=44011,44011,20240110,2024,2,16653.0,16712.0,60,60,5.649888613861385,0.1629789379151354,63.0,5.1,True
2024|source=data202401.csv|line=7|event=9|station=44011,44011,20240110,2024,3,17353.0,17570.0,218,218,5.2347549504950495,0.1350230032432004,63.0,5.1,True
2024|source=data202401.csv|line=7|event=9|station=44011,44011,20240110,2024,4,18129.0,18253.0,125,125,5.09780693069307,0.1386719152970993,63.0,5.1,True
2024|source=data202401.csv|line=7|event=9|station=44011,44011,20240110,2024,5,18543.0,18637.0,95,95,5.102128712871287,0.1415436921431854,63.0,5.1,True
2024|source=data202401.csv|line=7|event=9|station=44011,44011,20240110,2024,6,18835.0,18904.0,70,70,4.979141089108912,0.1441164913111892,63.0,5.1,True
2024|source=data202401.csv|line=7|event=11|station=45008,45008,20240110,2024,1,30745.0,31003.0,259,259,2.91,0.0588134373340259,13.0,-1.0,False
2024|source=data202401.csv|line=7|event=12|station=45008,45008,20240110,2024,1,31218.0,31360.0,143,143,0.0299999999999993,0.1049335659349913,5.0,1.0,False
2024|source=data202401.csv|line=7|event=13|station=45008,45008,20240110,2024,1,32178.0,32264.0,87,87,0.3100000000000005,0.0814575320084605,5.0,-1.0,False
2024|source=data202401.csv|line=7|event=30|station=43002,43002,20240111,2024,1,33553.0,34623.0,1071,1071,2.1899999999999977,0.0668887396980167,24.0,1.5,False
2024|source=data202401.csv|line=7|event=31|station=43002,43002,20240111,2024,1,35237.0,38952.0,3716,3716,-1.6203571428571308,0.161696075412152,67.0,-1.7,False
2024|source=data202401.csv|line=7|event=32|station=43002,43002,20240111,2024,1,40019.0,41275.0,1257,1257,2.160000000000025,0.0557092589534285,29.0,1.5,False
2024|source=data202401.csv|line=7|event=30|station=44003,44003,20240111,2024,1,34019.0,34109.0,91,91,1.9549999999981085,0.1028737515396817,24.0,0.7,False
2024|source=data202401.csv|line=7|event=30|station=44003,44003,20240111,2024,2,34115.0,34652.0,538,538,2.514999999999418,0.1277617257489058,24.0,0.7,False
2024|source=data202401.csv|line=7|event=32|station=44003,44003,20240111,2024,1,40489.0,41208.0,720,720,1.5999999999985448,0.1432395752588567,29.0,0.7,False
2024|source=data202401.csv|line=7|event=30|station=44011,44011,20240111,2024,1,33254.0,33345.0,92,92,-9.075,0.1585860886499289,24.0,-8.5,True
2024|source=data202401.csv|line=7|event=30|station=44011,44011,20240111,2024,2,34051.0,34126.0,76,76,-7.725,0.1430221632869523,24.0,-8.5,True
2024|source=data202401.csv|line=7|event=31|station=44011,44011,20240111,2024,1,35771.0,35847.0,77,77,9.269464285714289,0.1514302380744925,67.0,9.3,True
2024|source=data202401.csv|line=7|event=31|station=44011,44011,20240111,2024,2,36461.0,36531.0,71,71,9.583559907834102,0.1128893502234181,67.0,9.3,True
2024|source=data202401.csv|line=7|event=32|station=44011,44011,20240111,2024,1,40128.0,40187.0,60,60,-9.654999999999998,0.1657410583948275,29.0,-8.6,True
2024|source=data202401.csv|line=7|event=30|station=45008,45008,20240111,2024,1,34020.0,34079.0,60,60,1.3549999999999995,0.0940421310728371,24.0,-0.9,False
2024|source=data202401.csv|line=7|event=30|station=45008,45008,20240111,2024,2,34095.0,34663.0,569,569,2.164999999999999,0.1204794167108624,24.0,-0.9,False
2024|source=data202401.csv|line=7|event=30|station=53095,53095,20240111,2024,1,34020.0,34663.0,644,644,2.75,0.0626414378234347,24.0,-0.4,False
2024|source=data202401.csv|line=7|event=37|station=43002,43002,20240112,2024,1,12900.0,13543.0,644,644,-2.5250000000000057,0.0858991692380718,23.0,1.0,False
2024|source=data202401.csv|line=7|event=42|station=43002,43002,20240112,2024,1,46380.0,46598.0,219,219,1.0199999999999818,0.0787280028719995,15.0,1.0,False
2024|source=data202401.csv|line=7|event=43|station=43002,43002,20240112,2024,1,49053.0,49243.0,191,191,0.920000000000016,0.0346600379972261,8.0,0.8,False
2024|source=data202401.csv|line=7|event=47|station=43002,43002,20240112,2024,1,55087.0,55360.0,274,274,0.9199999999999876,0.0328826577743799,6.0,1.2,False
2024|source=data202401.csv|line=7|event=42|station=44003,44003,20240112,2024,1,45498.0,45583.0,86,86,0.0400000000008731,0.0681112468804702,15.0,0.5,False
2024|source=data202401.csv|line=7|event=42|station=44003,44003,20240112,2024,2,45606.0,46080.0,475,475,0.2700000000004365,0.1242572455906003,15.0,0.5,False
2024|source=data202401.csv|line=7|event=37|station=44011,44011,20240112,2024,1,12429.0,12489.0,61,61,-7.260000000000002,0.162087928732179,23.0,-5.7,True
2024|source=data202401.csv|line=7|event=37|station=44011,44011,20240112,2024,2,13026.0,13091.0,66,66,-8.34,0.1740547682327616,23.0,-5.7,True
2024|source=data202401.csv|line=7|event=38|station=44011,44011,20240112,2024,1,21216.0,21292.0,77,77,-6.418142857142857,0.1210737794636982,32.0,-5.8,True
2024|source=data202401.csv|line=7|event=38|station=44011,44011,20240112,2024,2,21422.0,21495.0,74,74,-6.488821428571428,0.1373671587165765,32.0,-5.8,True
2024|source=data202401.csv|line=7|event=46|station=44011,44011,20240112,2024,1,51768.0,51837.0,70,70,1.4350000000000005,0.0803697738495847,13.0,2.0,False
2024|source=data202401.csv|line=7|event=47|station=44011,44011,20240112,2024,1,55107.0,55198.0,92,92,-6.91,0.1562379804283824,6.0,-6.5,True
2024|source=data202401.csv|line=7|event=38|station=45008,45008,20240112,2024,1,19997.0,20497.0,501,501,0.161421875000002,0.1384553393567115,32.0,-0.6,False
2024|source=data202401.csv|line=7|event=38|station=45008,45008,20240112,2024,2,20531.0,21480.0,950,950,0.3547890625000001,0.102450007690067,32.0,-0.6,False
2024|source=data202401.csv|line=37|event=5|station=32001,32001,20240116,2024,1,60358.0,60492.0,135,135,1.6700000000000017,0.0413179797778374,4.0,1.4,False
2024|source=data202401.csv|line=37|event=5|station=32011,32011,20240116,2024,1,60350.0,60486.0,137,137,1.480000000000004,0.0482532671199194,4.0,1.3,False
2024|source=data202401.csv|line=37|event=5|station=41004,41004,20240116,2024,1,60351.0,60487.0,137,137,2.1099999999999994,0.0956442396512823,4.0,2.1,False
2024|source=data202401.csv|line=37|event=5|station=41011,41011,20240116,2024,1,60366.0,60486.0,121,121,1.6450000000000102,0.1227565965030637,4.0,1.6,False
2024|source=data202401.csv|line=7|event=55|station=43002,43002,20240116,2024,1,40460.0,42482.0,2023,2023,1.5378467741935251,0.1044155609289837,37.0,1.6,False
2024|source=data202401.csv|line=7|event=55|station=44003,44003,20240116,2024,1,40484.0,40854.0,371,371,0.6005000000004657,0.1061557641531742,37.0,0.8,False
2024|source=data202401.csv|line=7|event=55|station=44003,44003,20240116,2024,2,40860.0,42398.0,1539,1539,0.720499999999447,0.1317530755758186,37.0,0.8,False
2024|source=data202401.csv|line=7|event=56|station=44011,44011,20240116,2024,1,44602.0,44668.0,67,67,2.9693264248704665,0.458380764796197,54.0,3.4,True
2024|source=data202401.csv|line=7|event=56|station=44011,44011,20240116,2024,2,44752.0,44835.0,84,84,3.407274611398968,0.1268380537838655,54.0,3.4,True
2024|source=data202401.csv|line=7|event=56|station=44011,44011,20240116,2024,3,45620.0,45681.0,62,62,3.1065906735751305,0.1432864599637408,54.0,3.4,True
2024|source=data202401.csv|line=7|event=56|station=44011,44011,20240116,2024,4,45763.0,45823.0,61,61,3.173326424870467,0.1537325391583306,54.0,3.4,True
2024|source=data202401.csv|line=37|event=5|station=50008,50008,20240116,2024,1,60343.0,60486.0,144,144,4.350000000000001,0.0825559829609959,4.0,4.0,True
2024|source=data202401.csv|line=37|event=5|station=50009,50009,20240116,2024,1,60379.0,60487.0,109,109,2.719999999999999,0.0482093617660179,4.0,2.1,False
2024|source=data202401.csv|line=37|event=5|station=50023,50023,20240116,2024,1,60400.0,60485.0,86,86,12.29499999999996,0.0369791291154291,4.0,11.2,True
2024|source=data202401.csv|line=7|event=59|station=43002,43002,20240117,2024,1,8429.0,8610.0,182,182,0.8299999999999841,0.0698029053639028,4.0,1.5,False
2024|source=data202401.csv|line=7|event=67|station=43002,43002,20240117,2024,1,29877.0,30847.0,971,971,-0.25,0.0661072193212384,20.0,-1.5,False
2024|source=data202401.csv|line=7|event=69|station=43002,43002,20240117,2024,1,40017.0,40210.0,194,194,0.960000000000008,0.0630096216773489,7.0,1.4,False
2024|source=data202401.csv|line=7|event=69|station=44003,44003,20240117,2024,1,40091.0,40198.0,108,108,0.5950000000011642,0.1388078482275049,7.0,0.7,False
2024|source=data202401.csv|line=7|event=59|station=44011,44011,20240117,2024,1,8533.0,8610.0,78,78,-9.915,0.1479734117749979,4.0,-8.6,True
2024|source=data202401.csv|line=7|event=62|station=44011,44011,20240117,2024,1,15706.0,15788.0,83,83,-5.634313372093023,0.1668337946175179,134.0,-2.5,False
2024|source=data202401.csv|line=7|event=62|station=44011,44011,20240117,2024,2,16245.0,16314.0,70,70,-6.966044476744186,0.1659174305907099,134.0,-2.5,False
2024|source=data202401.csv|line=7|event=62|station=44011,44011,20240117,2024,3,16594.0,16663.0,70,70,-7.345150872093022,0.1331619272877506,134.0,-2.5,False
2024|source=data202401.csv|line=7|event=62|station=44011,44011,20240117,2024,4,16872.0,16936.0,65,65,-7.469173255813954,0.1660943461759909,134.0,-2.5,False
2024|source=data202401.csv|line=7|event=62|station=44011,44011,20240117,2024,5,17117.0,17181.0,65,65,-7.612786627906976,0.1072054818133056,134.0,-2.5,False
2024|source=data202401.csv|line=7|event=62|station=44011,44011,20240117,2024,6,17479.0,17591.0,113,113,-7.92452034883721,0.1563789093985841,134.0,-2.5,False
2024|source=data202401.csv|line=7|event=62|station=44011,44011,20240117,2024,7,18526.0,18716.0,191,191,-7.655149418604651,0.1347715504347153,134.0,-2.5,False
2024|source=data202401.csv|line=7|event=62|station=44011,44011,20240117,2024,8,19032.0,19107.0,76,76,-7.44821308139535,0.1579770899384646,134.0,-2.5,False
2024|source=data202401.csv|line=7|event=62|station=44011,44011,20240117,2024,9,19543.0,19604.0,62,62,-6.600217732558138,0.1348791636962441,134.0,-2.5,False
2024|source=data202401.csv|line=7|event=62|station=44011,44011,20240117,2024,10,21076.0,21145.0,70,70,-2.934763662790697,0.1241968454430754,134.0,-2.5,False
2024|source=data202401.csv|line=7|event=62|station=44011,44011,20240117,2024,11,21238.0,21305.0,68,68,-3.144709593023256,0.1412073016007948,134.0,-2.5,False
2024|source=data202401.csv|line=7|event=61|station=45008,45008,20240117,2024,1,12454.0,12703.0,250,250,-2.195,0.0692004514832075,16.0,-1.0,False
2024|source=data202401.csv|line=7|event=74|station=43002,43002,20240124,2024,1,5907.0,5973.0,67,67,-0.6400000000000148,0.0530028630408687,3.0,-0.6,False
2024|source=data202401.csv|line=7|event=75|station=43002,43002,20240124,2024,1,6655.0,6749.0,95,95,0.5799999999999841,0.0382470187508941,4.0,0.7,False
2024|source=data202401.csv|line=7|event=78|station=43002,43002,20240124,2024,1,15245.0,17157.0,1913,1913,-0.7862689873417708,0.1760974998925363,101.0,-2.3,False
2024|source=data202401.csv|line=7|event=78|station=43002,43002,20240124,2024,2,19904.0,19983.0,80,80,0.0621250000000372,0.05260661767904,101.0,-2.3,False
2024|source=data202401.csv|line=7|event=78|station=43002,43002,20240124,2024,3,20053.0,20200.0,148,148,-1.4684224683544187,0.0461548279595079,101.0,-2.3,False
2024|source=data202401.csv|line=7|event=78|station=43002,43002,20240124,2024,4,20288.0,20766.0,479,479,-2.098882911392394,0.110675511363465,101.0,-2.3,False
2024|source=data202401.csv|line=7|event=78|station=44003,44003,20240124,2024,1,14911.0,15044.0,134,134,1.281906645570416,0.1291797932264695,101.0,-1.1,False
2024|source=data202401.csv|line=7|event=78|station=44003,44003,20240124,2024,2,15048.0,15148.0,101,101,1.188810126583121,0.0982232373523608,101.0,-1.1,False
2024|source=data202401.csv|line=7|event=78|station=44003,44003,20240124,2024,3,15162.0,15714.0,553,553,0.8611518987345335,0.1627403367140415,101.0,-1.1,False
2024|source=data202401.csv|line=7|event=78|station=44003,44003,20240124,2024,4,15721.0,15805.0,85,85,0.5376550632936414,0.1346596613121167,101.0,-1.1,False
2024|source=data202401.csv|line=7|event=78|station=44003,44003,20240124,2024,5,15850.0,15909.0,60,60,0.5230015822780842,0.1232535669830009,101.0,-1.1,False
2024|source=data202401.csv|line=7|event=78|station=44003,44003,20240124,2024,6,15944.0,16068.0,125,125,0.2522405063318729,0.0956309261561624,101.0,-1.1,False
2024|source=data202401.csv|line=7|event=78|station=44003,44003,20240124,2024,7,16093.0,16400.0,308,308,0.3258528481019311,0.1588637027815245,101.0,-1.1,False
2024|source=data202401.csv|line=7|event=78|station=44003,44003,20240124,2024,8,16551.0,16665.0,115,115,0.1165632911433931,0.132151313623709,101.0,-1.1,False
2024|source=data202401.csv|line=7|event=78|station=44003,44003,20240124,2024,9,16743.0,16828.0,86,86,0.0356534810125594,0.0831053732986812,101.0,-1.1,False
2024|source=data202401.csv|line=7|event=78|station=44003,44003,20240124,2024,10,16844.0,16949.0,106,106,-0.0861408227865467,0.1556111942369197,101.0,-1.1,False
2024|source=data202401.csv|line=7|event=78|station=44003,44003,20240124,2024,11,16957.0,17080.0,124,124,-0.1736534810115699,0.1197717269412148,101.0,-1.1,False
2024|source=data202401.csv|line=7|event=78|station=44003,44003,20240124,2024,12,17164.0,17266.0,103,103,-0.3171677215177624,0.1064946248163141,101.0,-1.1,False
2024|source=data202401.csv|line=7|event=78|station=44003,44003,20240124,2024,13,17443.0,17736.0,294,294,-0.4413971518988546,0.1081440968914798,101.0,-1.1,False
2024|source=data202401.csv|line=7|event=78|station=44003,44003,20240124,2024,14,17770.0,17901.0,132,132,-0.9256439873388445,0.1335828886523706,101.0,-1.1,False
2024|source=data202401.csv|line=7|event=78|station=44003,44003,20240124,2024,15,17950.0,18381.0,432,432,-1.4471946202538677,0.154367896095543,101.0,-1.1,False
2024|source=data202401.csv|line=7|event=78|station=44003,44003,20240124,2024,16,18414.0,18714.0,301,301,-1.3420822784792108,0.1304961309901541,101.0,-1.1,False
2024|source=data202401.csv|line=7|event=78|station=44003,44003,20240124,2024,17,18812.0,19424.0,613,613,-0.6564430379730766,0.1670831699658352,101.0,-1.1,False
2024|source=data202401.csv|line=7|event=78|station=44003,44003,20240124,2024,18,19465.0,19656.0,192,192,-0.044204113921296,0.1407148780603586,101.0,-1.1,False
2024|source=data202401.csv|line=7|event=78|station=44003,44003,20240124,2024,19,19768.0,19890.0,123,123,-0.0096930379731929,0.1515193979995008,101.0,-1.1,False
2024|source=data202401.csv|line=7|event=78|station=44003,44003,20240124,2024,20,19908.0,20173.0,266,266,-0.0573686708885361,0.1344465876348009,101.0,-1.1,False
2024|source=data202401.csv|line=7|event=78|station=44003,44003,20240124,2024,21,20181.0,20277.0,97,97,0.566003164556605,0.1401320467072145,101.0,-1.1,False
2024|source=data202401.csv|line=7|event=78|station=44003,44003,20240124,2024,22,20309.0,20881.0,573,573,1.3184651898736774,0.1347684131579547,101.0,-1.1,False
2024|source=data202401.csv|line=7|event=78|station=44011,44011,20240124,2024,1,14944.0,15004.0,61,61,14.43021518987342,0.132782816528273,101.0,13.3,True
2024|source=data202401.csv|line=7|event=78|station=44011,44011,20240124,2024,2,15056.0,15135.0,80,80,14.215976265822784,0.1616214811358841,101.0,13.3,True
2024|source=data202401.csv|line=7|event=78|station=44011,44011,20240124,2024,3,16180.0,16239.0,60,60,13.54217246835443,0.1202501577093834,101.0,13.3,True
2024|source=data202401.csv|line=7|event=78|station=44011,44011,20240124,2024,4,16773.0,16856.0,84,84,13.145447784810129,0.152141043417515,101.0,13.3,True
2024|source=data202401.csv|line=7|event=78|station=44011,44011,20240124,2024,5,17263.0,17325.0,63,63,13.272113924050633,0.0751193353495368,101.0,13.3,True
2024|source=data202401.csv|line=7|event=78|station=44011,44011,20240124,2024,6,19109.0,19175.0,67,67,12.53393670886076,0.1389725433051115,101.0,13.3,True
2024|source=data202401.csv|line=7|event=78|station=44011,44011,20240124,2024,7,19278.0,19339.0,62,62,12.914238924050633,0.1223515677059547,101.0,13.3,True
2024|source=data202401.csv|line=7|event=80|station=44011,44011,20240124,2024,1,23373.0,23465.0,93,93,-4.74,0.1490406982816085,4.0,-4.9,True
2024|source=data202401.csv|line=7|event=78|station=45008,45008,20240124,2024,1,14778.0,16554.0,1777,1777,-0.2321772151898731,0.2512434808692805,101.0,1.5,False
2024|source=data202401.csv|line=7|event=78|station=45008,45008,20240124,2024,2,16689.0,17134.0,446,446,-1.2986851265822787,0.0985272951990991,101.0,1.5,False
2024|source=data202401.csv|line=7|event=78|station=45008,45008,20240124,2024,3,17136.0,17405.0,270,270,-2.2512072784810133,0.1753554981854141,101.0,1.5,False
2024|source=data202401.csv|line=7|event=78|station=45008,45008,20240124,2024,4,17482.0,18023.0,542,542,-1.5987579113924042,0.1151931638110043,101.0,1.5,False
2024|source=data202401.csv|line=7|event=78|station=45008,45008,20240124,2024,5,18091.0,19797.0,1707,1707,-1.883424050632912,0.2386142570279277,101.0,1.5,False
2024|source=data202401.csv|line=7|event=78|station=45008,45008,20240124,2024,6,19809.0,19992.0,184,184,-0.7503528481012642,0.0747961350416831,101.0,1.5,False
2024|source=data202401.csv|line=7|event=78|station=45008,45008,20240124,2024,7,20031.0,20164.0,134,134,-1.3823496835443023,0.0890517629987727,101.0,1.5,False
2024|source=data202401.csv|line=7|event=78|station=45008,45008,20240124,2024,8,20215.0,20277.0,63,63,-2.606164556962025,0.047119535403847,101.0,1.5,False
2024|source=data202401.csv|line=7|event=78|station=45008,45008,20240124,2024,9,20330.0,20587.0,258,258,-1.3043844936708862,0.1287918753121794,101.0,1.5,False
2024|source=data202401.csv|line=7|event=78|station=45008,45008,20240124,2024,10,20590.0,20923.0,334,334,-0.1617705696202529,0.0920943753504029,101.0,1.5,False
2024|source=data202401.csv|line=7|event=83|station=43002,43002,20240125,2024,1,26420.0,32638.0,6219,6219,1.3390229226361043,0.3749717567873049,112.0,2.3,False
2024|source=data202401.csv|line=7|event=83|station=44003,44003,20240125,2024,1,26433.0,26834.0,402,402,-3.207815902580478,0.1470324313209699,112.0,1.1,False
2024|source=data202401.csv|line=7|event=83|station=44003,44003,20240125,2024,2,26895.0,27177.0,283,283,-3.867361031516338,0.135409228184802,112.0,1.1,False
2024|source=data202401.csv|line=7|event=83|station=44003,44003,20240125,2024,3,27213.0,27359.0,147,147,-3.9286934097399353,0.0984087493025187,112.0,1.1,False
2024|source=data202401.csv|line=7|event=83|station=44003,44003,20240125,2024,4,27390.0,27577.0,188,188,-3.708345988539804,0.1074467160240669,112.0,1.1,False
2024|source=data202401.csv|line=7|event=83|station=44003,44003,20240125,2024,5,27601.0,27750.0,150,150,-3.575489255010325,0.1079771607438293,112.0,1.1,False
2024|source=data202401.csv|line=7|event=83|station=44003,44003,20240125,2024,6,27757.0,27818.0,62,62,-3.823406160456216,0.1207487334441215,112.0,1.1,False
2024|source=data202401.csv|line=7|event=83|station=44003,44003,20240125,2024,7,28085.0,28207.0,123,123,-3.922876790828013,0.1133675451872526,112.0,1.1,False
2024|source=data202401.csv|line=7|event=83|station=44003,44003,20240125,2024,8,28328.0,28581.0,254,254,-4.054080945556052,0.1091580858609414,112.0,1.1,False
2024|source=data202401.csv|line=7|event=83|station=44003,44003,20240125,2024,9,28642.0,29001.0,360,360,-4.185156876792462,0.1445773880632647,112.0,1.1,False
2024|source=data202401.csv|line=7|event=83|station=44003,44003,20240125,2024,10,29019.0,29295.0,277,277,-4.123224928363925,0.1560403633395318,112.0,1.1,False
2024|source=data202401.csv|line=7|event=83|station=44003,44003,20240125,2024,11,29337.0,29493.0,157,157,-3.985479942693928,0.1375464855658117,112.0,1.1,False
2024|source=data202401.csv|line=7|event=83|station=44003,44003,20240125,2024,12,29508.0,29771.0,264,264,-3.8719964183364937,0.1620885116882771,112.0,1.1,False
2024|source=data202401.csv|line=7|event=83|station=44003,44003,20240125,2024,13,29835.0,29978.0,144,144,-3.7765393982808746,0.1291252044746336,112.0,1.1,False
2024|source=data202401.csv|line=7|event=83|station=44003,44003,20240125,2024,14,30005.0,30210.0,206,206,-3.635970630377415,0.1578282831399781,112.0,1.1,False
2024|source=data202401.csv|line=7|event=83|station=44003,44003,20240125,2024,15,30323.0,30472.0,150,150,-3.5569161891144176,0.1432753580992744,112.0,1.1,False
2024|source=data202401.csv|line=7|event=83|station=44003,44003,20240125,2024,16,30515.0,30669.0,155,155,-3.292472779368836,0.1231268824077754,112.0,1.1,False
2024|source=data202401.csv|line=7|event=83|station=44003,44003,20240125,2024,17,30676.0,30898.0,223,223,-3.1187120343820425,0.1187671889706282,112.0,1.1,False
2024|source=data202401.csv|line=7|event=83|station=44003,44003,20240125,2024,18,30941.0,31257.0,317,317,-2.7146948424087896,0.1243891956434669,112.0,1.1,False
2024|source=data202401.csv|line=7|event=83|station=44003,44003,20240125,2024,19,31262.0,31621.0,360,360,-2.422320200574177,0.1305989799440229,112.0,1.1,False
2024|source=data202401.csv|line=7|event=83|station=44003,44003,20240125,2024,20,31631.0,31761.0,131,131,-2.299796561605035,0.1461925816038012,112.0,1.1,False
2024|source=data202401.csv|line=7|event=83|station=44003,44003,20240125,2024,21,31785.0,32089.0,305,305,-2.0888409742110525,0.1421269399801031,112.0,1.1,False
2024|source=data202401.csv|line=7|event=83|station=44003,44003,20240125,2024,22,32174.0,32400.0,227,227,-1.9367063037243497,0.1278939669804123,112.0,1.1,False
2024|source=data202401.csv|line=7|event=83|station=44011,44011,20240125,2024,1,26557.0,26634.0,78,78,-14.943553366762178,0.1545412282088249,112.0,-13.2,True
2024|source=data202401.csv|line=7|event=83|station=44011,44011,20240125,2024,2,29362.0,29483.0,122,122,-14.77700393982808,0.1285119884135431,112.0,-13.2,True
2024|source=data202401.csv|line=7|event=83|station=44011,44011,20240125,2024,3,30036.0,30098.0,63,63,-14.888572349570202,0.1215230465551342,112.0,-13.2,True
2024|source=data202401.csv|line=7|event=83|station=45008,45008,20240125,2024,1,26390.0,29319.0,2930,2930,-4.737719914040115,0.459768006406073,112.0,-1.5,False
2024|source=data202401.csv|line=7|event=83|station=45008,45008,20240125,2024,2,29366.0,30253.0,888,888,-4.406767191977078,0.0711782440506515,112.0,-1.5,False
2024|source=data202401.csv|line=7|event=83|station=45008,45008,20240125,2024,3,30256.0,31067.0,812,812,-3.445901862464184,0.0789006729250025,112.0,-1.5,False
2024|source=data202401.csv|line=7|event=83|station=45008,45008,20240125,2024,4,31113.0,31249.0,137,137,-2.7063366762177665,0.0768456925695605,112.0,-1.5,False
2024|source=data202401.csv|line=7|event=83|station=45008,45008,20240125,2024,5,31316.0,32400.0,1085,1085,-1.68668194842407,0.1262500630551349,112.0,-1.5,False
2024|source=data202401.csv|line=7|event=84|station=43002,43002,20240126,2024,1,4254.0,4509.0,256,256,0.5600000000000023,0.0499067567072506,5.0,1.0,False
2024|source=data202401.csv|line=7|event=88|station=43002,43002,20240126,2024,1,9913.0,10259.0,347,347,-3.030000000000001,0.0504949125020517,11.0,-1.9,False
2024|source=data202401.csv|line=7|event=93|station=43002,43002,20240126,2024,1,64985.0,68078.0,3094,3094,0.8153885869565158,0.1036458134845305,57.0,1.9,False
2024|source=data202401.csv|line=7|event=88|station=44003,44003,20240126,2024,1,10115.0,10220.0,106,106,-2.8299999999981083,0.0960380191833145,11.0,-0.9,False
2024|source=data202401.csv|line=7|event=93|station=44003,44003,20240126,2024,1,64948.0,68077.0,3130,3130,-1.5726766304323974,0.0771932061551877,57.0,0.9,False
2024|source=data202401.csv|line=7|event=88|station=44011,44011,20240126,2024,1,9769.0,9881.0,113,113,9.745,0.1522524643442493,11.0,10.5,True
2024|source=data202401.csv|line=7|event=88|station=44011,44011,20240126,2024,2,10036.0,10096.0,61,61,9.034999999999998,0.1501131613617995,11.0,10.5,True
2024|source=data202401.csv|line=7|event=93|station=44011,44011,20240126,2024,1,64999.0,68073.0,3075,3075,-11.95682608695652,0.0871107528613017,57.0,-10.5,True
2024|source=data202401.csv|line=7|event=93|station=45008,45008,20240126,2024,1,65050.0,68102.0,3053,3053,-0.7526521739130452,0.1497513411391908,57.0,-1.2,False
2024|source=data202401.csv|line=7|event=88|station=53095,53095,20240126,2024,1,10218.0,10303.0,86,86,-1.3999999999999773,0.0535755541332064,11.0,0.5,False
2024|source=data202401.csv|line=7|event=94|station=43002,43002,20240127,2024,1,18141.0,22663.0,4523,4523,0.4859004149377597,0.2692472802109257,76.0,1.9,False
2024|source=data202401.csv|line=7|event=94|station=44003,44003,20240127,2024,1,18133.0,18236.0,104,104,-1.6457894190862137,0.1156337678610962,76.0,0.9,False
2024|source=data202401.csv|line=7|event=94|station=44003,44003,20240127,2024,2,18326.0,18569.0,244,244,-2.036094398339628,0.1359224636325207,76.0,0.9,False
2024|source=data202401.csv|line=7|event=94|station=44003,44003,20240127,2024,3,18594.0,18699.0,106,106,-2.2376939834030054,0.1424686935503094,76.0,0.9,False
2024|source=data202401.csv|line=7|event=94|station=44003,44003,20240127,2024,4,18765.0,19566.0,802,802,-2.792820539416425,0.1407292498652873,76.0,0.9,False
2024|source=data202401.csv|line=7|event=94|station=44003,44003,20240127,2024,5,19591.0,20003.0,413,413,-2.8753589211592043,0.1772533266785412,76.0,0.9,False
2024|source=data202401.csv|line=7|event=94|station=44003,44003,20240127,2024,6,20098.0,20482.0,385,385,-2.3272614107881964,0.1521875831500829,76.0,0.9,False
2024|source=data202401.csv|line=7|event=94|station=44003,44003,20240127,2024,7,20488.0,20591.0,104,104,-2.206276970951876,0.1264334764098423,76.0,0.9,False
2024|source=data202401.csv|line=7|event=94|station=44003,44003,20240127,2024,8,20617.0,20920.0,304,304,-2.0185197095415788,0.1232006996726355,76.0,0.9,False
2024|source=data202401.csv|line=7|event=94|station=44003,44003,20240127,2024,9,20935.0,21383.0,449,449,-1.826558091284824,0.1206140016118275,76.0,0.9,False
2024|source=data202401.csv|line=7|event=94|station=44003,44003,20240127,2024,10,21412.0,22269.0,858,858,-1.5668350622399885,0.1418649970002295,76.0,0.9,False
2024|source=data202401.csv|line=7|event=94|station=44011,44011,20240127,2024,1,18510.0,18630.0,121,121,-12.578672199170123,0.1599691661795076,76.0,-10.8,True
2024|source=data202401.csv|line=7|event=94|station=44011,44011,20240127,2024,2,18693.0,18754.0,62,62,-12.701603734439836,0.0939426552441029,76.0,-10.8,True
2024|source=data202401.csv|line=7|event=94|station=44011,44011,20240127,2024,3,19428.0,19487.0,60,60,-12.55308091286307,0.1671651410660683,76.0,-10.8,True
2024|source=data202401.csv|line=7|event=94|station=44011,44011,20240127,2024,4,19520.0,19597.0,78,78,-12.172371369294606,0.1649672055523533,76.0,-10.8,True
2024|source=data202401.csv|line=7|event=94|station=44011,44011,20240127,2024,5,19809.0,19882.0,74,74,-11.50327593360996,0.1423028697083729,76.0,-10.8,True
2024|source=data202401.csv|line=7|event=94|station=44011,44011,20240127,2024,6,21543.0,21602.0,60,60,-11.03619294605809,0.1348669257573546,76.0,-10.8,True
2024|source=data202401.csv|line=7|event=94|station=44011,44011,20240127,2024,7,22304.0,22400.0,97,97,-11.68982572614108,0.1528199872726154,76.0,-10.8,True
2024|source=data202401.csv|line=7|event=94|station=45008,45008,20240127,2024,1,18458.0,18905.0,448,448,-1.4547365145228222,0.1110614178094719,76.0,-1.2,False
2024|source=data202401.csv|line=7|event=94|station=45008,45008,20240127,2024,2,18939.0,19108.0,170,170,-1.5355746887966806,0.0769415427639468,76.0,-1.2,False
2024|source=data202401.csv|line=7|event=94|station=45008,45008,20240127,2024,3,19167.0,20689.0,1523,1523,-1.8685809128630704,0.1369066459012565,76.0,-1.2,False
2024|source=data202401.csv|line=7|event=94|station=45008,45008,20240127,2024,4,20701.0,21473.0,773,773,-2.1991991701244817,0.153497734248354,76.0,-1.2,False
2024|source=data202401.csv|line=7|event=94|station=45008,45008,20240127,2024,5,21530.0,22267.0,738,738,-1.6944336099585064,0.0919634991174468,76.0,-1.2,False
2024|source=data202401.csv|line=7|event=95|station=43002,43002,20240128,2024,1,2650.0,3783.0,1134,1134,1.1999999999999886,0.0660045102494548,24.0,1.1,False
2024|source=data202401.csv|line=7|event=95|station=45008,45008,20240128,2024,1,3169.0,3317.0,149,149,1.5299999999999976,0.0944474203642497,24.0,-0.7,False
2024|source=data202401.csv|line=7|event=95|station=45008,45008,20240128,2024,2,3337.0,3427.0,91,91,1.3099999999999987,0.1181073685784379,24.0,-0.7,False
2024|source=data202401.csv|line=7|event=95|station=45008,45008,20240128,2024,3,3456.0,3883.0,428,428,1.879999999999999,0.0899727732593934,24.0,-0.7,False
2024|source=data202401.csv|line=7|event=96|station=43002,43002,20240129,2024,1,17725.0,18395.0,671,671,1.840000000000004,0.1143353877787817,14.0,3.3,True
2024|source=data202401.csv|line=7|event=99|station=43002,43002,20240129,2024,1,23245.0,26482.0,3238,3238,-0.1573771428571433,0.2785401575220639,52.0,1.9,False
2024|source=data202401.csv|line=7|event=99|station=44003,44003,20240129,2024,1,23649.0,23727.0,79,79,-3.020057142857695,0.1306288635225992,52.0,0.9,False
2024|source=data202401.csv|line=7|event=99|station=44003,44003,20240129,2024,2,23735.0,23971.0,237,237,-3.2731999999996333,0.1160695461977656,52.0,0.9,False
2024|source=data202401.csv|line=7|event=99|station=44003,44003,20240129,2024,3,24057.0,24466.0,410,410,-3.83331428571546,0.1559524330151872,52.0,0.9,False
2024|source=data202401.csv|line=7|event=99|station=44003,44003,20240129,2024,4,24505.0,24666.0,162,162,-3.9054857142837136,0.1287391260346218,52.0,0.9,False
2024|source=data202401.csv|line=7|event=99|station=44003,44003,20240129,2024,5,24676.0,24826.0,151,151,-3.9789714285725495,0.1112804910272034,52.0,0.9,False
2024|source=data202401.csv|line=7|event=99|station=44003,44003,20240129,2024,6,24862.0,25010.0,149,149,-3.875828571428429,0.1015040220963297,52.0,0.9,False
2024|source=data202401.csv|line=7|event=99|station=44003,44003,20240129,2024,7,25035.0,25376.0,342,342,-3.5906285714299884,0.1895892484540393,52.0,0.9,False
2024|source=data202401.csv|line=7|event=99|station=44003,44003,20240129,2024,8,25481.0,25564.0,84,84,-3.242999999998574,0.1401531796854294,52.0,0.9,False
2024|source=data202401.csv|line=7|event=99|station=44003,44003,20240129,2024,9,25636.0,25980.0,345,345,-2.7337714285713446,0.1465597659700718,52.0,0.9,False
2024|source=data202401.csv|line=7|event=96|station=44011,44011,20240129,2024,1,18060.0,18164.0,105,105,-20.895,0.1196791291656739,14.0,-18.4,True
2024|source=data202401.csv|line=7|event=99|station=44011,44011,20240129,2024,1,23834.0,23908.0,75,75,-13.820588571428573,0.1457630998905786,52.0,-11.0,True
2024|source=data202401.csv|line=7|event=99|station=45008,45008,20240129,2024,1,23870.0,24168.0,299,299,-1.868957142857142,0.077730407556152,52.0,-1.2,False
2024|source=data202401.csv|line=7|event=99|station=45008,45008,20240129,2024,2,24244.0,26039.0,1796,1796,-2.235635714285716,0.1368961810446092,52.0,-1.2,False
2024|source=data202401.csv|line=7|event=96|station=53095,53095,20240129,2024,1,17818.0,18583.0,766,766,-0.8700000000000045,0.1003981600813502,14.0,-0.8,False
2024|source=data202401.csv|line=11|event=1|station=44003,44003,20240130,2024,1,60595.0,64425.0,3831,3831,1.9705213270171955,0.09494206452076,65.0,1.9,False
2024|source=data202401.csv|line=11|event=1|station=45008,45008,20240130,2024,1,60636.0,64434.0,3799,3799,-1.8238981042654032,0.107177145023881,65.0,-1.8,False
2024|source=data202401.csv|line=11|event=1|station=53095,53095,20240130,2024,1,60590.0,64431.0,3842,3842,0.1891445497630286,0.1738121872246923,65.0,0.7,False
2024|source=data202402.csv|line=11|event=1|station=44003,44003,20240201,2024,1,63347.0,66230.0,2884,2884,2.468410937501176,0.199953930894122,48.0,2.2,False
2024|source=data202402.csv|line=11|event=1|station=45008,45008,20240201,2024,1,63382.0,66240.0,2859,2859,-1.5269281250000013,0.1117224068808715,48.0,-2.1,False
2024|source=data202402.csv|line=11|event=1|station=53095,53095,20240201,2024,1,63341.0,66232.0,2892,2892,0.5563937499999838,0.1385589413808558,48.0,0.8,False
2024|source=data202402.csv|line=7|event=29|station=43002,43002,20240202,2024,1,62364.0,65027.0,2664,2664,0.5640875796178193,0.0533983812022703,46.0,1.2,False
2024|source=data202402.csv|line=7|event=29|station=44011,44011,20240202,2024,1,62325.0,64982.0,2658,2658,-7.322074044585985,0.088190633783705,46.0,-6.5,True
2024|source=data202402.csv|line=7|event=29|station=45008,45008,20240202,2024,1,62457.0,64982.0,2526,2526,-0.817060509554139,0.0716256236544049,46.0,-0.7,False
2024|source=data202402.csv|line=34|event=9|station=61004,61004,20240203,2024,1,47146.0,47387.0,242,242,1.22,0.085699838204999,3.0,2.0,False
2024|source=data202402.csv|line=37|event=12|station=32001,32001,20240206,2024,1,54686.0,54777.0,92,92,-3.435,0.0536946479433458,3.0,-2.9,False
2024|source=data202402.csv|line=37|event=12|station=32011,32011,20240206,2024,1,54685.0,54774.0,90,90,-3.295,0.0445820467321186,3.0,-2.5,False
2024|source=data202402.csv|line=37|event=12|station=41004,41004,20240206,2024,1,54681.0,54775.0,95,95,-4.289999999999999,0.0736572522073339,3.0,-4.3,True
2024|source=data202402.csv|line=37|event=12|station=50008,50008,20240206,2024,1,54671.0,54774.0,104,104,-8.04,0.0647267057447939,3.0,-8.0,True
2024|source=data202402.csv|line=37|event=12|station=50009,50009,20240206,2024,1,54712.0,54775.0,64,64,-4.579999999999984,0.0552498840418813,3.0,-4.1,True
2024|source=data202402.csv|line=37|event=13|station=32001,32001,20240208,2024,1,69226.0,69450.0,225,225,-2.4,0.0948316557965334,7.0,-2.2,False
2024|source=data202402.csv|line=37|event=13|station=32011,32011,20240208,2024,1,69204.0,69445.0,242,242,-2.125,0.096728222388758,7.0,-1.9,False
2024|source=data202402.csv|line=37|event=13|station=41004,41004,20240208,2024,1,69238.0,69446.0,209,209,-3.375,0.10380817079298,7.0,-3.3,True
2024|source=data202402.csv|line=37|event=13|station=41011,41011,20240208,2024,1,69271.0,69452.0,182,182,-2.6599999999999966,0.0845020852728909,7.0,-2.4,False
2024|source=data202402.csv|line=37|event=13|station=50008,50008,20240208,2024,1,69282.0,69441.0,160,160,-6.54,0.0520581721060795,7.0,-6.1,True
2024|source=data202402.csv|line=37|event=13|station=50009,50009,20240208,2024,1,69287.0,69448.0,162,162,-4.199999999999989,0.06184337651708,7.0,-3.2,True
2024|source=data202402.csv|line=37|event=13|station=50023,50023,20240208,2024,1,69301.0,69440.0,140,140,-18.450000000000045,0.0552097645683554,7.0,-17.2,True
2024|source=data202402.csv|line=33|event=5|station=43002,43002,20240219,2024,1,44020.0,44127.0,108,108,14.830000000000013,0.0450632331517769,4.0,14.7,True
2024|source=data202402.csv|line=33|event=6|station=43002,43002,20240219,2024,1,52786.0,52863.0,78,78,-7.309999999999974,0.0439661925678912,3.0,-7.3,True
2024|source=data202402.csv|line=33|event=5|station=53095,53095,20240219,2024,1,44061.0,44250.0,190,190,-0.8400000000000034,0.070962574170871,4.0,-0.9,False
2024|source=data202402.csv|line=33|event=7|station=53095,53095,20240220,2024,1,44927.0,45057.0,131,131,-0.5400000000000205,0.0449768827374962,3.0,-0.9,False
2024|source=data202402.csv|line=37|event=15|station=32001,32001,20240225,2024,1,65123.0,66418.0,1296,1296,-3.34,0.1456568479581396,28.0,-2.9,False
2024|source=data202402.csv|line=37|event=15|station=32011,32011,20240225,2024,1,65146.0,66377.0,1232,1232,-2.87,0.2096086588959198,28.0,-2.6,False
2024|source=data202402.csv|line=37|event=15|station=32019,32019,20240225,2024,1,65598.0,66471.0,874,874,-1.6149999999999949,0.0475080189898999,28.0,-0.8,False
2024|source=data202402.csv|line=37|event=15|station=41004,41004,20240225,2024,1,65200.0,66436.0,1237,1237,-4.504999999999996,0.1272952779953655,28.0,-4.4,True
2024|source=data202402.csv|line=37|event=15|station=41011,41011,20240225,2024,1,65448.0,66470.0,1023,1023,-3.859999999999985,0.123259886075405,28.0,-3.2,True
2024|source=data202402.csv|line=37|event=15|station=42005,42005,20240225,2024,1,65467.0,66414.0,948,948,-18.040000000000003,0.1756920627752604,28.0,-8.3,True
2024|source=data202402.csv|line=37|event=15|station=50008,50008,20240225,2024,1,65200.0,66434.0,1235,1235,-9.18,0.2219954310514501,28.0,-8.2,True
2024|source=data202402.csv|line=37|event=15|station=50009,50009,20240225,2024,1,65196.0,66450.0,1255,1255,-6.110000000000014,0.1546233710263281,28.0,-4.2,True
2024|source=data202402.csv|line=37|event=15|station=50023,50023,20240225,2024,1,65222.0,66436.0,1215,1215,-25.29000000000002,0.3092078198984179,28.0,-22.9,True
2024|source=data202402.csv|line=4|event=24|station=32001,32001,20240227,2024,1,70953.0,74094.0,3142,3142,-2.924646802325581,0.056758206943726,53.0,-2.7,False
2024|source=data202402.csv|line=4|event=24|station=32011,32011,20240227,2024,1,70959.0,74094.0,3136,3136,-2.9494244186046514,0.0732476953142972,53.0,-2.8,False
2024|source=data202402.csv|line=4|event=25|station=32001,32001,20240228,2024,1,47930.0,49543.0,1614,1614,-5.415000000000003,0.1190237479783089,28.0,-5.4,True
2024|source=data202402.csv|line=4|event=27|station=32001,32001,20240228,2024,1,53034.0,53743.0,710,710,5.680000000000001,0.0999321272046451,12.0,5.3,True
2024|source=data202402.csv|line=4|event=28|station=32001,32001,20240228,2024,1,54102.0,55305.0,1204,1204,5.789999999999999,0.1080519757139912,21.0,5.5,True
2024|source=data202402.csv|line=4|event=25|station=32011,32011,20240228,2024,1,47940.0,49543.0,1604,1604,-5.555,0.1133647403978191,28.0,-5.7,True
2024|source=data202402.csv|line=4|event=27|station=32011,32011,20240228,2024,1,53042.0,53742.0,701,701,5.99,0.0693888925031481,12.0,5.5,True
2024|source=data202402.csv|line=4|event=28|station=32011,32011,20240228,2024,1,54111.0,55305.0,1195,1195,5.95,0.104490812817879,21.0,5.7,True
2024|source=data202402.csv|line=4|event=25|station=32019,32019,20240228,2024,1,48070.0,49562.0,1493,1493,0.960000000000008,0.0840307308840286,28.0,0.8,False
2024|source=data202402.csv|line=4|event=27|station=32019,32019,20240228,2024,1,53066.0,53772.0,707,707,-0.8199999999999932,0.0881770942320428,12.0,-0.8,False
2024|source=data202402.csv|line=4|event=28|station=32019,32019,20240228,2024,1,54150.0,54315.0,166,166,-0.700000000000017,0.0672692495048858,21.0,-0.8,False
2024|source=data202402.csv|line=4|event=28|station=32019,32019,20240228,2024,2,54808.0,55334.0,527,527,-0.7400000000000091,0.0822530630595022,21.0,-0.8,False
2024|source=data202402.csv|line=4|event=27|station=41004,41004,20240228,2024,1,53072.0,53751.0,680,680,-0.875,0.0909874050236834,12.0,-0.7,False
2024|source=data202402.csv|line=4|event=28|station=41004,41004,20240228,2024,1,54109.0,55321.0,1213,1213,-0.7550000000000026,0.0767512698203706,21.0,-0.7,False
2024|source=data202402.csv|line=4|event=25|station=41011,41011,20240228,2024,1,48285.0,49510.0,1226,1226,1.2800000000000011,0.0793343493762168,28.0,0.9,False
2024|source=data202402.csv|line=4|event=27|station=41011,41011,20240228,2024,1,53041.0,53756.0,716,716,-0.9099999999999966,0.0990163353071431,12.0,-0.8,False
2024|source=data202402.csv|line=4|event=28|station=41011,41011,20240228,2024,1,54104.0,54292.0,189,189,-0.6999999999999886,0.0740846268359444,21.0,-0.9,False
2024|source=data202402.csv|line=4|event=28|station=41011,41011,20240228,2024,2,54660.0,55312.0,653,653,-0.6599999999999966,0.1040449529597626,21.0,-0.9,False
2024|source=data202402.csv|line=36|event=10|station=42005,42005,20240228,2024,1,68355.0,69057.0,703,703,6.047123943661973,0.0969570180799793,469.0,7.4,True
2024|source=data202402.csv|line=36|event=10|station=42005,42005,20240228,2024,2,69074.0,71880.0,2807,2807,5.646913380281688,0.1147678135985461,469.0,7.4,True
2024|source=data202402.csv|line=36|event=10|station=50008,50008,20240228,2024,1,44104.0,56070.0,11967,11967,5.730684330985916,0.2224322460220204,469.0,4.3,True
2024|source=data202402.csv|line=36|event=10|station=50008,50008,20240228,2024,2,56141.0,67093.0,10953,10953,5.565055809859157,0.2339827497879449,469.0,4.3,True
2024|source=data202402.csv|line=36|event=10|station=50008,50008,20240228,2024,3,67108.0,68317.0,1210,1210,5.192969630281692,0.1117751158783779,469.0,4.3,True
2024|source=data202402.csv|line=36|event=10|station=50008,50008,20240228,2024,4,68463.0,69042.0,580,580,5.185124559859158,0.08525295512533,469.0,4.3,True
2024|source=data202402.csv|line=36|event=10|station=50008,50008,20240228,2024,5,69044.0,72234.0,3191,3191,4.609499823943665,0.1786544371250124,469.0,4.3,True
2024|source=data202402.csv|line=36|event=10|station=50009,50009,20240228,2024,1,67099.0,71880.0,4782,4782,3.1168931338028187,0.1610050353383067,469.0,2.3,False
2024|source=data202402.csv|line=36|event=10|station=50023,50023,20240228,2024,1,44147.0,56084.0,11938,11938,13.856992165492898,0.2911940865440207,469.0,11.9,True
2024|source=data202402.csv|line=36|event=10|station=50023,50023,20240228,2024,2,56110.0,67065.0,10956,10956,13.455997799295744,0.2664488395812688,469.0,11.9,True
2024|source=data202402.csv|line=36|event=10|station=50023,50023,20240228,2024,3,67079.0,68330.0,1252,1252,13.086296566901469,0.1379901429053025,469.0,11.9,True
2024|source=data202402.csv|line=36|event=10|station=50023,50023,20240228,2024,4,68418.0,69079.0,662,662,13.15517051056338,0.1426227664049668,469.0,11.9,True
2024|source=data202402.csv|line=36|event=10|station=50023,50023,20240228,2024,5,69085.0,72234.0,3150,3150,12.5034541373239,0.205272922804333,469.0,11.9,True
2024|source=data202402.csv|line=36|event=10|station=51105,51105,20240228,2024,1,44346.0,56088.0,11743,11743,1.6835066901408453,0.1967184754021511,469.0,0.5,False
2024|source=data202402.csv|line=36|event=10|station=51105,51105,20240228,2024,2,56179.0,67075.0,10897,10897,1.576172183098592,0.1646343162647724,469.0,0.5,False
2024|source=data202402.csv|line=36|event=10|station=51105,51105,20240228,2024,3,67090.0,68335.0,1246,1246,0.576909330985913,0.1201513155925463,469.0,0.5,False
2024|source=data202402.csv|line=36|event=10|station=51105,51105,20240228,2024,4,68441.0,69069.0,629,629,0.2156848591549263,0.162923131722222,469.0,0.5,False
2024|source=data202402.csv|line=36|event=10|station=51105,51105,20240228,2024,5,69159.0,71880.0,2722,2722,0.2674301056338066,0.1333745816696008,469.0,0.5,False
2024|source=data202402.csv|line=36|event=10|station=51224,51224,20240228,2024,1,44345.0,71880.0,27536,27536,1.491296654929556,0.3702766706576447,469.0,0.5,False
2024|source=data202402.csv|line=37|event=21|station=41011,41011,20240229,2024,1,64740.0,65107.0,368,368,-0.036653271028058,0.0966911790607789,150.0,0.3,False
2024|source=data202402.csv|line=37|event=21|station=41011,41011,20240229,2024,2,65465.0,68707.0,3243,3243,0.3946317757009296,0.1349843827733155,150.0,0.3,False
2024|source=data202402.csv|line=37|event=21|station=41011,41011,20240229,2024,3,69065.0,69756.0,692,692,0.4207691588784712,0.1231527245716366,150.0,0.3,False
2024|source=data202402.csv|line=37|event=21|station=41011,41011,20240229,2024,4,69778.0,69854.0,77,77,0.4378841121495327,0.1080595805847974,150.0,0.3,False
2024|source=data202402.csv|line=37|event=21|station=41011,41011,20240229,2024,5,69872.0,70219.0,348,348,0.5205915887850381,0.1256886804586159,150.0,0.3,False
2024|source=data202402.csv|line=37|event=21|station=41011,41011,20240229,2024,6,70235.0,72298.0,2064,2064,0.311793457943935,0.1257180360415107,150.0,0.3,False
2024|source=data202402.csv|line=37|event=21|station=42005,42005,20240229,2024,1,64740.0,73139.0,8400,8400,1.7077598130841096,0.3214565448767538,150.0,0.7,False
2024|source=data202402.csv|line=37|event=21|station=50008,50008,20240229,2024,1,64740.0,73084.0,8345,8345,1.2345252336448596,0.3046183590763182,150.0,0.7,False
2024|source=data202402.csv|line=37|event=21|station=50023,50023,20240229,2024,1,64740.0,73065.0,8326,8326,2.635855140186891,0.4309110872055087,150.0,1.9,False
2024|source=data202403.csv|line=37|event=17|station=32001,32001,20240302,2024,1,18060.0,19394.0,1335,1335,-0.088332845433257,0.1081916536796796,509.0,0.8,False
2024|source=data202403.csv|line=37|event=17|station=32001,32001,20240302,2024,2,19454.0,20133.0,680,680,0.9882267271662766,0.1081820610924994,509.0,0.8,False
2024|source=data202403.csv|line=37|event=17|station=32001,32001,20240302,2024,3,20177.0,22311.0,2135,2135,3.075910421545668,0.114968331147878,509.0,0.8,False
2024|source=data202403.csv|line=37|event=17|station=32001,32001,20240302,2024,4,22372.0,22966.0,595,595,4.409456967213115,0.0875639623341252,509.0,0.8,False
2024|source=data202403.csv|line=37|event=17|station=32001,32001,20240302,2024,5,22998.0,27579.0,4582,4582,4.709937792740048,0.1413917799285456,509.0,0.8,False
2024|source=data202403.csv|line=37|event=17|station=32001,32001,20240302,2024,6,27586.0,28110.0,525,525,5.417742974238876,0.0829246094749558,509.0,0.8,False
2024|source=data202403.csv|line=37|event=17|station=32001,32001,20240302,2024,7,28165.0,29459.0,1295,1295,6.018064988290398,0.1161145159752059,509.0,0.8,False
2024|source=data202403.csv|line=37|event=17|station=32001,32001,20240302,2024,8,29542.0,35235.0,5694,5694,6.343222336065573,0.1804076201496587,509.0,0.8,False
2024|source=data202403.csv|line=37|event=17|station=32001,32001,20240302,2024,9,35276.0,37094.0,1819,1819,5.761523711943793,0.1252322477836166,509.0,0.8,False
2024|source=data202403.csv|line=37|event=17|station=32001,32001,20240302,2024,10,37159.0,38942.0,1784,1784,4.5310472775175645,0.1180413633867296,509.0,0.8,False
2024|source=data202403.csv|line=37|event=17|station=32001,32001,20240302,2024,11,38980.0,44297.0,5318,5318,3.669050790398126,0.1231872933410756,509.0,0.8,False
2024|source=data202403.csv|line=37|event=17|station=32001,32001,20240302,2024,12,44303.0,46634.0,2332,2332,3.4265127341920363,0.1394551961004464,509.0,0.8,False
2024|source=data202403.csv|line=37|event=17|station=32001,32001,20240302,2024,13,46657.0,47400.0,744,744,2.396079478922716,0.1512724476113535,509.0,0.8,False
2024|source=data202403.csv|line=37|event=17|station=32011,32011,20240302,2024,1,18060.0,20101.0,2042,2042,0.5577797131147548,0.1271153120868888,509.0,0.7,False
2024|source=data202403.csv|line=37|event=17|station=32011,32011,20240302,2024,2,20128.0,26658.0,6531,6531,4.554793032786884,0.3859855323565197,509.0,0.7,False
2024|source=data202403.csv|line=37|event=17|station=32011,32011,20240302,2024,3,26681.0,27262.0,582,582,5.413564549180326,0.1059660089619294,509.0,0.7,False
2024|source=data202403.csv|line=37|event=17|station=32011,32011,20240302,2024,4,27274.0,30599.0,3326,3326,6.337386270491803,0.2014511397250523,509.0,0.7,False
2024|source=data202403.csv|line=37|event=17|station=32011,32011,20240302,2024,5,30662.0,46611.0,15950,15950,4.515132172131146,0.3049322620891845,509.0,0.7,False
2024|source=data202403.csv|line=37|event=17|station=32011,32011,20240302,2024,6,46635.0,46697.0,63,63,2.683786885245902,0.1205210774249314,509.0,0.7,False
2024|source=data202403.csv|line=37|event=17|station=32011,32011,20240302,2024,7,46716.0,46923.0,208,208,1.907220286885246,0.0927813075036877,509.0,0.7,False
2024|source=data202403.csv|line=37|event=17|station=32011,32011,20240302,2024,8,46927.0,47400.0,474,474,2.1408104508196724,0.1202611360965011,509.0,0.7,False
2024|source=data202403.csv|line=37|event=17|station=41004,41004,20240302,2024,1,18060.0,21262.0,3203,3203,-1.7137864461358348,0.3454843061370662,509.0,1.2,False
2024|source=data202403.csv|line=37|event=17|station=41004,41004,20240302,2024,2,21363.0,24245.0,2883,2883,-0.0070559133489496,0.1808199793874824,509.0,1.2,False
2024|source=data202403.csv|line=37|event=17|station=41004,41004,20240302,2024,3,24304.0,24990.0,687,687,0.9307723946135766,0.0881099378725306,509.0,1.2,False
2024|source=data202403.csv|line=37|event=17|station=41004,41004,20240302,2024,4,25047.0,25772.0,726,726,1.1532054303278727,0.1056270420465898,509.0,1.2,False
2024|source=data202403.csv|line=37|event=17|station=41004,41004,20240302,2024,5,25834.0,28595.0,2762,2762,1.4136042886416789,0.1032114318552334,509.0,1.2,False
2024|source=data202403.csv|line=37|event=17|station=41004,41004,20240302,2024,6,28653.0,30404.0,1752,1752,1.7336502488290364,0.0813643798977321,509.0,1.2,False
2024|source=data202403.csv|line=37|event=17|station=41004,41004,20240302,2024,7,30465.0,30768.0,304,304,2.2905776492974184,0.0719861092794961,509.0,1.2,False
2024|source=data202403.csv|line=37|event=17|station=41004,41004,20240302,2024,8,30825.0,39518.0,8694,8694,3.204423521662761,0.4603216372579023,509.0,1.2,False
2024|source=data202403.csv|line=37|event=17|station=41004,41004,20240302,2024,9,39581.0,47999.0,8419,8419,2.659376463700226,0.3670875691325913,509.0,1.2,False
2024|source=data202403.csv|line=37|event=18|station=41004,41004,20240302,2024,1,64740.0,73013.0,8274,8274,0.4184716542750877,0.1307135835770351,150.0,0.3,False
2024|source=data202403.csv|line=37|event=19|station=32001,32001,20240303,2024,1,19800.0,20574.0,775,775,-0.8699231714812541,0.0916646192039726,480.0,0.4,False
2024|source=data202403.csv|line=37|event=19|station=32001,32001,20240303,2024,2,20593.0,22444.0,1852,1852,-0.8433113091579596,0.1128124524138101,480.0,0.4,False
2024|source=data202403.csv|line=37|event=19|station=32001,32001,20240303,2024,3,22447.0,23086.0,640,640,-0.3325553165334973,0.124376498895362,480.0,0.4,False
2024|source=data202403.csv|line=37|event=19|station=32001,32001,20240303,2024,4,23100.0,26778.0,3679,3679,0.5387246465888129,0.1446744453362533,480.0,0.4,False
2024|source=data202403.csv|line=37|event=19|station=32001,32001,20240303,2024,5,26804.0,28738.0,1935,1935,3.0423632452366327,0.2087207620847794,480.0,0.4,False
2024|source=data202403.csv|line=37|event=19|station=32001,32001,20240303,2024,6,28741.0,28851.0,111,111,5.137719729563615,0.098255436932345,480.0,0.4,False
2024|source=data202403.csv|line=37|event=19|station=32001,32001,20240303,2024,7,28885.0,29477.0,593,593,5.458073140749846,0.101400135167358,480.0,0.4,False
2024|source=data202403.csv|line=37|event=19|station=32001,32001,20240303,2024,8,35962.0,36038.0,77,77,-0.7335894283958204,0.0506879168188881,480.0,0.4,False
2024|source=data202403.csv|line=37|event=19|station=32001,32001,20240303,2024,9,36065.0,39324.0,3260,3260,-1.102358635525507,0.2474852573260701,480.0,0.4,False
2024|source=data202403.csv|line=37|event=19|station=32001,32001,20240303,2024,10,39339.0,39416.0,78,78,-0.5536708666256916,0.083820559328829,480.0,0.4,False
2024|source=data202403.csv|line=37|event=19|station=32001,32001,20240303,2024,11,39426.0,42585.0,3160,3160,-1.3693192993239092,0.2353079740819148,480.0,0.4,False
2024|source=data202403.csv|line=37|event=19|station=32001,32001,20240303,2024,12,42596.0,42659.0,64,64,-1.0760771358328212,0.0718828884626354,480.0,0.4,False
2024|source=data202403.csv|line=37|event=19|station=32001,32001,20240303,2024,13,42671.0,44288.0,1618,1618,-0.4035417947141979,0.1715863056483889,480.0,0.4,False
2024|source=data202403.csv|line=37|event=19|station=32001,32001,20240303,2024,14,44322.0,47961.0,3640,3640,-1.3796696373693922,0.446281577534516,480.0,0.4,False
2024|source=data202403.csv|line=37|event=20|station=32001,32001,20240303,2024,1,64574.0,65747.0,1174,1174,1.2538529135338337,0.2603643180144911,150.0,0.3,False
2024|source=data202403.csv|line=37|event=20|station=32001,32001,20240303,2024,2,65924.0,70425.0,4502,4502,1.3042156954887218,0.3063611201956698,150.0,0.3,False
2024|source=data202403.csv|line=37|event=20|station=32001,32001,20240303,2024,3,70525.0,70826.0,302,302,0.4889891917293223,0.1080196780258898,150.0,0.3,False
2024|source=data202403.csv|line=37|event=20|station=32001,32001,20240303,2024,4,70889.0,73199.0,2311,2311,0.1906635338345861,0.3718407804223462,150.0,0.3,False
2024|source=data202403.csv|line=37|event=19|station=32011,32011,20240303,2024,1,19279.0,20661.0,1383,1383,-0.7845513214505235,0.1282495534832563,480.0,0.4,False
2024|source=data202403.csv|line=37|event=19|station=32011,32011,20240303,2024,2,20728.0,24230.0,3503,3503,-0.8052699754148751,0.1333662424472873,480.0,0.4,False
2024|source=data202403.csv|line=37|event=19|station=32011,32011,20240303,2024,3,24294.0,24826.0,533,533,-0.2639290104486784,0.0961510964135642,480.0,0.4,False
2024|source=data202403.csv|line=37|event=19|station=32011,32011,20240303,2024,4,24850.0,27896.0,3047,3047,1.0165520897357094,0.135751958733214,480.0,0.4,False
2024|source=data202403.csv|line=37|event=19|station=32011,32011,20240303,2024,5,36012.0,36175.0,164,164,-5.043659419176399,0.1214593147621258,480.0,0.4,False
2024|source=data202403.csv|line=37|event=19|station=32011,32011,20240303,2024,6,36369.0,39258.0,2890,2890,-2.6975438690842046,0.3044232807251489,480.0,0.4,False
2024|source=data202403.csv|line=37|event=19|station=32011,32011,20240303,2024,7,39313.0,39488.0,176,176,-1.072563998156116,0.0741662746290243,480.0,0.4,False
2024|source=data202403.csv|line=37|event=19|station=32011,32011,20240303,2024,8,39516.0,39582.0,67,67,-1.5523673939766458,0.0452655718720914,480.0,0.4,False
2024|source=data202403.csv|line=37|event=19|station=32011,32011,20240303,2024,9,39584.0,42488.0,2905,2905,-3.151812845728335,0.3269724979309415,480.0,0.4,False
2024|source=data202403.csv|line=37|event=19|station=32011,32011,20240303,2024,10,42645.0,46432.0,3788,3788,-2.583690918869085,0.4242826042879078,480.0,0.4,False
2024|source=data202403.csv|line=37|event=19|station=32011,32011,20240303,2024,11,46479.0,47999.0,1521,1521,-1.089560079901661,0.2044809268041202,480.0,0.4,False
2024|source=data202403.csv|line=37|event=20|station=32011,32011,20240303,2024,1,64412.0,65690.0,1279,1279,2.271642857142858,0.4077824049426173,150.0,0.2,False
2024|source=data202403.csv|line=37|event=20|station=32011,32011,20240303,2024,2,65910.0,67248.0,1339,1339,0.9590714285714306,0.2210660377581552,150.0,0.2,False
2024|source=data202403.csv|line=37|event=20|station=32011,32011,20240303,2024,3,67250.0,67803.0,554,554,0.902107142857144,0.1612044598168902,150.0,0.2,False
2024|source=data202403.csv|line=37|event=20|station=32011,32011,20240303,2024,4,67846.0,68419.0,574,574,1.0369642857142871,0.2480121289073962,150.0,0.2,False
2024|source=data202403.csv|line=37|event=20|station=32011,32011,20240303,2024,5,68443.0,68509.0,67,67,1.895571428571433,0.0827723362288888,150.0,0.2,False
2024|source=data202403.csv|line=37|event=20|station=32011,32011,20240303,2024,6,68537.0,70402.0,1866,1866,1.3384642857142843,0.3973055620256125,150.0,0.2,False
2024|source=data202403.csv|line=37|event=20|station=32011,32011,20240303,2024,7,70412.0,70786.0,375,375,0.0105000000000039,0.1084714912509952,150.0,0.2,False
2024|source=data202403.csv|line=37|event=20|station=32011,32011,20240303,2024,8,70939.0,71011.0,73,73,-2.72892857142857,0.0378999011579296,150.0,0.2,False
2024|source=data202403.csv|line=37|event=20|station=32011,32011,20240303,2024,9,71031.0,71609.0,579,579,-3.1949999999999985,0.1619406408244179,150.0,0.2,False
2024|source=data202403.csv|line=37|event=20|station=32011,32011,20240303,2024,10,71831.0,72136.0,306,306,0.7921785714285754,0.0824152635893223,150.0,0.2,False
2024|source=data202403.csv|line=37|event=20|station=32011,32011,20240303,2024,11,72178.0,72980.0,803,803,0.9347857142857166,0.2556221469042056,150.0,0.2,False
2024|source=data202403.csv|line=37|event=20|station=32011,32011,20240303,2024,12,73121.0,73199.0,79,79,1.7092857142857163,0.0302666651481579,150.0,0.2,False
2024|source=data202403.csv|line=37|event=19|station=41004,41004,20240303,2024,1,19201.0,19696.0,496,496,-0.1564199446834706,0.0663230714256086,480.0,0.7,False
2024|source=data202403.csv|line=37|event=19|station=41004,41004,20240303,2024,2,19754.0,21457.0,1704,1704,-0.4992782728948981,0.1237872572908414,480.0,0.7,False
2024|source=data202403.csv|line=37|event=19|station=41004,41004,20240303,2024,3,21515.0,22042.0,528,528,-0.8121329133374324,0.0804039200170596,480.0,0.7,False
2024|source=data202403.csv|line=37|event=19|station=41004,41004,20240303,2024,4,22102.0,22236.0,135,135,-0.8361054087277182,0.076326387228817,480.0,0.7,False
2024|source=data202403.csv|line=37|event=19|station=41004,41004,20240303,2024,5,22304.0,24852.0,2549,2549,-1.4564056545789796,0.1612764039932462,480.0,0.7,False
2024|source=data202403.csv|line=37|event=19|station=41004,41004,20240303,2024,6,24887.0,25234.0,348,348,-1.7526264597418582,0.0970768606270389,480.0,0.7,False
2024|source=data202403.csv|line=37|event=19|station=41004,41004,20240303,2024,7,25291.0,27323.0,2033,2033,-1.0114016594960091,0.1121087533734589,480.0,0.7,False
2024|source=data202403.csv|line=37|event=19|station=41004,41004,20240303,2024,8,27383.0,29481.0,2099,2099,0.5109631223109972,0.1471702266363677,480.0,0.7,False
2024|source=data202403.csv|line=37|event=19|station=41004,41004,20240303,2024,9,29538.0,31681.0,2144,2144,2.3805275046097165,0.1573670698570947,480.0,0.7,False
2024|source=data202403.csv|line=37|event=19|station=41004,41004,20240303,2024,10,31718.0,31837.0,120,120,3.995796711739402,0.0931652214574101,480.0,0.7,False
2024|source=data202403.csv|line=37|event=19|station=41004,41004,20240303,2024,11,31893.0,32188.0,296,296,4.216482329440687,0.0769074704014727,480.0,0.7,False
2024|source=data202403.csv|line=37|event=19|station=41004,41004,20240303,2024,12,32244.0,32707.0,464,464,4.244707590657647,0.1240272973162855,480.0,0.7,False
2024|source=data202403.csv|line=37|event=19|station=41004,41004,20240303,2024,13,32766.0,35786.0,3021,3021,3.1098100799016564,0.1325787065988124,480.0,0.7,False
2024|source=data202403.csv|line=37|event=19|station=41004,41004,20240303,2024,14,35816.0,35895.0,80,80,1.7979866318377304,0.0693095668730264,480.0,0.7,False
2024|source=data202403.csv|line=37|event=19|station=41004,41004,20240303,2024,15,36092.0,36649.0,558,558,-1.038769668100798,0.1994517715852293,480.0,0.7,False
2024|source=data202403.csv|line=37|event=19|station=41004,41004,20240303,2024,16,36769.0,39637.0,2869,2869,-1.5636598033189912,0.2330964290188872,480.0,0.7,False
2024|source=data202403.csv|line=37|event=19|station=41004,41004,20240303,2024,17,39642.0,42857.0,3216,3216,-1.9970201290719127,0.2262983233203552,480.0,0.7,False
2024|source=data202403.csv|line=37|event=19|station=41004,41004,20240303,2024,18,42860.0,43003.0,144,144,-0.7178824523663252,0.0629109565061126,480.0,0.7,False
2024|source=data202403.csv|line=37|event=19|station=41004,41004,20240303,2024,19,43064.0,45795.0,2732,2732,-0.6837871850030766,0.2213014959753235,480.0,0.7,False
2024|source=data202403.csv|line=37|event=19|station=41004,41004,20240303,2024,20,45853.0,47999.0,2147,2147,-0.053524277811924,0.2019068718315922,480.0,0.7,False
2024|source=data202403.csv|line=37|event=20|station=41004,41004,20240303,2024,1,64348.0,65284.0,937,937,0.2661127819548881,0.1215268689000287,150.0,0.4,False
2024|source=data202403.csv|line=37|event=20|station=41004,41004,20240303,2024,2,65586.0,65814.0,229,229,5.718834586466166,0.1802101665588843,150.0,0.4,False
2024|source=data202403.csv|line=37|event=20|station=41004,41004,20240303,2024,3,65934.0,66000.0,67,67,4.160063909774429,0.0911568090804956,150.0,0.4,False
2024|source=data202403.csv|line=37|event=20|station=41004,41004,20240303,2024,4,66012.0,70363.0,4352,4352,1.2042763157894711,0.4126638669446615,150.0,0.4,False
2024|source=data202403.csv|line=37|event=20|station=41004,41004,20240303,2024,5,70566.0,70853.0,288,288,2.077629699248128,0.0885617734931815,150.0,0.4,False
2024|source=data202403.csv|line=37|event=20|station=41004,41004,20240303,2024,6,71083.0,71249.0,167,167,-0.7176842105263148,0.0695183418399792,150.0,0.4,False
2024|source=data202403.csv|line=37|event=20|station=41004,41004,20240303,2024,7,72942.0,73199.0,258,258,0.3890620300751877,0.0993174891249818,150.0,0.4,False
2024|source=data202403.csv|line=37|event=27|station=32011,32011,20240309,2024,1,1800.0,2099.0,300,300,-1.795,0.1378943741641792,15.0,0.5,False
2024|source=data202403.csv|line=16|event=1|station=32001,32001,20240314,2024,1,73440.0,75433.0,1994,1994,-1.3236353550295856,0.0604059555953973,52.0,-1.2,False
2024|source=data202403.csv|line=16|event=1|station=32011,32011,20240314,2024,1,73439.0,75450.0,2012,2012,-1.504510355029586,0.0807332911518558,52.0,-1.3,False
2024|source=data202403.csv|line=16|event=1|station=36001,36001,20240314,2024,1,73376.0,75167.0,1792,1792,-11.255782544380054,0.0913843200134988,52.0,-10.9,True
2024|source=data202403.csv|line=16|event=1|station=36001,36001,20240314,2024,2,75177.0,75378.0,202,202,-11.223291420123132,0.137696704068865,52.0,-10.9,True
2024|source=data202403.csv|line=16|event=1|station=42005,42005,20240314,2024,1,73440.0,75360.0,1921,1921,-0.81781065088758,0.172772712264284,52.0,-1.0,False
2024|source=data202403.csv|line=16|event=2|station=42005,42005,20240314,2024,1,81627.0,82678.0,1052,1052,-1.413679435483871,0.0845458880240181,32.0,-1.0,False
2024|source=data202403.csv|line=16|event=1|station=43002,43002,20240314,2024,1,73408.0,75464.0,2057,2057,3.4938461538461354,0.0561706105513129,52.0,3.5,True
2024|source=data202403.csv|line=16|event=2|station=43002,43002,20240314,2024,1,81192.0,83033.0,1842,1842,3.637308467741917,0.1010555832630969,32.0,3.6,True
2024|source=data202403.csv|line=16|event=2|station=43002,43002,20240314,2024,2,83059.0,83125.0,67,67,2.625201612903254,0.0523889948455307,32.0,3.6,True
2024|source=data202403.csv|line=16|event=2|station=45008,45008,20240314,2024,1,81275.0,83219.0,1945,1945,0.2905806451612918,0.0896839509315347,32.0,0.4,False
2024|source=data202403.csv|line=16|event=1|station=50008,50008,20240314,2024,1,73399.0,75390.0,1992,1992,-2.507510355029588,0.1292298627012141,52.0,-1.3,False
2024|source=data202403.csv|line=16|event=2|station=50008,50008,20240314,2024,1,81422.0,82804.0,1383,1383,-3.3865745967741923,0.1614147168455781,32.0,-1.3,False
2024|source=data202403.csv|line=16|event=1|station=50009,50009,20240314,2024,1,73360.0,75405.0,2046,2046,-1.2344230769230649,0.1009893988391128,52.0,-1.5,False
2024|source=data202403.csv|line=16|event=2|station=50009,50009,20240314,2024,1,81441.0,82748.0,1308,1308,-1.8775645161290129,0.1155025781526849,32.0,-1.5,False
2024|source=data202403.csv|line=16|event=1|station=50023,50023,20240314,2024,1,73354.0,75360.0,2007,2007,-1.9224186390532048,0.1346565528441111,52.0,-1.1,False
2024|source=data202403.csv|line=16|event=2|station=50023,50023,20240314,2024,1,81470.0,82688.0,1219,1219,-2.7886129032257827,0.1137849766548636,32.0,-1.1,False
2024|source=data202403.csv|line=16|event=1|station=53095,53095,20240314,2024,1,73281.0,75447.0,2167,2167,0.6948165680473153,0.2809734209733214,52.0,-1.1,False
2024|source=data202403.csv|line=16|event=2|station=53095,53095,20240314,2024,1,81295.0,83033.0,1739,1739,0.8871532258064292,0.1437682387728258,32.0,-1.1,False
2024|source=data202403.csv|line=37|event=48|station=32001,32001,20240316,2024,1,59340.0,79549.0,20210,20210,-1.8783101152623207,0.17673953121813,361.0,0.5,False
2024|source=data202403.csv|line=37|event=48|station=32001,32001,20240316,2024,2,79612.0,79751.0,140,140,-3.4357125397456265,0.0909383103602027,361.0,0.5,False
2024|source=data202403.csv|line=37|event=48|station=32001,32001,20240316,2024,3,79760.0,80399.0,640,640,-3.09906031399046,0.1191387292470393,361.0,0.5,False
2024|source=data202403.csv|line=37|event=50|station=32001,32001,20240317,2024,1,58458.0,79529.0,21072,21072,-2.435234300476948,0.204110920547557,361.0,0.3,False
2024|source=data202403.csv|line=37|event=50|station=32001,32001,20240317,2024,2,79561.0,79800.0,240,240,-4.4355836645469005,0.1290366994698445,361.0,0.3,False
2024|source=data202403.csv|line=37|event=50|station=32011,32011,20240317,2024,1,59340.0,80399.0,21060,21060,-2.596193561208267,0.3509267077095649,361.0,0.3,False
2024|source=data202403.csv|line=37|event=53|station=32001,32001,20240318,2024,1,58458.0,79517.0,21060,21060,-1.113645917542442,0.3783275519561784,361.0,0.3,False
2024|source=data202403.csv|line=37|event=53|station=32001,32001,20240318,2024,2,79549.0,79800.0,252,252,-3.1245966046887634,0.1120438444512726,361.0,0.3,False
2024|source=data202403.csv|line=37|event=53|station=32011,32011,20240318,2024,1,59340.0,74556.0,15217,15217,-0.901613177041229,0.1981342373922084,361.0,0.2,False
2024|source=data202403.csv|line=37|event=53|station=32011,32011,20240318,2024,2,74584.0,74886.0,303,303,-1.301347008892483,0.0833698492559138,361.0,0.2,False
2024|source=data202403.csv|line=37|event=53|station=32011,32011,20240318,2024,3,74915.0,78969.0,4055,4055,-3.2027663702506057,0.2135212792922627,361.0,0.2,False
2024|source=data202403.csv|line=37|event=53|station=32011,32011,20240318,2024,4,78986.0,79488.0,503,503,-3.3449763540824584,0.1843314501351109,361.0,0.2,False
2024|source=data202403.csv|line=37|event=53|station=32011,32011,20240318,2024,5,79499.0,80174.0,676,676,-2.606612469684721,0.1377734155129395,361.0,0.2,False
2024|source=data202403.csv|line=37|event=53|station=32011,32011,20240318,2024,6,80248.0,80399.0,152,152,-2.3616696645109148,0.0528243588824779,361.0,0.2,False
2024|source=data202403.csv|line=2|event=11|station=32001,32001,20240324,2024,1,22016.0,22949.0,934,934,7.13,0.102426340397438,27.0,5.2,True
2024|source=data202403.csv|line=2|event=11|station=32001,32001,20240324,2024,2,23025.0,23353.0,329,329,8.379999999999999,0.1072172101740336,27.0,5.2,True
2024|source=data202403.csv|line=2|event=11|station=32011,32011,20240324,2024,1,21844.0,23349.0,1506,1506,7.800000000000001,0.2054756221121391,27.0,6.3,True
2024|source=data202403.csv|line=2|event=11|station=32019,32019,20240324,2024,1,22620.0,23503.0,884,884,3.950000000000003,0.2013559092980464,27.0,1.0,False
2024|source=data202403.csv|line=2|event=11|station=41011,41011,20240324,2024,1,22620.0,23503.0,884,884,5.329999999999984,0.2396040481502531,27.0,1.2,False
2024|source=data202403.csv|line=2|event=11|station=42005,42005,20240324,2024,1,22492.0,23495.0,1004,1004,4.539999999999999,0.2538259418807225,27.0,2.6,False
2024|source=data202403.csv|line=2|event=11|station=50008,50008,20240324,2024,1,22013.0,22963.0,951,951,8.515,0.1464811387992418,27.0,6.5,True
2024|source=data202403.csv|line=2|event=11|station=50008,50008,20240324,2024,2,22988.0,23268.0,281,281,9.775,0.1664819554166036,27.0,6.5,True
2024|source=data202403.csv|line=2|event=11|station=50009,50009,20240324,2024,1,22142.0,22974.0,833,833,4.319999999999993,0.1095003447499139,27.0,2.6,False
2024|source=data202403.csv|line=2|event=11|station=50009,50009,20240324,2024,2,22983.0,23355.0,373,373,5.25,0.2417157615531512,27.0,2.6,False
2024|source=data202403.csv|line=2|event=11|station=50023,50023,20240324,2024,1,21985.0,22955.0,971,971,17.660000000000025,0.1386991573496535,27.0,14.8,True
2024|source=data202403.csv|line=2|event=11|station=50023,50023,20240324,2024,2,22970.0,23237.0,268,268,19.32499999999999,0.2117567614536575,27.0,14.8,True
2024|source=data202403.csv|line=2|event=11|station=50023,50023,20240324,2024,3,23269.0,23349.0,81,81,18.48000000000001,0.0831442017717354,27.0,14.8,True
2024|source=data202403.csv|line=2|event=12|station=32001,32001,20240329,2024,1,83015.0,84053.0,1039,1039,-4.887310344827585,0.1261750800148473,43.0,-5.0,True
2024|source=data202403.csv|line=2|event=12|station=32001,32001,20240329,2024,2,84087.0,85308.0,1222,1222,-4.89676724137931,0.1231498676808388,43.0,-5.0,True
2024|source=data202403.csv|line=2|event=12|station=32011,32011,20240329,2024,1,83003.0,85300.0,2298,2298,-5.571343103448276,0.1559510399385279,43.0,-6.0,True
2024|source=data202403.csv|line=2|event=12|station=32019,32019,20240329,2024,1,83037.0,83126.0,90,90,-0.7664948275862002,0.0763694957529379,43.0,-1.0,False
2024|source=data202403.csv|line=2|event=12|station=32019,32019,20240329,2024,2,83592.0,85318.0,1727,1727,-0.7791206896551728,0.127260509915559,43.0,-1.0,False
2024|source=data202403.csv|line=2|event=12|station=42005,42005,20240329,2024,1,83371.0,84900.0,1530,1530,-1.4733456896551689,0.1009076927097894,43.0,-2.5,False
2024|source=data202403.csv|line=2|event=12|station=50008,50008,20240329,2024,1,82995.0,85300.0,2306,2306,-6.296870689655169,0.1476600233111069,43.0,-6.2,True
2024|source=data202403.csv|line=2|event=12|station=50009,50009,20240329,2024,1,83002.0,85307.0,2306,2306,-2.611760344827559,0.1162746687057406,43.0,-2.5,False
2024|source=data202403.csv|line=2|event=12|station=50023,50023,20240329,2024,1,83025.0,85291.0,2267,2267,-14.82812413793107,0.1543713267615547,43.0,-14.0,True
2024|source=data202404.csv|line=2|event=21|station=31002,31002,20240401,2024,1,59285.0,59666.0,382,382,-2.000600290697662,0.1261154468654972,50.0,-1.5,False
2024|source=data202404.csv|line=2|event=21|station=31002,31002,20240401,2024,2,59675.0,59783.0,109,109,-1.7170261627906598,0.1620533065613892,50.0,-1.5,False
2024|source=data202404.csv|line=2|event=21|station=31002,31002,20240401,2024,3,59875.0,60036.0,162,162,-1.7585072674418143,0.1642626845359458,50.0,-1.5,False
2024|source=data202404.csv|line=2|event=21|station=31002,31002,20240401,2024,4,60048.0,60375.0,328,328,-2.1353909883720803,0.1639028172453921,50.0,-1.5,False
2024|source=data202404.csv|line=2|event=21|station=31002,31002,20240401,2024,5,60386.0,60753.0,368,368,-1.8709549418604183,0.1630507068761867,50.0,-1.5,False
2024|source=data202404.csv|line=2|event=21|station=31002,31002,20240401,2024,6,60772.0,60900.0,129,129,-1.9197616279069507,0.153718902872907,50.0,-1.5,False
2024|source=data202404.csv|line=2|event=21|station=31002,31002,20240401,2024,7,60904.0,61293.0,390,390,-1.967835755813951,0.183043086338996,50.0,-1.5,False
2024|source=data202404.csv|line=2|event=21|station=31002,31002,20240401,2024,8,61300.0,61827.0,528,528,-2.0529956395348563,0.1407994450867351,50.0,-1.5,False
2024|source=data202404.csv|line=2|event=21|station=31002,31002,20240401,2024,9,61866.0,62199.0,334,334,-1.8188880813953008,0.1306028408043786,50.0,-1.5,False
2024|source=data202404.csv|line=2|event=21|station=32001,32001,20240401,2024,1,59317.0,62198.0,2882,2882,-5.439963662790699,0.0760531443117387,50.0,-5.0,True
2024|source=data202404.csv|line=2|event=21|station=32011,32011,20240401,2024,1,59307.0,62194.0,2888,2888,-6.114103197674419,0.1059082616059029,50.0,-6.0,True
2024|source=data202404.csv|line=2|event=21|station=32019,32019,20240401,2024,1,59449.0,61530.0,2082,2082,-1.401863372093004,0.0740504435720913,50.0,-1.0,False
2024|source=data202404.csv|line=2|event=21|station=32019,32019,20240401,2024,2,61994.0,62191.0,198,198,-1.162543604651205,0.0344344040418892,50.0,-1.0,False
2024|source=data202404.csv|line=2|event=21|station=36001,36001,20240401,2024,1,59381.0,59765.0,385,385,1.802915697677236,0.1508835211624794,50.0,2.5,False
2024|source=data202404.csv|line=2|event=21|station=36001,36001,20240401,2024,2,59802.0,62222.0,2421,2421,1.6551220930195996,0.1558288067997253,50.0,2.5,False
2024|source=data202404.csv|line=2|event=21|station=41011,41011,20240401,2024,1,59555.0,59972.0,418,418,-1.0795784883720785,0.1420591708936557,50.0,-1.1,False
2024|source=data202404.csv|line=2|event=21|station=41011,41011,20240401,2024,2,60041.0,60527.0,487,487,-1.1447093023255943,0.1274237632064183,50.0,-1.1,False
2024|source=data202404.csv|line=2|event=21|station=41011,41011,20240401,2024,3,60587.0,60813.0,227,227,-1.1568023255813955,0.1322801234475469,50.0,-1.1,False
2024|source=data202404.csv|line=2|event=21|station=41011,41011,20240401,2024,4,60826.0,60934.0,109,109,-1.2520348837209383,0.1369991974105031,50.0,-1.1,False
2024|source=data202404.csv|line=2|event=21|station=41011,41011,20240401,2024,5,60979.0,61071.0,93,93,-0.8062500000000057,0.0909224219054715,50.0,-1.1,False
2024|source=data202404.csv|line=2|event=21|station=41011,41011,20240401,2024,6,61232.0,61307.0,76,76,-1.203357558139544,0.1445128013110869,50.0,-1.1,False
2024|source=data202404.csv|line=2|event=21|station=41011,41011,20240401,2024,7,61358.0,61491.0,134,134,-1.0178633720930463,0.1610611695714271,50.0,-1.1,False
2024|source=data202404.csv|line=2|event=21|station=41011,41011,20240401,2024,8,61863.0,62036.0,174,174,-0.663125000000008,0.1074911680509368,50.0,-1.1,False
2024|source=data202404.csv|line=2|event=21|station=42005,42005,20240401,2024,1,59702.0,62051.0,2350,2350,-2.560062500000008,0.1476150202725319,50.0,-2.5,False
2024|source=data202404.csv|line=2|event=21|station=43002,43002,20240401,2024,1,59453.0,62274.0,2822,2822,0.5868037790697542,0.0697254588202908,50.0,0.5,False
2024|source=data202404.csv|line=2|event=21|station=50008,50008,20240401,2024,1,59309.0,62194.0,2886,2886,-6.397074127906977,0.1838783978454942,50.0,-6.2,True
2024|source=data202404.csv|line=2|event=21|station=50009,50009,20240401,2024,1,59339.0,62198.0,2860,2860,-2.898739825581373,0.1424627123348431,50.0,-2.5,False
2024|source=data202404.csv|line=2|event=21|station=50023,50023,20240401,2024,1,59326.0,62194.0,2869,2869,-15.039389534883751,0.2547422905523386,50.0,-14.1,True
2024|source=data202404.csv|line=16|event=16|station=32001,32001,20240403,2024,1,45477.0,46059.0,583,583,0.54,0.1219095726350435,16.0,0.5,False
2024|source=data202404.csv|line=16|event=16|station=32001,32001,20240403,2024,2,46074.0,46357.0,284,284,0.5299999999999994,0.1060900446154861,16.0,0.5,False
2024|source=data202404.csv|line=16|event=15|station=32011,32011,20240403,2024,1,44196.0,44832.0,637,637,0.629999999999999,0.0974648571942266,14.0,0.5,False
2024|source=data202404.csv|line=16|event=16|station=32011,32011,20240403,2024,1,45476.0,46281.0,806,806,0.5399999999999991,0.1015573094800851,16.0,0.5,False
2024|source=data202404.csv|line=16|event=14|station=43002,43002,20240403,2024,1,42423.0,43389.0,967,967,2.050000000000012,0.049228499897536,23.0,1.1,False
2024|source=data202404.csv|line=16|event=15|station=43002,43002,20240403,2024,1,44144.0,44798.0,655,655,-1.0300000000000011,0.0715802896996535,14.0,-1.3,False
2024|source=data202404.csv|line=16|event=16|station=43002,43002,20240403,2024,1,45497.0,46323.0,827,827,-1.0,0.0624273134232879,16.0,-1.4,False
2024|source=data202404.csv|line=16|event=15|station=50009,50009,20240403,2024,1,44358.0,44856.0,499,499,1.0600000000000025,0.0763558845697959,14.0,0.6,False
2024|source=data202404.csv|line=16|event=16|station=50023,50023,20240403,2024,1,45897.0,46204.0,308,308,1.2199999999999704,0.0822862090906859,16.0,0.4,False
2024|source=data202404.csv|line=19|event=20|station=32001,32001,20240406,2024,1,83687.0,84176.0,490,490,-0.6499999999999986,0.1397364088832682,14.0,-0.9,False
2024|source=data202404.csv|line=19|event=20|station=32011,32011,20240406,2024,1,83656.0,84139.0,484,484,-0.5599999999999987,0.1292857344016035,14.0,-0.8,False
2024|source=data202404.csv|line=19|event=20|station=41004,41004,20240406,2024,1,84180.0,84492.0,313,313,2.559999999999995,0.1111184641989283,14.0,1.1,False
2024|source=data202404.csv|line=19|event=20|station=41011,41011,20240406,2024,1,83652.0,84473.0,822,822,7.490000000000009,0.140059694966921,14.0,6.9,True
2024|source=data202404.csv|line=27|event=25|station=41006,41006,20240413,2024,1,43012.0,43141.0,130,130,-3.4399999999999977,0.0614176642173752,3.0,-3.6,True
2024|source=data202404.csv|line=27|event=25|station=61004,61004,20240413,2024,1,43050.0,43148.0,99,99,2.9849999999999994,0.0426074578401863,3.0,3.4,True
2024|source=data202404.csv|line=33|event=36|station=43002,43002,20240416,2024,1,53767.0,54564.0,798,798,10.570000000000022,0.1550672855364837,15.0,9.8,True
2024|source=data202404.csv|line=33|event=36|station=53095,53095,20240416,2024,1,54337.0,54779.0,443,443,-2.009999999999991,0.0725662134962323,15.0,-0.6,False
2024|source=data202404.csv|line=36|event=48|station=32001,32001,20240417,2024,1,42002.0,43200.0,1199,1199,16.415798828125,0.1402589906991357,81.0,15.8,True
2024|source=data202404.csv|line=36|event=48|station=32001,32001,20240417,2024,2,43229.0,45009.0,1781,1781,16.326349609375,0.1428389839552659,81.0,15.8,True
2024|source=data202404.csv|line=36|event=48|station=32001,32001,20240417,2024,3,45021.0,45866.0,846,846,16.2350712890625,0.1370934185213179,81.0,15.8,True
2024|source=data202404.csv|line=36|event=48|station=32001,32001,20240417,2024,4,45873.0,46580.0,708,708,16.3306123046875,0.1337011942499346,81.0,15.8,True
2024|source=data202404.csv|line=36|event=48|station=32001,32001,20240417,2024,5,46603.0,46762.0,160,160,16.390659179687503,0.1442591388551035,81.0,15.8,True
2024|source=data202404.csv|line=36|event=49|station=32001,32001,20240417,2024,1,47660.0,48460.0,801,801,-16.11,0.1373829715318461,25.0,-16.4,True
2024|source=data202404.csv|line=36|event=49|station=32001,32001,20240417,2024,2,48487.0,49108.0,622,622,-15.990000000000002,0.1650632681368904,25.0,-16.4,True
2024|source=data202404.csv|line=36|event=50|station=32001,32001,20240417,2024,1,49708.0,49918.0,211,211,-16.28129617834395,0.108842266832997,48.0,-16.3,True
2024|source=data202404.csv|line=36|event=50|station=32001,32001,20240417,2024,2,49946.0,51865.0,1920,1920,-16.280539808917197,0.1359828379442376,48.0,-16.3,True
2024|source=data202404.csv|line=36|event=50|station=32001,32001,20240417,2024,3,51888.0,52517.0,630,630,-16.34077229299363,0.1062472988423622,48.0,-16.3,True
2024|source=data202404.csv|line=36|event=51|station=32001,32001,20240417,2024,1,52978.0,53038.0,61,61,-16.095,0.0583514154979452,2.0,-15.3,True
2024|source=data202404.csv|line=36|event=52|station=32001,32001,20240417,2024,1,53782.0,58793.0,5012,5012,-16.22044076492537,0.1128953044882661,85.0,-16.1,True
2024|source=data202404.csv|line=36|event=54|station=32001,32001,20240417,2024,1,60157.0,64384.0,4228,4228,16.64726077586207,0.086048282747536,72.0,16.3,True
2024|source=data202404.csv|line=36|event=55|station=32001,32001,20240417,2024,1,64772.0,64869.0,98,98,-16.4,0.0312685748320117,3.0,-16.2,True
2024|source=data202404.csv|line=36|event=56|station=32001,32001,20240417,2024,1,65421.0,68206.0,2786,2786,-16.46445222929936,0.0703642977763353,48.0,-16.3,True
2024|source=data202404.csv|line=36|event=48|station=32011,32011,20240417,2024,1,42004.0,46852.0,4849,4849,10.53544921875,0.1559855075415406,81.0,10.1,True
2024|source=data202404.csv|line=36|event=49|station=32011,32011,20240417,2024,1,47670.0,49109.0,1440,1440,-10.44,0.1065826447437066,25.0,-10.5,True
2024|source=data202404.csv|line=36|event=50|station=32011,32011,20240417,2024,1,49708.0,52546.0,2839,2839,-10.572541401273885,0.1158104218289569,48.0,-10.4,True
2024|source=data202404.csv|line=36|event=52|station=32011,32011,20240417,2024,1,53793.0,58793.0,5001,5001,-10.769305970149254,0.1988366055904932,85.0,-10.4,True
2024|source=data202404.csv|line=36|event=54|station=32011,32011,20240417,2024,1,60165.0,64385.0,4221,4221,10.907629310344827,0.1172380596592293,72.0,10.4,True
2024|source=data202404.csv|line=36|event=55|station=32011,32011,20240417,2024,1,64783.0,64869.0,87,87,-10.665,0.0270559275551833,3.0,-10.4,True
2024|source=data202404.csv|line=36|event=56|station=32011,32011,20240417,2024,1,65430.0,68206.0,2777,2777,-10.87955414012739,0.145076729230032,48.0,-10.4,True
2024|source=data202404.csv|line=36|event=48|station=32019,32019,20240417,2024,1,42050.0,42340.0,291,291,-1.2801464843749957,0.1229083076508992,81.0,-1.2,False
2024|source=data202404.csv|line=36|event=48|station=32019,32019,20240417,2024,2,42346.0,43542.0,1197,1197,-1.4557148437500018,0.1379674499348228,81.0,-1.2,False
2024|source=data202404.csv|line=36|event=48|station=32019,32019,20240417,2024,3,43986.0,44620.0,635,635,-1.365404296874999,0.0905691511688879,81.0,-1.2,False
2024|source=data202404.csv|line=36|event=48|station=32019,32019,20240417,2024,4,44627.0,46866.0,2240,2240,-1.278131835937501,0.1199642852020154,81.0,-1.2,False
2024|source=data202404.csv|line=36|event=49|station=32019,32019,20240417,2024,1,47730.0,49136.0,1407,1407,1.7549999999999957,0.1038325522384816,25.0,1.2,False
2024|source=data202404.csv|line=36|event=50|station=32019,32019,20240417,2024,1,49747.0,50727.0,981,981,1.3596401273885306,0.0902820111002054,48.0,1.2,False
2024|source=data202404.csv|line=36|event=50|station=32019,32019,20240417,2024,2,51195.0,52569.0,1375,1375,1.266216560509548,0.1119447783606339,48.0,1.2,False
2024|source=data202404.csv|line=36|event=52|station=32019,32019,20240417,2024,1,53855.0,54342.0,488,488,1.409140858208957,0.1081717746773779,85.0,1.2,False
2024|source=data202404.csv|line=36|event=52|station=32019,32019,20240417,2024,2,54787.0,57936.0,3150,3150,1.493172574626897,0.1093389102318103,85.0,1.2,False
2024|source=data202404.csv|line=36|event=52|station=32019,32019,20240417,2024,3,58401.0,58787.0,387,387,1.3059104477611925,0.0582487143593904,85.0,1.2,False
2024|source=data202404.csv|line=36|event=54|station=32019,32019,20240417,2024,1,60195.0,61530.0,1336,1336,-1.2022521551724026,0.0683000601928954,72.0,-1.2,False
2024|source=data202404.csv|line=36|event=54|station=32019,32019,20240417,2024,2,61989.0,64406.0,2418,2418,-1.2430926724137803,0.0545682701997122,72.0,-1.2,False
2024|source=data202404.csv|line=36|event=55|station=32019,32019,20240417,2024,1,64818.0,64896.0,79,79,1.4300000000000068,0.0442773199500608,3.0,1.2,False
2024|source=data202404.csv|line=36|event=56|station=32019,32019,20240417,2024,1,65588.0,68228.0,2641,2641,1.2792675159235785,0.0830846683304307,48.0,1.2,False
2024|source=data202404.csv|line=36|event=48|station=41004,41004,20240417,2024,1,42016.0,43879.0,1864,1864,-2.2072412109374966,0.1205902300618314,81.0,-2.2,False
2024|source=data202404.csv|line=36|event=48|station=41004,41004,20240417,2024,2,43935.0,46853.0,2919,2919,-2.1556640624999943,0.1212585333819198,81.0,-2.2,False
2024|source=data202404.csv|line=36|event=49|station=41004,41004,20240417,2024,1,47678.0,49112.0,1435,1435,2.5,0.114998921402748,25.0,2.3,False
2024|source=data202404.csv|line=36|event=50|station=41004,41004,20240417,2024,1,49726.0,52548.0,2823,2823,2.423394904458597,0.1349132446598009,48.0,2.2,False
2024|source=data202404.csv|line=36|event=52|station=41004,41004,20240417,2024,1,53795.0,57193.0,3399,3399,2.3741343283582097,0.148851664950264,85.0,2.2,False
2024|source=data202404.csv|line=36|event=52|station=41004,41004,20240417,2024,2,57243.0,57568.0,326,326,1.1321399253731317,0.0678205024626144,85.0,2.2,False
2024|source=data202404.csv|line=36|event=52|station=41004,41004,20240417,2024,3,57620.0,58796.0,1177,1177,2.323604477611944,0.0821925857909676,85.0,2.2,False
2024|source=data202404.csv|line=36|event=54|station=41004,41004,20240417,2024,1,60174.0,64385.0,4212,4212,-2.2891212284482734,0.141271937860023,72.0,-2.2,False
2024|source=data202404.csv|line=36|event=55|station=41004,41004,20240417,2024,1,64791.0,64871.0,81,81,2.1299999999999955,0.0673890301161459,3.0,2.2,False
2024|source=data202404.csv|line=36|event=56|station=41004,41004,20240417,2024,1,65440.0,68208.0,2769,2769,2.23112101910828,0.1195588379820292,48.0,2.2,False
2024|source=data202404.csv|line=36|event=54|station=41008,41008,20240417,2024,1,60018.0,60200.0,183,183,0.3415129310344866,0.1345105605709282,72.0,-0.4,False
2024|source=data202404.csv|line=36|event=54|station=41008,41008,20240417,2024,2,60223.0,60532.0,310,310,0.7887823275862047,0.4281029284556644,72.0,-0.4,False
2024|source=data202404.csv|line=36|event=54|station=41008,41008,20240417,2024,3,60684.0,60920.0,237,237,1.3086551724137934,0.1651816383440956,72.0,-0.4,False
2024|source=data202404.csv|line=36|event=54|station=41008,41008,20240417,2024,4,61017.0,61182.0,166,166,0.7745495689655115,0.1226675023239674,72.0,-0.4,False
2024|source=data202404.csv|line=36|event=54|station=41008,41008,20240417,2024,5,61209.0,61343.0,135,135,0.4961810344827597,0.1444436370329462,72.0,-0.4,False
2024|source=data202404.csv|line=36|event=54|station=41008,41008,20240417,2024,6,61348.0,61414.0,67,67,0.2412025862068958,0.1203489654016342,72.0,-0.4,False
2024|source=data202404.csv|line=36|event=54|station=41008,41008,20240417,2024,7,61419.0,61731.0,313,313,0.0920043103448264,0.3587653308739791,72.0,-0.4,False
2024|source=data202404.csv|line=36|event=54|station=41008,41008,20240417,2024,8,62035.0,62123.0,89,89,0.3181077586206911,0.0991954411827952,72.0,-0.4,False
2024|source=data202404.csv|line=36|event=54|station=41008,41008,20240417,2024,9,62314.0,62437.0,124,124,-0.0059504310344777,0.3671286587178647,72.0,-0.4,False
2024|source=data202404.csv|line=36|event=54|station=41008,41008,20240417,2024,10,62449.0,62561.0,113,113,0.18790948275862,0.1564803600589693,72.0,-0.4,False
2024|source=data202404.csv|line=36|event=54|station=41008,41008,20240417,2024,11,62618.0,62775.0,158,158,0.1988297413793134,0.1287663880864969,72.0,-0.4,False
2024|source=data202404.csv|line=36|event=54|station=41008,41008,20240417,2024,12,62948.0,63084.0,137,137,0.00368103448276,0.1397205253174006,72.0,-0.4,False
2024|source=data202404.csv|line=36|event=54|station=41008,41008,20240417,2024,13,63129.0,64313.0,1185,1185,-0.009745689655169,0.1823087945805877,72.0,-0.4,False
2024|source=data202404.csv|line=36|event=48|station=41011,41011,20240417,2024,1,42030.0,43363.0,1334,1334,-1.826268554687516,0.1356087357199909,81.0,-1.6,False
2024|source=data202404.csv|line=36|event=48|station=41011,41011,20240417,2024,2,43383.0,43447.0,65,65,-1.3108105468749898,0.1230511683608288,81.0,-1.6,False
2024|source=data202404.csv|line=36|event=48|station=41011,41011,20240417,2024,3,43916.0,46856.0,2941,2941,-1.867320312500027,0.1089934233332731,81.0,-1.6,False
2024|source=data202404.csv|line=36|event=49|station=41011,41011,20240417,2024,1,47738.0,49106.0,1369,1369,2.220000000000028,0.1188549062603887,25.0,1.6,False
2024|source=data202404.csv|line=36|event=50|station=41011,41011,20240417,2024,1,49719.0,50760.0,1042,1042,1.9947754777070368,0.1116486663286583,48.0,1.6,False
2024|source=data202404.csv|line=36|event=50|station=41011,41011,20240417,2024,2,51118.0,52552.0,1435,1435,1.7384872611465028,0.1030233963742608,48.0,1.6,False
2024|source=data202404.csv|line=36|event=52|station=41011,41011,20240417,2024,1,53805.0,54349.0,545,545,1.9374421641790889,0.0867993007373289,85.0,1.6,False
2024|source=data202404.csv|line=36|event=52|station=41011,41011,20240417,2024,2,54717.0,57962.0,3246,3246,1.942773320895526,0.1188053990655667,85.0,1.6,False
2024|source=data202404.csv|line=36|event=52|station=41011,41011,20240417,2024,3,58330.0,58796.0,467,467,1.7521473880597114,0.10171487475879,85.0,1.6,False
2024|source=data202404.csv|line=36|event=54|station=41011,41011,20240417,2024,1,60226.0,61548.0,1323,1323,-1.958250000000021,0.1279580542505873,72.0,-1.6,False
2024|source=data202404.csv|line=36|event=54|station=41011,41011,20240417,2024,2,61916.0,64299.0,2384,2384,-1.7873922413793082,0.1323864316528362,72.0,-1.6,False
2024|source=data202404.csv|line=36|event=55|station=41011,41011,20240417,2024,1,64787.0,64874.0,88,88,1.8499999999999943,0.1008566559579708,3.0,1.6,False
2024|source=data202404.csv|line=36|event=48|station=42005,42005,20240417,2024,1,42172.0,46764.0,4593,4593,-5.510613281250002,0.3042201539560767,81.0,-7.2,True
2024|source=data202404.csv|line=36|event=49|station=42005,42005,20240417,2024,1,48020.0,49050.0,1031,1031,10.310000000000002,0.1978104142084678,25.0,7.4,True
2024|source=data202404.csv|line=36|event=50|station=42005,42005,20240417,2024,1,49921.0,52420.0,2500,2500,6.763277866242042,0.3879590277699248,48.0,7.4,True
2024|source=data202404.csv|line=36|event=51|station=42005,42005,20240417,2024,1,52972.0,53040.0,69,69,3.344999999999999,0.0514251141849241,2.0,6.9,True
2024|source=data202404.csv|line=36|event=52|station=42005,42005,20240417,2024,1,54044.0,58598.0,4555,4555,7.276168843283585,0.4366531349740413,85.0,7.3,True
2024|source=data202404.csv|line=36|event=54|station=42005,42005,20240417,2024,1,60344.0,64263.0,3920,3920,-7.249790948275866,0.3479638097842723,72.0,-7.4,True
2024|source=data202404.csv|line=36|event=56|station=42005,42005,20240417,2024,1,65675.0,68068.0,2394,2394,7.0204792993630605,0.3320476439821561,48.0,7.4,True
2024|source=data202404.csv|line=36|event=48|station=50008,50008,20240417,2024,1,41998.0,46852.0,4855,4855,-3.8524902343750007,0.2417550915309543,81.0,-4.2,True
2024|source=data202404.csv|line=36|event=49|station=50008,50008,20240417,2024,1,47663.0,49111.0,1449,1449,5.259999999999998,0.1458978742033246,25.0,4.3,True
2024|source=data202404.csv|line=36|event=50|station=50008,50008,20240417,2024,1,49700.0,52547.0,2848,2848,4.423517515923567,0.1613143286982219,48.0,4.3,True
2024|source=data202404.csv|line=36|event=51|station=50008,50008,20240417,2024,1,52975.0,53040.0,66,66,3.9350000000000014,0.0464857008358036,2.0,4.0,True
2024|source=data202404.csv|line=36|event=52|station=50008,50008,20240417,2024,1,53784.0,58795.0,5012,5012,4.843240205223879,0.4945045420594359,85.0,4.3,True
2024|source=data202404.csv|line=36|event=54|station=50008,50008,20240417,2024,1,60161.0,64384.0,4224,4224,-4.145721982758619,0.1994723312199425,72.0,-4.3,True
2024|source=data202404.csv|line=36|event=55|station=50008,50008,20240417,2024,1,64775.0,64870.0,96,96,4.465000000000003,0.0615646561731165,3.0,4.3,True
2024|source=data202404.csv|line=36|event=56|station=50008,50008,20240417,2024,1,65423.0,68207.0,2785,2785,4.7569904458598735,0.1894457489695913,48.0,4.3,True
2024|source=data202404.csv|line=36|event=48|station=50009,50009,20240417,2024,1,42022.0,46853.0,4832,4832,-2.2981201171874943,0.1794396749440939,81.0,-2.2,False
2024|source=data202404.csv|line=36|event=49|station=50009,50009,20240417,2024,1,47813.0,49084.0,1272,1272,3.4099999999999966,0.0745772907859218,25.0,2.3,False
2024|source=data202404.csv|line=36|event=50|station=50009,50009,20240417,2024,1,49725.0,52548.0,2824,2824,2.861592356687936,0.1668865234730766,48.0,2.3,False
2024|source=data202404.csv|line=36|event=52|station=50009,50009,20240417,2024,1,53841.0,58774.0,4934,4934,3.0370848880596952,0.328830126983075,85.0,2.3,False
2024|source=data202404.csv|line=36|event=54|station=50009,50009,20240417,2024,1,60211.0,64380.0,4170,4170,-2.629608836206927,0.1659606135950445,72.0,-2.3,False
2024|source=data202404.csv|line=36|event=55|station=50009,50009,20240417,2024,1,64805.0,64873.0,69,69,2.8300000000000125,0.0571953861973123,3.0,2.3,False
2024|source=data202404.csv|line=36|event=56|station=50009,50009,20240417,2024,1,65469.0,68189.0,2721,2721,3.006254777070069,0.1419608636454051,48.0,2.3,False
2024|source=data202404.csv|line=36|event=48|station=50023,50023,20240417,2024,1,42036.0,46851.0,4816,4816,-11.791249023437558,0.274840449005034,81.0,-11.5,True
2024|source=data202404.csv|line=36|event=49|station=50023,50023,20240417,2024,1,47703.0,49109.0,1407,1407,13.349999999999966,0.1493422941805162,25.0,11.9,True
2024|source=data202404.csv|line=36|event=50|station=50023,50023,20240417,2024,1,49733.0,52547.0,2815,2815,12.463869426751614,0.1696501559987883,48.0,11.8,True
2024|source=data202404.csv|line=36|event=54|station=50023,50023,20240417,2024,1,60182.0,64383.0,4202,4202,-12.163755387931076,0.2253038019147895,72.0,-11.9,True
2024|source=data202404.csv|line=36|event=55|station=50023,50023,20240417,2024,1,64811.0,64870.0,60,60,12.414999999999964,0.0465407676352943,3.0,11.8,True
2024|source=data202404.csv|line=36|event=56|station=50023,50023,20240417,2024,1,65448.0,68207.0,2760,2760,12.865155254777108,0.2439446047329348,48.0,11.8,True
2024|source=data202404.csv|line=36|event=52|station=51020,51020,20240417,2024,1,54228.0,54327.0,100,100,0.8528078358208901,0.0389109785847826,85.0,0.5,False
2024|source=data202404.csv|line=36|event=52|station=51020,51020,20240417,2024,2,54686.0,57934.0,3249,3249,1.2164925373134352,0.2582381395818856,85.0,0.5,False
2024|source=data202404.csv|line=36|event=52|station=51020,51020,20240417,2024,3,58302.0,58440.0,139,139,0.6390111940298553,0.0487292086132173,85.0,0.5,False
2024|source=data202404.csv|line=36|event=49|station=51105,51105,20240417,2024,1,48067.0,49160.0,1094,1094,0.9599999999999936,0.0569425228709778,25.0,0.5,False
2024|source=data202404.csv|line=36|event=54|station=51105,51105,20240417,2024,1,60308.0,64276.0,3969,3969,-0.6672047413793223,0.0523139186567172,72.0,-0.5,False
2024|source=data202404.csv|line=36|event=56|station=51105,51105,20240417,2024,1,65459.0,68239.0,2781,2781,0.3276942675159233,0.0918798246795185,48.0,0.5,False
2024|source=data202404.csv|line=36|event=52|station=51224,51224,20240417,2024,1,54160.0,58440.0,4281,4281,0.904011194029863,0.2910152734996367,85.0,0.5,False
2024|source=data202404.csv|line=36|event=55|station=51224,51224,20240417,2024,1,64828.0,64963.0,136,136,0.4900000000000091,0.0690828515205486,3.0,0.5,False
2024|source=data202404.csv|line=36|event=57|station=31002,31002,20240418,2024,1,57017.0,57161.0,145,145,1.5891664959016223,0.3459681023318233,316.0,0.9,False
2024|source=data202404.csv|line=36|event=57|station=31002,31002,20240418,2024,2,57179.0,66420.0,9242,9242,0.803425461065558,0.209816410301395,316.0,0.9,False
2024|source=data202404.csv|line=36|event=57|station=32001,32001,20240418,2024,1,47484.0,49959.0,2476,2476,16.558639600409837,0.1069643119281688,316.0,16.4,True
2024|source=data202404.csv|line=36|event=57|station=32001,32001,20240418,2024,2,49969.0,50555.0,587,587,16.67738524590164,0.1601105109358405,316.0,16.4,True
2024|source=data202404.csv|line=36|event=57|station=32001,32001,20240418,2024,3,50561.0,51209.0,649,649,16.598127561475412,0.1275459417129445,316.0,16.4,True
2024|source=data202404.csv|line=36|event=57|station=32001,32001,20240418,2024,4,51219.0,51859.0,641,641,16.595423668032787,0.123744869949361,316.0,16.4,True
2024|source=data202404.csv|line=36|event=57|station=32001,32001,20240418,2024,5,51897.0,53556.0,1660,1660,16.773411629098362,0.1268169232419678,316.0,16.4,True
2024|source=data202404.csv|line=36|event=57|station=32001,32001,20240418,2024,6,53586.0,59715.0,6130,6130,17.107188268442624,0.0987062549392622,316.0,16.4,True
2024|source=data202404.csv|line=36|event=57|station=32001,32001,20240418,2024,7,59782.0,66399.0,6618,6618,16.781266137295084,0.0910026219183956,316.0,16.4,True
2024|source=data202404.csv|line=36|event=57|station=32011,32011,20240418,2024,1,47488.0,59719.0,12232,12232,11.245518058401643,0.127383974942695,316.0,10.5,True
2024|source=data202404.csv|line=36|event=57|station=32011,32011,20240418,2024,2,59783.0,66399.0,6617,6617,10.992683145491805,0.1187348926684083,316.0,10.5,True
2024|source=data202404.csv|line=36|event=57|station=32019,32019,20240418,2024,1,47598.0,48553.0,956,956,-1.4704674692622746,0.0943654691090233,316.0,-1.2,False
2024|source=data202404.csv|line=36|event=57|station=32019,32019,20240418,2024,2,48568.0,50730.0,2163,2163,-1.3276562499999898,0.1427822823208377,316.0,-1.2,False
2024|source=data202404.csv|line=36|event=57|station=32019,32019,20240418,2024,3,51198.0,54329.0,3132,3132,-0.9687871413934204,0.1017464621331915,316.0,-1.2,False
2024|source=data202404.csv|line=36|event=57|station=32019,32019,20240418,2024,4,54789.0,57940.0,3152,3152,-0.8285181864754065,0.1092110829336237,316.0,-1.2,False
2024|source=data202404.csv|line=36|event=57|station=32019,32019,20240418,2024,5,58413.0,61532.0,3120,3120,-0.898948514344255,0.0693096352760294,316.0,-1.2,False
2024|source=data202404.csv|line=36|event=57|station=32019,32019,20240418,2024,6,61991.0,65125.0,3135,3135,-1.2371311475409923,0.0472499688621174,316.0,-1.2,False
2024|source=data202404.csv|line=36|event=57|station=32019,32019,20240418,2024,7,65591.0,66426.0,836,836,-1.5419300717213105,0.0444393848531929,316.0,-1.2,False
2024|source=data202404.csv|line=36|event=57|station=41004,41004,20240418,2024,1,47499.0,48601.0,1103,1103,-2.3375256147540995,0.0940657965622936,316.0,-2.3,False
2024|source=data202404.csv|line=36|event=57|station=41004,41004,20240418,2024,2,48659.0,66400.0,17742,17742,-1.708944287909837,0.2711341577468101,316.0,-2.3,False
2024|source=data202404.csv|line=36|event=57|station=42005,42005,20240418,2024,1,47729.0,66312.0,18584,18584,-8.174206711065573,0.2584165277474038,316.0,-7.4,True
2024|source=data202404.csv|line=36|event=57|station=50008,50008,20240418,2024,1,47482.0,66367.0,18886,18886,-4.884758709016392,0.2786425614310772,316.0,-4.3,True
2024|source=data202404.csv|line=36|event=57|station=50009,50009,20240418,2024,1,47545.0,60241.0,12697,12697,-3.318768954918028,0.1975559307090102,316.0,-2.3,False
2024|source=data202404.csv|line=36|event=57|station=50009,50009,20240418,2024,2,60422.0,66397.0,5976,5976,-2.8914602971311467,0.1315325935755891,316.0,-2.3,False
2024|source=data202404.csv|line=36|event=57|station=50023,50023,20240418,2024,1,47532.0,59718.0,12187,12187,-13.126224385245903,0.2849389061367186,316.0,-11.9,True
2024|source=data202404.csv|line=36|event=57|station=50023,50023,20240418,2024,2,59783.0,66331.0,6549,6549,-12.694806352459068,0.2033212457878957,316.0,-11.9,True
2024|source=data202404.csv|line=4|event=58|station=32001,32001,20240420,2024,1,71883.0,73918.0,2036,2036,21.14423943661972,0.065099384060303,43.0,20.2,True
2024|source=data202404.csv|line=4|event=58|station=32011,32011,20240420,2024,1,71892.0,73913.0,2022,2022,21.83429577464789,0.0957929664617339,43.0,21.0,True
2024|source=data202404.csv|line=4|event=58|station=32019,32019,20240420,2024,1,71912.0,72328.0,417,417,-3.264753521126749,0.0691889076633645,43.0,-2.9,False
2024|source=data202404.csv|line=4|event=58|station=32019,32019,20240420,2024,2,72802.0,73918.0,1117,1117,-3.1496830985915665,0.0537218845408903,43.0,-2.9,False
2024|source=data202404.csv|line=4|event=58|station=41004,41004,20240420,2024,1,71890.0,73926.0,2037,2037,-2.752749999999999,0.0860548593299948,43.0,-2.5,False
2024|source=data202404.csv|line=4|event=58|station=41011,41011,20240420,2024,1,71930.0,72360.0,431,431,-3.198257042253516,0.124926185356521,43.0,-3.2,True
2024|source=data202404.csv|line=4|event=58|station=41011,41011,20240420,2024,2,72718.0,73233.0,516,516,-3.165149647887347,0.0878169771128988,43.0,-3.2,True
2024|source=data202404.csv|line=4|event=58|station=41011,41011,20240420,2024,3,73313.0,73665.0,353,353,-3.1899471830985817,0.1032260849860702,43.0,-3.2,True
2024|source=data202404.csv|line=4|event=58|station=41011,41011,20240420,2024,4,73667.0,73943.0,277,277,-3.162130281690139,0.1293315519399743,43.0,-3.2,True
2024|source=data202404.csv|line=11|event=9|station=44003,44003,20240421,2024,1,75282.0,79073.0,3792,3792,1.807452606633888,0.4365574546706575,64.0,2.8,False
2024|source=data202404.csv|line=11|event=9|station=45008,45008,20240421,2024,1,75379.0,76408.0,1030,1030,-3.067944905211334,0.0910467273367964,64.0,-2.7,False
2024|source=data202404.csv|line=11|event=9|station=45008,45008,20240421,2024,2,76421.0,79048.0,2628,2628,-3.5308039099509188,0.256089869017127,64.0,-2.7,False
2024|source=data202404.csv|line=5|event=60|station=32001,32001,20240422,2024,1,39782.0,40689.0,908,908,13.750446682464451,0.0913353604750208,65.0,13.3,True
2024|source=data202404.csv|line=5|event=60|station=32001,32001,20240422,2024,2,40701.0,42753.0,2053,2053,13.8605663507109,0.1310869475043962,65.0,13.3,True
2024|source=data202404.csv|line=5|event=60|station=32011,32011,20240422,2024,1,39757.0,42756.0,3000,3000,15.03744609004739,0.2040592272795046,65.0,14.0,True
2024|source=data202404.csv|line=5|event=60|station=32019,32019,20240422,2024,1,40396.0,41938.0,1543,1543,3.4221232227488088,0.0967832186496741,65.0,2.8,False
2024|source=data202404.csv|line=5|event=60|station=32019,32019,20240422,2024,2,41946.0,42705.0,760,760,3.260507109004777,0.1339705953402797,65.0,2.8,False
2024|source=data202404.csv|line=5|event=60|station=41004,41004,20240422,2024,1,39759.0,41566.0,1808,1808,3.4320556872037926,0.1198473906464824,65.0,3.1,True
2024|source=data202404.csv|line=5|event=60|station=41004,41004,20240422,2024,2,41651.0,42793.0,1143,1143,3.762748815165878,0.1072071222864474,65.0,3.1,True
2024|source=data202404.csv|line=5|event=60|station=41011,41011,20240422,2024,1,39776.0,39967.0,192,192,3.711802725118503,0.0807417631286166,65.0,4.1,True
2024|source=data202404.csv|line=5|event=60|station=41011,41011,20240422,2024,2,40325.0,42773.0,2449,2449,4.051254739336514,0.1270871398835318,65.0,4.1,True
2024|source=data202404.csv|line=11|event=10|station=44003,44003,20240422,2024,1,70704.0,74348.0,3645,3645,2.882060301508318,0.0811283644691557,61.0,2.7,False
2024|source=data202404.csv|line=11|event=10|station=45008,45008,20240422,2024,1,70760.0,71242.0,483,483,-2.5190075376885943,0.0989693046996433,61.0,-2.5,False
2024|source=data202404.csv|line=11|event=10|station=45008,45008,20240422,2024,2,71303.0,74359.0,3057,3057,-2.332097989950853,0.1158589501466651,61.0,-2.5,False
2024|source=data202404.csv|line=11|event=10|station=53095,53095,20240422,2024,1,70696.0,74348.0,3653,3653,1.0247537688442208,0.192323929514277,61.0,0.9,False
2024|source=data202404.csv|line=4|event=59|station=32001,32001,20240423,2024,1,63076.0,65371.0,2296,2296,28.75506866197184,0.0547619409717966,40.0,27.6,True
2024|source=data202404.csv|line=5|event=61|station=32001,32001,20240423,2024,1,38180.0,40615.0,2436,2436,14.198137237762236,0.1677347684512522,230.0,13.4,True
2024|source=data202404.csv|line=5|event=61|station=32001,32001,20240423,2024,2,40618.0,40689.0,72,72,13.335065909090908,0.1362057187533092,230.0,13.4,True
2024|source=data202404.csv|line=4|event=59|station=32011,32011,20240423,2024,1,63042.0,65371.0,2330,2330,29.71528785211268,0.0882269651663819,40.0,28.7,True
2024|source=data202404.csv|line=5|event=61|station=32011,32011,20240423,2024,1,27054.0,27978.0,925,925,15.192916083916083,0.1235201693870099,230.0,14.1,True
2024|source=data202404.csv|line=5|event=61|station=32011,32011,20240423,2024,2,27986.0,28395.0,410,410,15.871335664335668,0.0805912583413715,230.0,14.1,True
2024|source=data202404.csv|line=5|event=61|station=32011,32011,20240423,2024,3,28463.0,29371.0,909,909,16.346846153846155,0.1712208351332005,230.0,14.1,True
2024|source=data202404.csv|line=5|event=61|station=32011,32011,20240423,2024,4,29494.0,30114.0,621,621,17.164916083916083,0.118261041442566,230.0,14.1,True
2024|source=data202404.csv|line=5|event=61|station=32011,32011,20240423,2024,5,30119.0,30436.0,318,318,18.224195804195805,0.10939078413782,230.0,14.1,True
2024|source=data202404.csv|line=5|event=61|station=32011,32011,20240423,2024,6,30465.0,32992.0,2528,2528,19.216867132867133,0.1492866588442168,230.0,14.1,True
2024|source=data202404.csv|line=5|event=61|station=32011,32011,20240423,2024,7,33024.0,33451.0,428,428,20.24167832167832,0.1222435211175628,230.0,14.1,True
2024|source=data202404.csv|line=5|event=61|station=32011,32011,20240423,2024,8,33493.0,33777.0,285,285,20.523671328671327,0.0872228857846335,230.0,14.1,True
2024|source=data202404.csv|line=5|event=61|station=32011,32011,20240423,2024,9,33841.0,35918.0,2078,2078,21.37674125874126,0.2612913698046689,230.0,14.1,True
2024|source=data202404.csv|line=5|event=61|station=32011,32011,20240423,2024,10,35943.0,40698.0,4756,4756,16.837314685314684,0.3216516743436344,230.0,14.1,True
2024|source=data202404.csv|line=4|event=59|station=32019,32019,20240423,2024,1,63107.0,65132.0,2026,2026,-4.334802816901373,0.0673971507657916,40.0,-4.0,True
2024|source=data202404.csv|line=5|event=61|station=32019,32019,20240423,2024,1,27720.0,28608.0,889,889,4.097306293706296,0.1005512720710918,230.0,2.8,False
2024|source=data202404.csv|line=5|event=61|station=32019,32019,20240423,2024,2,28629.0,29123.0,495,495,5.536176223776238,0.1248821445953929,230.0,2.8,False
2024|source=data202404.csv|line=5|event=61|station=32019,32019,20240423,2024,3,29597.0,32731.0,3135,3135,7.207376223776208,0.1671002673928134,230.0,2.8,False
2024|source=data202404.csv|line=5|event=61|station=32019,32019,20240423,2024,4,32862.0,32922.0,61,61,7.564296503496479,0.1291206670730746,230.0,2.8,False
2024|source=data202404.csv|line=5|event=61|station=32019,32019,20240423,2024,5,33215.0,35066.0,1852,1852,8.439927272727289,0.1358070452120337,230.0,2.8,False
2024|source=data202404.csv|line=5|event=61|station=32019,32019,20240423,2024,6,35079.0,35989.0,911,911,8.47684475524477,0.1171246707536696,230.0,2.8,False
2024|source=data202404.csv|line=5|event=61|station=32019,32019,20240423,2024,7,36005.0,36322.0,318,318,8.054637762237775,0.1421649375512532,230.0,2.8,False
2024|source=data202404.csv|line=5|event=61|station=32019,32019,20240423,2024,8,36806.0,39913.0,3108,3108,4.843848951048955,0.1333405082679503,230.0,2.8,False
2024|source=data202404.csv|line=4|event=59|station=41004,41004,20240423,2024,1,63059.0,65381.0,2323,2323,-3.935246478873239,0.0840778788966436,40.0,-3.4,True
2024|source=data202404.csv|line=5|event=61|station=41004,41004,20240423,2024,1,27720.0,28173.0,454,454,1.9506143356643408,0.1164839057280726,230.0,3.1,True
2024|source=data202404.csv|line=5|event=61|station=41004,41004,20240423,2024,2,28175.0,28753.0,579,579,2.2702699300699294,0.0719602226389567,230.0,3.1,True
2024|source=data202404.csv|line=5|event=61|station=41004,41004,20240423,2024,3,28819.0,29721.0,903,903,2.5078881118881142,0.104605684866873,230.0,3.1,True
2024|source=data202404.csv|line=5|event=61|station=41004,41004,20240423,2024,4,29798.0,30093.0,296,296,2.521419230769233,0.0862724859480223,230.0,3.1,True
2024|source=data202404.csv|line=5|event=61|station=41004,41004,20240423,2024,5,30152.0,30850.0,699,699,3.3931461538461605,0.0949202724773966,230.0,3.1,True
2024|source=data202404.csv|line=5|event=61|station=41004,41004,20240423,2024,6,30861.0,31738.0,878,878,4.816276573426578,0.0745931734800016,230.0,3.1,True
2024|source=data202404.csv|line=5|event=61|station=41004,41004,20240423,2024,7,31799.0,33438.0,1640,1640,5.636857692307693,0.1792960853492016,230.0,3.1,True
2024|source=data202404.csv|line=5|event=61|station=41004,41004,20240423,2024,8,33494.0,34372.0,879,879,7.310746153846154,0.0994448220148382,230.0,3.1,True
2024|source=data202404.csv|line=5|event=61|station=41004,41004,20240423,2024,9,34389.0,34590.0,202,202,7.601738111888117,0.1172295182477725,230.0,3.1,True
2024|source=data202404.csv|line=5|event=61|station=41004,41004,20240423,2024,10,34659.0,35555.0,897,897,7.857897202797197,0.1067622939830849,230.0,3.1,True
2024|source=data202404.csv|line=5|event=61|station=41004,41004,20240423,2024,11,35617.0,35697.0,81,81,7.973666433566436,0.1601068728313719,230.0,3.1,True
2024|source=data202404.csv|line=5|event=61|station=41004,41004,20240423,2024,12,35753.0,37266.0,1514,1514,7.827108741258741,0.0958608449835519,230.0,3.1,True
2024|source=data202404.csv|line=5|event=61|station=41004,41004,20240423,2024,13,37327.0,38412.0,1086,1086,6.822556293706292,0.1119826823467449,230.0,3.1,True
2024|source=data202404.csv|line=5|event=61|station=41004,41004,20240423,2024,14,38470.0,40364.0,1895,1895,5.0801979020979005,0.1000351088693352,230.0,3.1,True
2024|source=data202404.csv|line=5|event=61|station=41011,41011,20240423,2024,1,27720.0,29038.0,1319,1319,3.308320979021005,0.1474682936543822,230.0,4.2,True
2024|source=data202404.csv|line=5|event=61|station=41011,41011,20240423,2024,2,29044.0,29178.0,135,135,3.5699237762237885,0.130151467316868,230.0,4.2,True
2024|source=data202404.csv|line=5|event=61|station=41011,41011,20240423,2024,3,29536.0,29912.0,377,377,3.628806993007004,0.1172245642679723,230.0,4.2,True
2024|source=data202404.csv|line=5|event=61|station=41011,41011,20240423,2024,4,30006.0,30734.0,729,729,4.370713286713311,0.1890856037394135,230.0,4.2,True
2024|source=data202404.csv|line=5|event=61|station=41011,41011,20240423,2024,5,30764.0,30895.0,132,132,4.955080069930091,0.148677195268169,230.0,4.2,True
2024|source=data202404.csv|line=5|event=61|station=41011,41011,20240423,2024,6,30925.0,30994.0,70,70,5.178807342657365,0.1517796454554606,230.0,4.2,True
2024|source=data202404.csv|line=5|event=61|station=41011,41011,20240423,2024,7,31022.0,31603.0,582,582,5.905236013985984,0.1768611179963312,230.0,4.2,True
2024|source=data202404.csv|line=5|event=61|station=41011,41011,20240423,2024,8,31638.0,31913.0,276,276,6.361741608391611,0.1493047931348036,230.0,4.2,True
2024|source=data202404.csv|line=5|event=61|station=41011,41011,20240423,2024,9,31935.0,32779.0,845,845,7.1863755244755225,0.1323133270084946,230.0,4.2,True
2024|source=data202404.csv|line=5|event=61|station=41011,41011,20240423,2024,10,33157.0,33655.0,499,499,8.21883636363637,0.12494327364736,230.0,4.2,True
2024|source=data202404.csv|line=5|event=61|station=41011,41011,20240423,2024,11,33713.0,34005.0,293,293,8.408516783216783,0.151692694398238,230.0,4.2,True
2024|source=data202404.csv|line=5|event=61|station=41011,41011,20240423,2024,12,34018.0,34093.0,76,76,8.46788146853146,0.1613072477804236,230.0,4.2,True
2024|source=data202404.csv|line=5|event=61|station=41011,41011,20240423,2024,13,34121.0,34586.0,466,466,8.614271678321671,0.1308337428448919,230.0,4.2,True
2024|source=data202404.csv|line=5|event=61|station=41011,41011,20240423,2024,14,34627.0,34980.0,354,354,8.746404545454567,0.1430523176547074,230.0,4.2,True
2024|source=data202404.csv|line=5|event=61|station=41011,41011,20240423,2024,15,35099.0,35983.0,885,885,8.81351118881119,0.1422545502135054,230.0,4.2,True
2024|source=data202404.csv|line=5|event=61|station=41011,41011,20240423,2024,16,36040.0,36369.0,330,330,8.66111153846154,0.1069527190536174,230.0,4.2,True
2024|source=data202404.csv|line=5|event=61|station=41011,41011,20240423,2024,17,36737.0,39203.0,2467,2467,7.15784615384618,0.1705956314856409,230.0,4.2,True
2024|source=data202404.csv|line=5|event=61|station=41011,41011,20240423,2024,18,39212.0,39591.0,380,380,5.127619930069926,0.1278862291533793,230.0,4.2,True
2024|source=data202404.csv|line=5|event=61|station=41011,41011,20240423,2024,19,39647.0,39970.0,324,324,4.714904545454573,0.1162862689001019,230.0,4.2,True
2024|source=data202404.csv|line=11|event=11|station=44003,44003,20240425,2024,1,58661.0,68895.0,10235,10235,-1.9068936495787057,0.240550147962134,171.56666666666666,-1.8,False
2024|source=data202404.csv|line=11|event=11|station=45008,45008,20240425,2024,1,58734.0,68893.0,10160,10160,1.3590651300728496,0.1201938528272414,171.56666666666666,1.7,False
2024|source=data202404.csv|line=1|event=6|station=41006,41006,20240428,2024,1,39448.0,41150.0,1703,1703,0.4300000000000068,0.1156809606571837,30.0,0.5,False
2024|source=data202404.csv|line=1|event=7|station=41006,41006,20240428,2024,1,42048.0,42542.0,495,495,-0.6650000000000205,0.0832828658025516,16.0,-0.5,False
2024|source=data202404.csv|line=1|event=8|station=41006,41006,20240428,2024,1,43404.0,45684.0,2281,2281,-0.4938602941176384,0.1389650239681025,41.0,-0.4,False
2024|source=data202404.csv|line=1|event=1|station=61004,61004,20240428,2024,1,12387.0,14040.0,1654,1654,-0.8318379310344834,0.1728437565904132,44.0,-0.4,False
2024|source=data202404.csv|line=1|event=2|station=61004,61004,20240428,2024,1,16905.0,19380.0,2476,2476,-1.4339866863905328,0.1700808767819674,52.0,-0.4,False
2024|source=data202404.csv|line=1|event=3|station=61004,61004,20240428,2024,1,21797.0,25182.0,3386,3386,0.7994986842105254,0.2191241156917123,59.0,0.5,False
2024|source=data202404.csv|line=1|event=4|station=61004,61004,20240428,2024,1,27371.0,30598.0,3228,3228,0.5443525280898878,0.1668252259393883,56.0,0.3,False
2024|source=data202404.csv|line=1|event=5|station=61004,61004,20240428,2024,1,38221.0,38912.0,692,692,-1.1049999999999995,0.0953279437486257,16.0,-1.1,False
2024|source=data202404.csv|line=1|event=6|station=61004,61004,20240428,2024,1,39821.0,41202.0,1382,1382,-1.6900000000000004,0.1134087163437868,30.0,-1.0,False
2024|source=data202404.csv|line=1|event=7|station=61004,61004,20240428,2024,1,42095.0,42753.0,659,659,1.3999999999999997,0.1434883110707704,16.0,1.0,False
2024|source=data202404.csv|line=1|event=8|station=61004,61004,20240428,2024,1,43492.0,45658.0,2167,2167,1.3121874999999994,0.122186387867516,41.0,0.9,False
2024|source=data202404.csv|line=34|event=45|station=41004,41004,20240429,2024,1,61026.0,65371.0,4346,4346,10.266016163793113,0.1227967236282444,73.0,10.1,True
2024|source=data202404.csv|line=34|event=45|station=41008,41008,20240429,2024,1,61193.0,61355.0,163,163,-1.386689655172411,0.1493094426575511,73.0,-1.0,False
2024|source=data202404.csv|line=34|event=45|station=41008,41008,20240429,2024,2,61547.0,61782.0,236,236,-0.9933232758620676,0.260682663765188,73.0,-1.0,False
2024|source=data202404.csv|line=34|event=45|station=41008,41008,20240429,2024,3,61848.0,62016.0,169,169,-0.2210172413793145,0.1428234288872844,73.0,-1.0,False
2024|source=data202404.csv|line=34|event=45|station=41008,41008,20240429,2024,4,62030.0,62401.0,372,372,-1.1285732758620668,0.2908424698115575,73.0,-1.0,False
2024|source=data202404.csv|line=34|event=45|station=41008,41008,20240429,2024,5,62483.0,62575.0,93,93,-1.0358706896551766,0.1754237509682411,73.0,-1.0,False
2024|source=data202404.csv|line=34|event=45|station=41008,41008,20240429,2024,6,62677.0,62745.0,69,69,-0.7143017241379326,0.182947969840629,73.0,-1.0,False
2024|source=data202404.csv|line=34|event=45|station=41008,41008,20240429,2024,7,62935.0,62998.0,64,64,-0.6220991379310377,0.1451699288776546,73.0,-1.0,False
2024|source=data202404.csv|line=34|event=45|station=41008,41008,20240429,2024,8,63062.0,63210.0,149,149,-0.9106379310344864,0.1559505560886241,73.0,-1.0,False
2024|source=data202404.csv|line=34|event=45|station=41008,41008,20240429,2024,9,63290.0,63392.0,103,103,-0.9188706896551792,0.121831792474765,73.0,-1.0,False
2024|source=data202404.csv|line=34|event=45|station=41008,41008,20240429,2024,10,63595.0,63701.0,107,107,-1.0262241379310382,0.1892608311900522,73.0,-1.0,False
2024|source=data202404.csv|line=34|event=45|station=41008,41008,20240429,2024,11,63717.0,63792.0,76,76,-0.9953060344827592,0.1722340225724759,73.0,-1.0,False
2024|source=data202404.csv|line=34|event=45|station=41008,41008,20240429,2024,12,64130.0,64286.0,157,157,-1.6313965517241442,0.1605790849527229,73.0,-1.0,False
2024|source=data202404.csv|line=34|event=45|station=41008,41008,20240429,2024,13,64347.0,64603.0,257,257,-1.7890948275862044,0.1782147521860469,73.0,-1.0,False
2024|source=data202404.csv|line=34|event=45|station=41008,41008,20240429,2024,14,64626.0,64750.0,125,125,-1.967258620689656,0.1656784956997354,73.0,-1.0,False
2024|source=data202404.csv|line=34|event=45|station=61004,61004,20240429,2024,1,61112.0,65315.0,4204,4204,-1.5946454741379306,0.2741205771806371,73.0,-1.9,False
2024|source=data202404.csv|line=3|event=26|station=32001,32001,20240430,2024,1,5668.0,6370.0,703,703,-4.52,0.1375510288114322,22.0,-1.5,False
2024|source=data202404.csv|line=3|event=27|station=32001,32001,20240430,2024,1,8528.0,8596.0,69,69,-3.695811214953274,0.1113071591393073,175.0,-1.5,False
2024|source=data202404.csv|line=3|event=27|station=32001,32001,20240430,2024,2,8622.0,8793.0,172,172,-4.326668224299063,0.0997288988248244,175.0,-1.5,False
2024|source=data202404.csv|line=3|event=27|station=32001,32001,20240430,2024,3,8806.0,8973.0,168,168,-4.970283177570096,0.1176228736270144,175.0,-1.5,False
2024|source=data202404.csv|line=3|event=27|station=32001,32001,20240430,2024,4,8980.0,9169.0,190,190,-5.554946728971963,0.1040823577994654,175.0,-1.5,False
2024|source=data202404.csv|line=3|event=27|station=32001,32001,20240430,2024,5,9203.0,9604.0,402,402,-6.489942990654207,0.1534166496494432,175.0,-1.5,False
2024|source=data202404.csv|line=3|event=27|station=32001,32001,20240430,2024,6,9628.0,9837.0,210,210,-7.37493925233645,0.148026852501945,175.0,-1.5,False
2024|source=data202404.csv|line=3|event=28|station=32001,32001,20240430,2024,1,19090.0,19479.0,390,390,2.075751179245284,0.1377601410207291,31.0,1.6,False
2024|source=data202404.csv|line=3|event=28|station=32001,32001,20240430,2024,2,19506.0,19993.0,488,488,2.100715801886796,0.1167715272939529,31.0,1.6,False
2024|source=data202404.csv|line=3|event=28|station=32001,32001,20240430,2024,3,20022.0,20636.0,615,615,1.6077523584905684,0.1373149429172548,31.0,1.6,False
2024|source=data202404.csv|line=3|event=29|station=32001,32001,20240430,2024,1,23142.0,23291.0,150,150,-2.05144326923077,0.0976341141741913,39.0,-2.4,False
2024|source=data202404.csv|line=3|event=29|station=32001,32001,20240430,2024,2,23295.0,25426.0,2132,2132,-1.9068432692307693,0.1422910546787848,39.0,-2.4,False
2024|source=data202404.csv|line=3|event=30|station=32001,32001,20240430,2024,1,25973.0,27224.0,1252,1252,-2.1704277522935778,0.1364043402428332,32.0,-2.4,False
2024|source=data202404.csv|line=3|event=30|station=32001,32001,20240430,2024,2,27239.0,27805.0,567,567,-2.1124036697247712,0.1234679725730132,32.0,-2.4,False
2024|source=data202404.csv|line=3|event=31|station=32001,32001,20240430,2024,1,28656.0,30007.0,1352,1352,1.834999999999999,0.1466839852892435,24.0,2.3,False
2024|source=data202404.csv|line=3|event=32|station=32001,32001,20240430,2024,1,30703.0,33997.0,3295,3295,1.837900552486188,0.2014722499317538,56.0,2.4,False
2024|source=data202404.csv|line=3|event=34|station=32001,32001,20240430,2024,1,59390.0,60121.0,732,732,1.5099999999999998,0.0848850538683127,14.0,1.6,False
2024|source=data202404.csv|line=3|event=35|station=32001,32001,20240430,2024,1,61167.0,66310.0,5144,5144,1.641432761732851,0.1704299846952721,87.0,1.6,False
2024|source=data202404.csv|line=3|event=26|station=32011,32011,20240430,2024,1,5634.0,6015.0,382,382,-4.08,0.1694846847673579,22.0,-1.6,False
2024|source=data202404.csv|line=3|event=26|station=32011,32011,20240430,2024,2,6037.0,6155.0,119,119,-4.93,0.058604921429205,22.0,-1.6,False
2024|source=data202404.csv|line=3|event=26|station=32011,32011,20240430,2024,3,6175.0,6267.0,93,93,-5.430000000000001,0.1065795964609707,22.0,-1.6,False
2024|source=data202404.csv|line=3|event=26|station=32011,32011,20240430,2024,4,6297.0,6366.0,70,70,-5.74,0.0699538667409614,22.0,-1.6,False
2024|source=data202404.csv|line=3|event=27|station=32011,32011,20240430,2024,1,8502.0,8701.0,200,200,-3.815115887850468,0.1288323456462201,175.0,-1.6,False
2024|source=data202404.csv|line=3|event=27|station=32011,32011,20240430,2024,2,8717.0,11077.0,2361,2361,-7.563001869158878,0.2192802215380506,175.0,-1.6,False
2024|source=data202404.csv|line=3|event=27|station=32011,32011,20240430,2024,3,11099.0,11396.0,298,298,-8.883299065420562,0.1478168271441679,175.0,-1.6,False
2024|source=data202404.csv|line=3|event=27|station=32011,32011,20240430,2024,4,11423.0,11671.0,249,249,-10.43533831775701,0.1405269781476699,175.0,-1.6,False
2024|source=data202404.csv|line=3|event=27|station=32011,32011,20240430,2024,5,11681.0,11753.0,73,73,-10.054609345794391,0.0451717569497333,175.0,-1.6,False
2024|source=data202404.csv|line=3|event=27|station=32011,32011,20240430,2024,6,11801.0,11892.0,92,92,-8.927377570093459,0.0688522579473246,175.0,-1.6,False
2024|source=data202404.csv|line=3|event=27|station=32011,32011,20240430,2024,7,11913.0,14931.0,3019,3019,-7.699357009345794,0.1868885246967833,175.0,-1.6,False
2024|source=data202404.csv|line=3|event=27|station=32011,32011,20240430,2024,8,14934.0,18000.0,3067,3067,-5.310123364485981,0.4380881995936461,175.0,-1.6,False
2024|source=data202404.csv|line=3|event=28|station=32011,32011,20240430,2024,1,19052.0,20688.0,1637,1637,1.9410849056603767,0.1481439985409996,31.0,1.7,False
2024|source=data202404.csv|line=3|event=29|station=32011,32011,20240430,2024,1,23136.0,25422.0,2287,2287,-2.529380769230769,0.1446795686011451,39.0,-2.5,False
2024|source=data202404.csv|line=3|event=30|station=32011,32011,20240430,2024,1,25966.0,27137.0,1172,1172,-2.4520550458715578,0.1304788541148639,32.0,-2.5,False
2024|source=data202404.csv|line=3|event=30|station=32011,32011,20240430,2024,2,27147.0,27415.0,269,269,-2.175284403669724,0.0652856019479827,32.0,-2.5,False
2024|source=data202404.csv|line=3|event=30|station=32011,32011,20240430,2024,3,27533.0,27801.0,269,269,-2.271119266055045,0.1096556690592863,32.0,-2.5,False
2024|source=data202404.csv|line=3|event=31|station=32011,32011,20240430,2024,1,28643.0,30004.0,1362,1362,1.86,0.1794181326685918,24.0,2.5,False
2024|source=data202404.csv|line=3|event=32|station=32011,32011,20240430,2024,1,30693.0,31427.0,735,735,2.723232044198894,0.1224505191965528,56.0,2.5,False
2024|source=data202404.csv|line=3|event=32|station=32011,32011,20240430,2024,2,31446.0,32966.0,1521,1521,2.2953149171270706,0.1844088218984602,56.0,2.5,False
2024|source=data202404.csv|line=3|event=32|station=32011,32011,20240430,2024,3,33002.0,33994.0,993,993,2.2580994475138123,0.112076195479146,56.0,2.5,False
2024|source=data202404.csv|line=3|event=34|station=32011,32011,20240430,2024,1,59380.0,60118.0,739,739,1.6750000000000007,0.0869927208964837,14.0,1.7,False
2024|source=data202404.csv|line=3|event=35|station=32011,32011,20240430,2024,1,61158.0,66305.0,5148,5148,1.794552346570395,0.3381014277848633,87.0,1.7,False
2024|source=data202404.csv|line=33|event=37|station=43002,43002,20240430,2024,1,32738.0,35400.0,2663,2663,-10.497158940397355,0.1110593190209636,46.0,-10.1,True
2024|source=data202404.csv|line=33|event=38|station=43002,43002,20240430,2024,1,37491.0,38794.0,1304,1304,-10.140000000000017,0.1018705260593109,23.0,-9.9,True
2024|source=data202404.csv|line=33|event=39|station=43002,43002,20240430,2024,1,39369.0,40244.0,876,876,10.679999999999978,0.0938313192921457,16.0,10.1,True
2024|source=data202404.csv|line=33|event=40|station=43002,43002,20240430,2024,1,41175.0,42107.0,933,933,10.789999999999992,0.0825830460027209,17.0,9.8,True
2024|source=data202404.csv|line=33|event=38|station=53095,53095,20240430,2024,1,37703.0,38443.0,741,741,1.0800000000000125,0.0935177467810916,23.0,0.6,False
2024|source=data202404.csv|line=33|event=38|station=53095,53095,20240430,2024,2,38450.0,38618.0,169,169,1.190000000000026,0.081538431444231,23.0,0.6,False
2024|source=data202404.csv|line=33|event=39|station=53095,53095,20240430,2024,1,39973.0,40363.0,391,391,-2.0600000000000023,0.1169824349039432,16.0,-0.6,False
2024|source=data202405.csv|line=22|event=2|station=42005,42005,20240512,2024,1,26606.0,27744.0,1139,1139,0.922976618705036,0.1995608597640989,41.0,1.1,False
2024|source=data202405.csv|line=22|event=2|station=42005,42005,20240512,2024,2,27747.0,28320.0,574,574,0.9264793165467607,0.2407348565519033,41.0,1.1,False
2024|source=data202405.csv|line=22|event=3|station=42005,42005,20240512,2024,1,29821.0,30130.0,310,310,1.519999999999996,0.2142439957955073,17.0,1.3,False
2024|source=data202405.csv|line=22|event=3|station=42005,42005,20240512,2024,2,30204.0,30643.0,440,440,2.509999999999991,0.1549115979981353,17.0,1.3,False
2024|source=data202405.csv|line=22|event=5|station=42005,42005,20240512,2024,1,33995.0,34080.0,86,86,2.8100000000000023,0.0458724465879658,12.0,-1.2,False
2024|source=data202405.csv|line=22|event=7|station=42005,42005,20240512,2024,1,37693.0,37783.0,91,91,-1.2650000000000148,0.0732995332890633,2.0,1.3,False
2024|source=data202405.csv|line=22|event=2|station=43002,43002,20240512,2024,1,26682.0,27775.0,1094,1094,1.0622679856114985,0.1968582014977581,41.0,0.6,False
2024|source=data202405.csv|line=22|event=2|station=43002,43002,20240512,2024,2,27795.0,28427.0,633,633,1.1851546762590033,0.3194410670294715,41.0,0.6,False
2024|source=data202405.csv|line=22|event=3|station=50008,50008,20240512,2024,1,29598.0,29729.0,132,132,0.6000000000000014,0.0815264497154695,17.0,0.5,False
2024|source=data202405.csv|line=22|event=3|station=50008,50008,20240512,2024,2,29855.0,29955.0,101,101,-1.3800000000000026,0.1276125903461411,17.0,0.5,False
2024|source=data202405.csv|line=22|event=3|station=50008,50008,20240512,2024,3,30089.0,30218.0,130,130,1.1499999999999986,0.147638004100486,17.0,0.5,False
2024|source=data202405.csv|line=22|event=3|station=50008,50008,20240512,2024,4,30241.0,30643.0,403,403,0.5600000000000023,0.2054625557832478,17.0,0.5,False
2024|source=data202405.csv|line=22|event=4|station=50008,50008,20240512,2024,1,31211.0,31625.0,415,415,-1.674208695652169,0.0925529078743862,34.0,-0.5,False
2024|source=data202405.csv|line=22|event=4|station=50008,50008,20240512,2024,2,31763.0,31872.0,110,110,0.1007336956521811,0.0785403731948168,34.0,-0.5,False
2024|source=data202405.csv|line=22|event=4|station=50008,50008,20240512,2024,3,32052.0,32124.0,73,73,-4.070926086956519,0.0763376365137369,34.0,-0.5,False
2024|source=data202405.csv|line=22|event=4|station=50008,50008,20240512,2024,4,32314.0,32382.0,69,69,0.0099000000000089,0.068555759466147,34.0,-0.5,False
2024|source=data202405.csv|line=22|event=4|station=50008,50008,20240512,2024,5,32508.0,32622.0,115,115,-1.9881413043478204,0.0998159691844229,34.0,-0.5,False
2024|source=data202405.csv|line=22|event=4|station=50008,50008,20240512,2024,6,32702.0,33027.0,326,326,-0.7942858695652149,0.1370556894458182,34.0,-0.5,False
2024|source=data202405.csv|line=22|event=8|station=50009,50009,20240512,2024,1,40773.0,40860.0,88,88,-0.6100000000000136,0.0806411436340578,3.0,-0.7,False
2024|source=data202405.csv|line=22|event=2|station=51105,51105,20240512,2024,1,26288.0,26556.0,269,269,0.0462733812949665,0.0768078702382962,41.0,0.8,False
2024|source=data202405.csv|line=22|event=2|station=51105,51105,20240512,2024,2,26719.0,26900.0,182,182,2.522563848920868,0.0774634194996073,41.0,0.8,False
2024|source=data202405.csv|line=22|event=2|station=51105,51105,20240512,2024,3,26906.0,27018.0,113,113,1.6440071942446082,0.0637537805002313,41.0,0.8,False
2024|source=data202405.csv|line=22|event=2|station=51105,51105,20240512,2024,4,27041.0,27327.0,287,287,1.6640755395683442,0.0952749716683675,41.0,0.8,False
2024|source=data202405.csv|line=22|event=2|station=51105,51105,20240512,2024,5,27376.0,27754.0,379,379,1.547976618705036,0.275067297633805,41.0,0.8,False
2024|source=data202405.csv|line=22|event=2|station=51105,51105,20240512,2024,6,27816.0,28145.0,330,330,1.5114829136690702,0.2669757847143194,41.0,0.8,False
2024|source=data202405.csv|line=22|event=2|station=51105,51105,20240512,2024,7,28218.0,28442.0,225,225,2.532266187050354,0.1031991638269759,41.0,0.8,False
2024|source=data202405.csv|line=22|event=3|station=51105,51105,20240512,2024,1,29809.0,29909.0,101,101,3.989999999999995,0.074244021310062,17.0,0.9,False
2024|source=data202405.csv|line=22|event=3|station=51105,51105,20240512,2024,2,30058.0,30129.0,72,72,1.105000000000004,0.0657817894073475,17.0,0.9,False
2024|source=data202405.csv|line=22|event=3|station=51105,51105,20240512,2024,3,30236.0,30643.0,408,408,2.7099999999999937,0.1667244212935651,17.0,0.9,False
2024|source=data202405.csv|line=22|event=4|station=51105,51105,20240512,2024,1,30918.0,31065.0,148,148,-1.1308826086956572,0.1162614967480091,34.0,-0.8,False
2024|source=data202405.csv|line=22|event=4|station=51105,51105,20240512,2024,2,31166.0,31248.0,83,83,-0.0638869565217277,0.0918138191442566,34.0,-0.8,False
2024|source=data202405.csv|line=22|event=4|station=51105,51105,20240512,2024,3,31268.0,31597.0,330,330,-0.59154347826086,0.1417994964623311,34.0,-0.8,False
2024|source=data202405.csv|line=22|event=4|station=51105,51105,20240512,2024,4,31699.0,31768.0,70,70,-2.6420739130434754,0.0305923360199513,34.0,-0.8,False
2024|source=data202405.csv|line=22|event=4|station=51105,51105,20240512,2024,5,31967.0,32048.0,82,82,1.90845652173914,0.0677471439310999,34.0,-0.8,False
2024|source=data202405.csv|line=22|event=4|station=51105,51105,20240512,2024,6,32448.0,32577.0,130,130,0.4260217391304337,0.0774392522778351,34.0,-0.8,False
2024|source=data202405.csv|line=22|event=5|station=51105,51105,20240512,2024,1,34143.0,34239.0,97,97,12.685000000000002,0.1064352203569214,12.0,-0.8,False
2024|source=data202405.csv|line=22|event=5|station=51105,51105,20240512,2024,2,34260.0,34435.0,176,176,12.095,0.1300234233809005,12.0,-0.8,False
2024|source=data202405.csv|line=22|event=3|station=61008,61008,20240512,2024,1,29609.0,29686.0,78,78,-1.2249999999999996,0.0792190744780161,17.0,-1.5,False
2024|source=data202405.csv|line=22|event=3|station=61008,61008,20240512,2024,2,29816.0,29944.0,129,129,1.1500000000000004,0.0971275901746842,17.0,-1.5,False
2024|source=data202405.csv|line=22|event=3|station=61008,61008,20240512,2024,3,30014.0,30124.0,111,111,-0.5299999999999994,0.0733773704574647,17.0,-1.5,False
2024|source=data202405.csv|line=22|event=3|station=61008,61008,20240512,2024,4,30212.0,30324.0,113,113,0.4900000000000002,0.1127448517017684,17.0,-1.5,False
2024|source=data202405.csv|line=22|event=3|station=61008,61008,20240512,2024,5,30342.0,30583.0,242,242,0.6400000000000006,0.1153766990240205,17.0,-1.5,False
2024|source=data202405.csv|line=22|event=4|station=61008,61008,20240512,2024,1,31216.0,31544.0,329,329,2.4707608695652183,0.1608218793432576,34.0,1.5,False
2024|source=data202405.csv|line=22|event=4|station=61008,61008,20240512,2024,2,31706.0,31820.0,115,115,0.6452543478260893,0.1124779677935373,34.0,1.5,False
2024|source=data202405.csv|line=22|event=4|station=61008,61008,20240512,2024,3,32017.0,32085.0,69,69,4.472889130434783,0.0731655136986703,34.0,1.5,False
2024|source=data202405.csv|line=22|event=4|station=61008,61008,20240512,2024,4,32264.0,32323.0,60,60,0.5151336956521746,0.0793695202612668,34.0,1.5,False
2024|source=data202405.csv|line=22|event=4|station=61008,61008,20240512,2024,5,32466.0,32579.0,114,114,2.620614130434781,0.0933086686633117,34.0,1.5,False
2024|source=data202405.csv|line=22|event=4|station=61008,61008,20240512,2024,6,32640.0,32758.0,119,119,1.097567391304345,0.1067222174859796,34.0,1.5,False
2024|source=data202405.csv|line=22|event=4|station=61008,61008,20240512,2024,7,32797.0,32881.0,85,85,1.6403065217391308,0.0632695893475715,34.0,1.5,False
2024|source=data202405.csv|line=22|event=4|station=61008,61008,20240512,2024,8,32895.0,32977.0,83,83,1.9352043478260867,0.0953899309522662,34.0,1.5,False
2024|source=data202405.csv|line=22|event=5|station=61008,61008,20240512,2024,1,34104.0,34349.0,246,246,15.145,0.1741514059462181,12.0,1.4,False
2024|source=data202405.csv|line=22|event=6|station=61008,61008,20240512,2024,1,34809.0,34870.0,62,62,1.4550000000000018,0.0961397787683386,2.0,1.5,False
2024|source=data202405.csv|line=22|event=4|station=61010,61010,20240512,2024,1,31025.0,31579.0,555,555,0.411321739130436,0.1830222538526187,34.0,0.6,False
2024|source=data202405.csv|line=22|event=4|station=61010,61010,20240512,2024,2,31628.0,31839.0,212,212,1.435432608695656,0.2021681452993329,34.0,0.6,False
2024|source=data202405.csv|line=22|event=4|station=61010,61010,20240512,2024,3,31935.0,32039.0,105,105,-0.7723956521739126,0.1119426573268702,34.0,0.6,False
2024|source=data202405.csv|line=22|event=4|station=61010,61010,20240512,2024,4,32222.0,32338.0,117,117,1.428043478260868,0.0961382764941894,34.0,0.6,False
2024|source=data202405.csv|line=22|event=4|station=61010,61010,20240512,2024,5,32411.0,32596.0,186,186,0.0519108695652192,0.078476087468751,34.0,0.6,False
2024|source=data202405.csv|line=22|event=4|station=61010,61010,20240512,2024,6,32640.0,32746.0,107,107,0.8216999999999999,0.0897589555216234,34.0,0.6,False
2024|source=data202405.csv|line=22|event=7|station=61010,61010,20240512,2024,1,37638.0,37710.0,73,73,0.3000000000000042,0.0455424034323819,2.0,-0.7,False
2024|source=data202405.csv|line=22|event=2|station=62151,62151,20240512,2024,1,26178.0,27619.0,1442,1442,-3.5791079136690627,0.1221980385812752,41.0,12.6,True
2024|source=data202405.csv|line=22|event=2|station=62151,62151,20240512,2024,2,27900.0,28783.0,884,884,3.6670575539568375,0.1013449337600145,41.0,12.6,True
2024|source=data202405.csv|line=22|event=4|station=62151,62151,20240512,2024,1,31018.0,31558.0,541,541,18.346539130434792,0.1669312174465775,34.0,-13.8,True
2024|source=data202405.csv|line=22|event=4|station=62151,62151,20240512,2024,2,31604.0,31851.0,248,248,21.03556521739131,0.1352174327886764,34.0,-13.8,True
2024|source=data202405.csv|line=22|event=4|station=62151,62151,20240512,2024,3,31865.0,31980.0,116,116,22.388000000000005,0.0848021238631313,34.0,-13.8,True
2024|source=data202405.csv|line=22|event=4|station=62151,62151,20240512,2024,4,32033.0,32339.0,307,307,8.354469565217386,0.1670764498165677,34.0,-13.8,True
2024|source=data202405.csv|line=22|event=4|station=62151,62151,20240512,2024,5,32388.0,32640.0,253,253,-4.633947826086953,0.0786915942783528,34.0,-13.8,True
2024|source=data202405.csv|line=22|event=3|station=62171,62171,20240512,2024,1,30067.0,30146.0,80,80,1.0049999999999957,0.062688465611293,17.0,1.6,False
2024|source=data202405.csv|line=22|event=3|station=62171,62171,20240512,2024,2,30526.0,30615.0,90,90,2.7700000000000102,0.0958920694849438,17.0,1.6,False
2024|source=data202405.csv|line=22|event=4|station=62171,62171,20240512,2024,1,31073.0,31134.0,62,62,-5.972111956521729,0.0346423199288669,34.0,-1.5,False
2024|source=data202405.csv|line=22|event=4|station=62171,62171,20240512,2024,2,32592.0,32671.0,80,80,-3.4319641304347783,0.0559649399083508,34.0,-1.5,False
2024|source=data202405.csv|line=22|event=4|station=62171,62171,20240512,2024,3,32782.0,32886.0,105,105,-2.5392956521739336,0.1000748328028277,34.0,-1.5,False
2024|source=data202405.csv|line=22|event=2|station=62239,62239,20240512,2024,1,26429.0,28624.0,2196,2196,0.4685179856115127,0.1371809539842221,41.0,0.8,False
2024|source=data202405.csv|line=22|event=3|station=62239,62239,20240512,2024,1,30458.0,30623.0,166,166,4.255000000000003,0.0431935010109724,17.0,1.0,False
2024|source=data202405.csv|line=22|event=5|station=62239,62239,20240512,2024,1,33911.0,34427.0,517,517,-2.535000000000004,0.0708701090080068,12.0,-0.9,False
2024|source=data202405.csv|line=22|event=6|station=62239,62239,20240512,2024,1,34812.0,34871.0,60,60,-1.1400000000000006,0.0385241280318746,2.0,-1.0,False
2024|source=data202405.csv|line=22|event=8|station=62239,62239,20240512,2024,1,40755.0,40851.0,97,97,-0.6850000000000023,0.0353932795591596,3.0,-0.9,False
2024|source=data202405.csv|line=6|event=13|station=32001,32001,20240514,2024,1,5620.0,5725.0,106,106,-2.567533653846155,0.0999705901453943,39.0,-2.9,False
2024|source=data202405.csv|line=6|event=13|station=32001,32001,20240514,2024,2,5774.0,6011.0,238,238,-3.13295673076923,0.105015369734045,39.0,-2.9,False
2024|source=data202405.csv|line=6|event=13|station=32001,32001,20240514,2024,3,6039.0,6396.0,358,358,-2.877331730769232,0.1334971324762752,39.0,-2.9,False
2024|source=data202405.csv|line=6|event=13|station=32001,32001,20240514,2024,4,6412.0,7604.0,1193,1193,-2.409726923076928,0.1562566382888019,39.0,-2.9,False
2024|source=data202405.csv|line=6|event=13|station=32001,32001,20240514,2024,5,7652.0,7721.0,70,70,-2.06090673076924,0.0667403975516973,39.0,-2.9,False
2024|source=data202405.csv|line=6|event=15|station=32001,32001,20240514,2024,1,10954.0,12017.0,1064,1064,2.574999999999996,0.195746964088306,19.0,3.0,True
2024|source=data202405.csv|line=6|event=16|station=32001,32001,20240514,2024,1,12812.0,13019.0,208,208,3.5449999999999946,0.1062137053400978,23.0,3.0,True
2024|source=data202405.csv|line=6|event=16|station=32001,32001,20240514,2024,2,13024.0,14082.0,1059,1059,4.224999999999994,0.1317549794242735,23.0,3.0,True
2024|source=data202405.csv|line=6|event=18|station=32001,32001,20240514,2024,1,16894.0,17850.0,957,957,2.3650727272727323,0.1376375606754527,68.0,2.9,False
2024|source=data202405.csv|line=6|event=18|station=32001,32001,20240514,2024,2,17874.0,19161.0,1288,1288,1.6133181818181832,0.166362416990275,68.0,2.9,False
2024|source=data202405.csv|line=6|event=18|station=32001,32001,20240514,2024,3,19181.0,19795.0,615,615,1.9629272727272704,0.1206576048079952,68.0,2.9,False
2024|source=data202405.csv|line=6|event=18|station=32001,32001,20240514,2024,4,19816.0,20896.0,1081,1081,2.9417636363636355,0.1629981611000829,68.0,2.9,False
2024|source=data202405.csv|line=6|event=13|station=32011,32011,20240514,2024,1,5637.0,5698.0,62,62,-3.407620192307693,0.0424949087741541,39.0,-3.2,True
2024|source=data202405.csv|line=6|event=13|station=32011,32011,20240514,2024,2,5743.0,6798.0,1056,1056,-3.1533682692307696,0.1868322794496105,39.0,-3.2,True
2024|source=data202405.csv|line=6|event=13|station=32011,32011,20240514,2024,3,6803.0,7632.0,830,830,-2.7150240384615394,0.1394345950946431,39.0,-3.2,True
2024|source=data202405.csv|line=6|event=13|station=32011,32011,20240514,2024,4,7666.0,7798.0,133,133,-2.891396153846154,0.0945896006215451,39.0,-3.2,True
2024|source=data202405.csv|line=6|event=15|station=32011,32011,20240514,2024,1,10952.0,11111.0,160,160,3.36,0.0621159961604736,19.0,3.2,True
2024|source=data202405.csv|line=6|event=15|station=32011,32011,20240514,2024,2,11141.0,12014.0,874,874,2.5850000000000004,0.1952096080445002,19.0,3.2,True
2024|source=data202405.csv|line=6|event=16|station=32011,32011,20240514,2024,1,12794.0,14081.0,1288,1288,5.13,0.1803125733454096,23.0,3.2,True
2024|source=data202405.csv|line=6|event=18|station=32011,32011,20240514,2024,1,16894.0,17168.0,275,275,3.000675,0.0902391156947424,68.0,3.2,True
2024|source=data202405.csv|line=6|event=18|station=32011,32011,20240514,2024,2,17176.0,17631.0,456,456,2.7846125,0.1379474226445993,68.0,3.2,True
2024|source=data202405.csv|line=6|event=18|station=32011,32011,20240514,2024,3,17676.0,19320.0,1645,1645,1.6198999999999997,0.3355315076615324,68.0,3.2,True
2024|source=data202405.csv|line=6|event=18|station=32011,32011,20240514,2024,4,19510.0,20123.0,614,614,2.394387499999997,0.0963917803600592,68.0,3.2,True
2024|source=data202405.csv|line=6|event=18|station=32011,32011,20240514,2024,5,20134.0,20893.0,760,760,3.4088625,0.0968291870101786,68.0,3.2,True
2024|source=data202405.csv|line=6|event=15|station=32019,32019,20240514,2024,1,10989.0,11129.0,141,141,0.5300000000000011,0.0496314959794641,19.0,0.6,False
2024|source=data202405.csv|line=6|event=15|station=32019,32019,20240514,2024,2,11603.0,12103.0,501,501,0.6599999999999966,0.1386917921500463,19.0,0.6,False
2024|source=data202405.csv|line=6|event=18|station=32019,32019,20240514,2024,1,16758.0,18329.0,1572,1572,-0.2623829545454583,0.1566923220242762,68.0,0.6,False
2024|source=data202405.csv|line=6|event=18|station=32019,32019,20240514,2024,2,18795.0,20520.0,1726,1726,-0.0301420454545393,0.087630504122817,68.0,0.6,False
2024|source=data202405.csv|line=6|event=16|station=41004,41004,20240514,2024,1,13560.0,14099.0,540,540,-2.740000000000002,0.0780236247030436,23.0,0.6,False
2024|source=data202405.csv|line=6|event=18|station=41004,41004,20240514,2024,1,17032.0,17715.0,684,684,0.1685153409090887,0.0893128738726072,68.0,0.6,False
2024|source=data202405.csv|line=6|event=18|station=41004,41004,20240514,2024,2,17753.0,17823.0,71,71,0.6054977272727271,0.0833022093567364,68.0,0.6,False
2024|source=data202405.csv|line=6|event=18|station=41004,41004,20240514,2024,3,17894.0,18561.0,668,668,0.2867130681818182,0.2136472242500719,68.0,0.6,False
2024|source=data202405.csv|line=6|event=18|station=41004,41004,20240514,2024,4,18629.0,20918.0,2290,2290,0.4248789772727264,0.1412098645224358,68.0,0.6,False
2024|source=data202405.csv|line=6|event=13|station=42005,42005,20240514,2024,1,6008.0,6188.0,181,181,-0.5165846153846161,0.0840411667460417,39.0,-0.9,False
2024|source=data202405.csv|line=6|event=13|station=42005,42005,20240514,2024,2,6194.0,7440.0,1247,1247,-0.9852230769230772,0.1458623531113111,39.0,-0.9,False
2024|source=data202405.csv|line=6|event=15|station=42005,42005,20240514,2024,1,11760.0,12103.0,344,344,-2.1299999999999955,0.0996268447661945,19.0,0.9,False
2024|source=data202405.csv|line=6|event=16|station=43002,43002,20240514,2024,1,13257.0,14143.0,887,887,0.9699999999999988,0.0677955012411856,23.0,-0.4,False
2024|source=data202405.csv|line=6|event=18|station=43002,43002,20240514,2024,1,17640.0,20694.0,3055,3055,0.9741999999999962,0.3601339080450311,68.0,-0.4,False
2024|source=data202405.csv|line=6|event=13|station=50008,50008,20240514,2024,1,5548.0,5768.0,221,221,-1.7219538461538448,0.0648117981219836,39.0,-3.6,True
2024|source=data202405.csv|line=6|event=13|station=50008,50008,20240514,2024,2,5781.0,5872.0,92,92,-2.164299038461536,0.0939032334194585,39.0,-3.6,True
2024|source=data202405.csv|line=6|event=13|station=50008,50008,20240514,2024,3,5919.0,6687.0,769,769,-2.9414057692307694,0.1719241510016098,39.0,-3.6,True
2024|source=data202405.csv|line=6|event=13|station=50008,50008,20240514,2024,4,6718.0,7569.0,852,852,-2.2514125000000007,0.1378708834734598,39.0,-3.6,True
2024|source=data202405.csv|line=6|event=13|station=50008,50008,20240514,2024,5,7717.0,7786.0,70,70,-2.694058653846156,0.0591272436650357,39.0,-3.6,True
2024|source=data202405.csv|line=6|event=15|station=50008,50008,20240514,2024,1,10954.0,11700.0,747,747,1.4399999999999975,0.267015618574151,19.0,3.7,True
2024|source=data202405.csv|line=6|event=16|station=50008,50008,20240514,2024,1,12751.0,13900.0,1150,1150,0.379999999999999,0.2159696221122913,23.0,3.7,True
2024|source=data202405.csv|line=6|event=18|station=50008,50008,20240514,2024,1,16880.0,17783.0,904,904,2.5020988636363626,0.1300704455574072,68.0,3.6,True
2024|source=data202405.csv|line=6|event=18|station=50008,50008,20240514,2024,2,17791.0,20893.0,3103,3103,2.104109090909091,0.4858603140934658,68.0,3.6,True
2024|source=data202405.csv|line=6|event=19|station=50008,50008,20240514,2024,1,21293.0,21360.0,68,68,3.82,0.0588062047435033,2.0,3.4,True
2024|source=data202405.csv|line=6|event=13|station=50009,50009,20240514,2024,1,5718.0,7567.0,1850,1850,-1.3216346153846246,0.2830180262616241,39.0,-1.5,False
2024|source=data202405.csv|line=6|event=15|station=50009,50009,20240514,2024,1,10937.0,11700.0,764,764,-0.0800000000000125,0.1904764680175376,19.0,1.5,False
2024|source=data202405.csv|line=6|event=18|station=50009,50009,20240514,2024,1,16884.0,17755.0,872,872,0.9518761363636372,0.0941151735131928,68.0,1.5,False
2024|source=data202405.csv|line=6|event=18|station=50009,50009,20240514,2024,2,17794.0,20897.0,3104,3104,0.6556806818181826,0.3813130696583388,68.0,1.5,False
2024|source=data202405.csv|line=6|event=19|station=50009,50009,20240514,2024,1,21302.0,21365.0,64,64,1.9199999999999875,0.0491277687286553,2.0,1.4,False
2024|source=data202405.csv|line=6|event=13|station=50023,50023,20240514,2024,1,5875.0,6035.0,161,161,-7.327499999999986,0.0644349858203019,39.0,-7.8,True
2024|source=data202405.csv|line=6|event=13|station=50023,50023,20240514,2024,2,6110.0,7624.0,1515,1515,-7.368299999999976,0.1935363568717444,39.0,-7.8,True
2024|source=data202405.csv|line=6|event=15|station=50023,50023,20240514,2024,1,10948.0,12012.0,1065,1065,6.609999999999957,0.4217082328423269,19.0,7.9,True
2024|source=data202405.csv|line=6|event=16|station=50023,50023,20240514,2024,1,12759.0,14080.0,1322,1322,5.509999999999991,0.1090994686607152,23.0,7.9,True
2024|source=data202405.csv|line=6|event=18|station=50023,50023,20240514,2024,1,16919.0,17725.0,807,807,7.635790909090872,0.1701540614067185,68.0,7.8,True
2024|source=data202405.csv|line=6|event=24|station=32001,32001,20240515,2024,1,26973.0,29050.0,2078,2078,8.018259554140128,0.1214129558381742,48.0,7.9,True
2024|source=data202405.csv|line=6|event=26|station=32001,32001,20240515,2024,1,62772.0,62842.0,71,71,2.84,0.0291796860259343,3.0,2.9,False
2024|source=data202405.csv|line=6|event=24|station=32011,32011,20240515,2024,1,26963.0,28608.0,1646,1646,9.090734076433122,0.2155479944242816,48.0,8.5,True
2024|source=data202405.csv|line=6|event=24|station=32011,32011,20240515,2024,2,28673.0,28815.0,143,143,8.605936305732481,0.0784184635590112,48.0,8.5,True
2024|source=data202405.csv|line=6|event=24|station=32011,32011,20240515,2024,3,28831.0,29053.0,223,223,9.102363057324844,0.0618743887408835,48.0,8.5,True
2024|source=data202405.csv|line=6|event=26|station=32011,32011,20240515,2024,1,62765.0,62838.0,74,74,3.369999999999997,0.0295469823370179,3.0,3.1,True
2024|source=data202405.csv|line=6|event=24|station=32019,32019,20240515,2024,1,27093.0,27590.0,498,498,2.6449243630572994,0.0991774197413097,48.0,1.6,False
2024|source=data202405.csv|line=6|event=24|station=32019,32019,20240515,2024,2,27596.0,28860.0,1265,1265,2.4021496815286696,0.1199767711780394,48.0,1.6,False
2024|source=data202405.csv|line=6|event=24|station=41004,41004,20240515,2024,1,27149.0,28860.0,1712,1712,2.209498407643302,0.1562914931005093,48.0,1.6,False
2024|source=data202405.csv|line=6|event=24|station=41011,41011,20240515,2024,1,27180.0,27863.0,684,684,1.6034227707006323,0.1155664951043735,48.0,1.1,False
2024|source=data202405.csv|line=6|event=24|station=41011,41011,20240515,2024,2,28016.0,28484.0,469,469,1.6144585987261166,0.1064316021034642,48.0,1.1,False
2024|source=data202405.csv|line=6|event=24|station=41011,41011,20240515,2024,3,28536.0,28694.0,159,159,2.3583200636942934,0.1283556604966342,48.0,1.1,False
2024|source=data202405.csv|line=6|event=24|station=41011,41011,20240515,2024,4,28741.0,28860.0,120,120,1.6686249999999916,0.1076944792573938,48.0,1.1,False
2024|source=data202405.csv|line=6|event=24|station=42005,42005,20240515,2024,1,27125.0,28860.0,1736,1736,3.759335191082805,0.3626797999411292,48.0,2.4,False
2024|source=data202405.csv|line=6|event=24|station=43002,43002,20240515,2024,1,26298.0,29263.0,2966,2966,-0.3160143312101979,0.2409008795988091,48.0,-1.0,False
2024|source=data202405.csv|line=6|event=24|station=50008,50008,20240515,2024,1,26969.0,27398.0,430,430,8.601334394904459,0.1081307708652457,48.0,9.8,True
2024|source=data202405.csv|line=6|event=24|station=50008,50008,20240515,2024,2,27402.0,27887.0,486,486,8.928894904458602,0.1646577885589597,48.0,9.8,True
2024|source=data202405.csv|line=6|event=24|station=50008,50008,20240515,2024,3,27895.0,29011.0,1117,1117,8.778477707006367,0.3903226485881931,48.0,9.8,True
2024|source=data202405.csv|line=6|event=26|station=50008,50008,20240515,2024,1,62753.0,62838.0,86,86,2.960000000000001,0.042785729965529,3.0,3.6,True
2024|source=data202405.csv|line=6|event=24|station=50009,50009,20240515,2024,1,26981.0,28988.0,2008,2008,4.451530254777055,0.2775996099672561,48.0,4.0,True
2024|source=data202405.csv|line=6|event=26|station=50009,50009,20240515,2024,1,62756.0,62843.0,88,88,1.3400000000000034,0.0423147304562859,3.0,1.5,False
2024|source=data202405.csv|line=6|event=24|station=50023,50023,20240515,2024,1,26987.0,27381.0,395,395,22.289707006369383,0.126840273330481,48.0,21.1,True
2024|source=data202405.csv|line=6|event=24|station=50023,50023,20240515,2024,2,27388.0,27879.0,492,492,22.88037261146502,0.2441075149040493,48.0,21.1,True
2024|source=data202405.csv|line=6|event=24|station=50023,50023,20240515,2024,3,27887.0,28789.0,903,903,22.80151592356691,0.4578206878268826,48.0,21.1,True
2024|source=data202405.csv|line=6|event=24|station=50023,50023,20240515,2024,4,28793.0,29028.0,236,236,22.11111783439486,0.1242720928926286,48.0,21.1,True
2024|source=data202405.csv|line=34|event=12|station=41004,41004,20240523,2024,1,38789.0,39007.0,219,219,10.079999999999998,0.0914216109837327,5.0,10.2,True
2024|source=data202405.csv|line=34|event=12|station=41011,41011,20240523,2024,1,38841.0,39015.0,175,175,0.9700000000000272,0.0784185733200088,5.0,0.9,False
2024|source=data202405.csv|line=34|event=12|station=61004,61004,20240523,2024,1,38801.0,39013.0,213,213,-1.2300000000000004,0.0451731144657118,5.0,-2.0,False
2024|source=data202406.csv|line=24|event=4|station=32019,32019,20240604,2024,1,29626.0,30306.0,681,681,5.340000000000003,0.1141253126189594,27.0,1.4,False
2024|source=data202406.csv|line=24|event=5|station=32019,32019,20240604,2024,1,32148.0,32764.0,617,617,2.7399999999999807,0.1016960060094389,24.0,1.4,False
2024|source=data202406.csv|line=24|event=6|station=32019,32019,20240604,2024,1,33892.0,34742.0,851,851,-1.130000000000024,0.0658381417444005,18.0,-1.4,False
2024|source=data202406.csv|line=24|event=7|station=32019,32019,20240604,2024,1,35698.0,36361.0,664,664,-1.115000000000009,0.1112751072879598,24.0,-1.4,False
2024|source=data202406.csv|line=24|event=4|station=41006,41006,20240604,2024,1,29520.0,30343.0,824,824,4.129999999999996,0.0953537083314144,27.0,0.5,False
2024|source=data202406.csv|line=24|event=5|station=41006,41006,20240604,2024,1,32520.0,33163.0,644,644,4.920000000000016,0.1295713237233098,24.0,0.5,False
2024|source=data202406.csv|line=24|event=6|station=41006,41006,20240604,2024,1,34680.0,34963.0,284,284,2.765000000000015,0.0615301463418223,18.0,-0.5,False
2024|source=data202406.csv|line=17|event=3|station=44003,44003,20240608,2024,1,59422.0,64260.0,4839,4839,-3.808264478764613,0.2594148008221174,81.0,-3.1,True
2024|source=data202406.csv|line=17|event=3|station=45008,45008,20240608,2024,1,59493.0,63033.0,3541,3541,-0.8848523166016093,0.1031507938247836,81.0,-0.9,False
2024|source=data202406.csv|line=17|event=3|station=45008,45008,20240608,2024,2,63035.0,64299.0,1265,1265,-1.1820299227802025,0.0894721366989566,81.0,-0.9,False
2024|source=data202407.csv|line=13|event=1|station=44003,44003,20240704,2024,1,12909.0,14592.0,1684,1684,-5.54223376623122,0.1647897154597388,47.0,-4.7,True
2024|source=data202407.csv|line=13|event=1|station=44003,44003,20240704,2024,2,14617.0,15021.0,405,405,-5.782935064933554,0.0957005410401801,47.0,-4.7,True
2024|source=data202407.csv|line=13|event=1|station=44003,44003,20240704,2024,3,15024.0,15527.0,504,504,-5.373077922078664,0.1371747901566704,47.0,-4.7,True
2024|source=data202407.csv|line=13|event=2|station=44003,44003,20240704,2024,1,64244.0,67079.0,2836,2836,-5.346059782608791,0.1006172409684088,50.0,-4.7,True
2024|source=data202407.csv|line=13|event=1|station=44011,44011,20240704,2024,1,14070.0,14153.0,84,84,0.7984253246753248,0.145684801319072,47.0,1.0,False
2024|source=data202407.csv|line=13|event=1|station=44011,44011,20240704,2024,2,14981.0,15053.0,73,73,0.9898376623376616,0.1390821819108523,47.0,1.0,False
2024|source=data202407.csv|line=13|event=2|station=44011,44011,20240704,2024,1,64456.0,67028.0,2573,2573,1.1152173913043484,0.1287091022101748,50.0,1.0,False
2024|source=data202407.csv|line=13|event=1|station=45008,45008,20240704,2024,1,13072.0,14320.0,1249,1249,1.5217662337672664,0.1360426477221668,47.0,1.5,False
2024|source=data202407.csv|line=13|event=1|station=45008,45008,20240704,2024,2,14356.0,15370.0,1015,1015,2.1051038961049926,0.1001776741998482,47.0,1.5,False
2024|source=data202407.csv|line=13|event=2|station=45008,45008,20240704,2024,1,64270.0,67079.0,2810,2810,1.5360149456500949,0.1910065859486446,50.0,1.5,False
2024|source=data202407.csv|line=13|event=1|station=53095,53095,20240704,2024,1,13109.0,15240.0,2132,2132,2.730239448051975,0.4326875634401545,47.0,1.5,False
2024|source=data202407.csv|line=13|event=2|station=53095,53095,20240704,2024,1,63798.0,64108.0,311,311,-0.0897146739130505,0.2027017696512424,50.0,1.5,False
2024|source=data202407.csv|line=13|event=2|station=53095,53095,20240704,2024,2,64147.0,64328.0,182,182,-1.614504076086973,0.1017431924055705,50.0,1.5,False
2024|source=data202407.csv|line=13|event=2|station=53095,53095,20240704,2024,3,64453.0,66514.0,2062,2062,0.9431317934782442,0.3322604550921708,50.0,1.5,False
2024|source=data202407.csv|line=37|event=8|station=50008,50008,20240716,2024,1,80473.0,84688.0,4216,4216,0.09515112704918,0.1713887700992634,75.0,-0.2,False
2024|source=data202407.csv|line=37|event=5|station=50023,50023,20240716,2024,1,34098.0,35396.0,1299,1299,-0.6118350923482581,0.2431326049643155,122.0,-0.7,False
2024|source=data202407.csv|line=37|event=8|station=50023,50023,20240716,2024,1,80337.0,84605.0,4269,4269,0.1460307377049048,0.2519261539456274,75.0,-0.6,False
2024|source=data202407.csv|line=37|event=12|station=42005,42005,20240718,2024,1,3803.0,5640.0,1838,1838,-2.322342296511636,0.2304086896009703,49.0,-0.4,False
2024|source=data202407.csv|line=37|event=12|station=50008,50008,20240718,2024,1,3713.0,5531.0,1819,1819,-1.001622093023256,0.1056458122001934,49.0,-0.4,False
2024|source=data202407.csv|line=37|event=12|station=50008,50008,20240718,2024,2,5534.0,5751.0,218,218,-0.935672238372092,0.0819479780041053,49.0,-0.4,False
2024|source=data202407.csv|line=37|event=12|station=50023,50023,20240718,2024,1,3704.0,5734.0,2031,2031,-0.9374418604651282,0.0608085783424847,49.0,-1.1,False
2024|source=data202407.csv|line=24|event=3|station=32019,32019,20240730,2024,1,44876.0,45763.0,888,888,1.0399999999999991,0.1173415263448021,27.0,0.7,False
2024|source=data202407.csv|line=24|event=3|station=32019,32019,20240730,2024,2,45781.0,46328.0,548,548,1.0599999999999987,0.11015235963481,27.0,0.7,False
2024|source=data202408.csv|line=24|event=1|station=32001,32001,20240809,2024,1,80010.0,81578.0,1569,1569,2.445549792531125,0.1206575901254003,309.0,0.7,False
2024|source=data202408.csv|line=24|event=1|station=32019,32019,20240809,2024,1,63425.0,65122.0,1698,1698,4.082853086099584,0.0459109252091041,309.0,3.2,True
2024|source=data202408.csv|line=24|event=1|station=32019,32019,20240809,2024,2,65585.0,68723.0,3139,3139,3.8836815352697087,0.072853198041143,309.0,3.2,True
2024|source=data202408.csv|line=24|event=1|station=32019,32019,20240809,2024,3,69186.0,72322.0,3137,3137,4.042167012448134,0.0880974454202698,309.0,3.2,True
2024|source=data202408.csv|line=24|event=1|station=32019,32019,20240809,2024,4,72787.0,75922.0,3136,3136,4.64069255705394,0.1055113973607783,309.0,3.2,True
2024|source=data202408.csv|line=24|event=1|station=32019,32019,20240809,2024,5,76386.0,76928.0,543,543,5.885203060165976,0.1106449128705097,309.0,3.2,True
2024|source=data202408.csv|line=24|event=1|station=32019,32019,20240809,2024,6,76960.0,77117.0,158,158,5.19577450726141,0.0612745645380924,309.0,3.2,True
2024|source=data202408.csv|line=24|event=1|station=32019,32019,20240809,2024,7,77152.0,77446.0,295,295,5.936649636929461,0.1131417624692915,309.0,3.2,True
2024|source=data202408.csv|line=24|event=1|station=32019,32019,20240809,2024,8,77478.0,77593.0,116,116,5.425601530082988,0.0589767634130429,309.0,3.2,True
2024|source=data202408.csv|line=24|event=1|station=32019,32019,20240809,2024,9,77624.0,77688.0,65,65,6.045257780082988,0.0787306214790172,309.0,3.2,True
2024|source=data202408.csv|line=24|event=1|station=32019,32019,20240809,2024,10,77707.0,79522.0,1816,1816,6.262067038381743,0.1712014204114064,309.0,3.2,True
2024|source=data202408.csv|line=24|event=1|station=32019,32019,20240809,2024,11,79994.0,81590.0,1597,1597,4.686560684647304,0.1902371689428123,309.0,3.2,True
2024|source=data202409.csv|line=7|event=20|station=43002,43002,20240901,2024,1,22781.0,25301.0,2521,2521,-5.43999843749998,0.1859555023994674,47.0,-7.3,True
2024|source=data202409.csv|line=7|event=20|station=44003,44003,20240901,2024,1,22747.0,24774.0,2028,2028,-2.7044921875058208,0.2310258554593435,47.0,-3.5,True
2024|source=data202409.csv|line=7|event=20|station=44003,44003,20240901,2024,2,24776.0,25262.0,487,487,-1.973984374999418,0.1205200320583032,47.0,-3.5,True
2024|source=data202409.csv|line=7|event=20|station=44011,44011,20240901,2024,1,24478.0,24573.0,96,96,43.202337500000006,0.1280969811765295,47.0,41.1,True
2024|source=data202409.csv|line=7|event=20|station=45008,45008,20240901,2024,1,22993.0,23061.0,69,69,2.9411187499972584,0.3582076417608869,47.0,4.6,True
2024|source=data202409.csv|line=7|event=20|station=45008,45008,20240901,2024,2,24086.0,24358.0,273,273,4.15965000000142,0.4127093809761736,47.0,4.6,True
2024|source=data202409.csv|line=17|event=3|station=44003,44003,20240905,2024,1,54229.0,68685.0,14457,14457,3.8272221476509,0.3222575561422066,242.0,2.9,False
2024|source=data202409.csv|line=17|event=3|station=45008,45008,20240905,2024,1,54297.0,68689.0,14393,14393,1.080234899331117,0.3171164676319012,242.0,0.9,False
2024|source=data202409.csv|line=36|event=18|station=32001,32001,20240911,2024,1,38394.0,38477.0,84,84,-81.35499999999999,0.0703412535283797,3.0,-81.3,True
2024|source=data202409.csv|line=36|event=18|station=43002,43002,20240911,2024,1,38501.0,38563.0,63,63,-1.130000000000024,0.0433080047499846,3.0,-1.4,False
2024|source=data202409.csv|line=36|event=18|station=51020,51020,20240911,2024,1,38503.0,38563.0,61,61,1.4100000000000037,0.0441616371174072,3.0,2.6,False
2024|source=data202409.csv|line=36|event=18|station=51105,51105,20240911,2024,1,38435.0,38501.0,67,67,1.99,0.0288259107516007,3.0,2.4,False
2024|source=data202409.csv|line=3|event=15|station=32001,32001,20240917,2024,1,32900.0,33000.0,101,101,-0.9000000000000057,0.0878426220809585,14.0,-2.3,False
2024|source=data202409.csv|line=3|event=15|station=32001,32001,20240917,2024,2,33025.0,33409.0,385,385,-1.7600000000000051,0.1131789345283684,14.0,-2.3,False
2024|source=data202409.csv|line=3|event=15|station=32001,32001,20240917,2024,3,33411.0,33476.0,66,66,-1.4400000000000048,0.078253154816441,14.0,-2.3,False
2024|source=data202409.csv|line=3|event=15|station=32011,32011,20240917,2024,1,32820.0,33191.0,372,372,-1.1900000000000013,0.1159952849481525,14.0,-2.5,False
2024|source=data202409.csv|line=3|event=15|station=32011,32011,20240917,2024,2,33195.0,33502.0,308,308,-1.8000000000000007,0.1393179448045602,14.0,-2.5,False
2024|source=data202409.csv|line=29|event=10|station=41004,41004,20240924,2024,1,62185.0,62264.0,80,80,1.8500000000000008,0.0776894629957755,3.0,1.8,False
2024|source=data202409.csv|line=29|event=11|station=41004,41004,20240924,2024,1,64229.0,64335.0,107,107,-1.6999999999999975,0.0721983169059973,4.0,-1.7,False
2024|source=data202409.csv|line=29|event=12|station=41004,41004,20240924,2024,1,68142.0,68244.0,103,103,-1.7100000000000009,0.0818910067210731,4.0,-1.8,False
2024|source=data202409.csv|line=29|event=13|station=41004,41004,20240924,2024,1,69642.0,72255.0,2614,2614,2.663862824675327,0.2710690438785891,45.0,1.7,False
2024|source=data202409.csv|line=29|event=8|station=41004,41004,20240924,2024,1,5048.0,5158.0,111,111,-6.88,0.1289595037630956,6.0,-4.2,True
2024|source=data202409.csv|line=29|event=9|station=41004,41004,20240924,2024,1,60159.0,60239.0,81,81,-1.6500000000000004,0.0801309165568367,3.0,-1.7,False
2024|source=data202409.csv|line=29|event=11|station=41008,41008,20240924,2024,1,64274.0,64335.0,62,62,3.050000000000012,0.0770976176258624,4.0,2.5,False
2024|source=data202409.csv|line=29|event=13|station=41008,41008,20240924,2024,1,69915.0,70081.0,167,167,-3.1191428571428617,0.2136266298753099,45.0,-2.5,False
2024|source=data202409.csv|line=29|event=13|station=41008,41008,20240924,2024,2,70320.0,70380.0,61,61,-3.758571428571429,0.0961309881010409,45.0,-2.5,False
2024|source=data202409.csv|line=29|event=13|station=41008,41008,20240924,2024,3,71228.0,71322.0,95,95,-0.5731493506493592,0.1209939776470872,45.0,-2.5,False
2024|source=data202409.csv|line=29|event=13|station=41008,41008,20240924,2024,4,71702.0,71764.0,63,63,-0.9918376623376588,0.1078702268744787,45.0,-2.5,False
2024|source=data202409.csv|line=29|event=13|station=41008,41008,20240924,2024,5,72141.0,72203.0,63,63,-2.567545454545453,0.0887963600969684,45.0,-2.5,False
2024|source=data202409.csv|line=29|event=10|station=41011,41011,20240924,2024,1,62205.0,62296.0,92,92,-1.3000000000000114,0.0614123290158553,3.0,-1.1,False
2024|source=data202409.csv|line=29|event=11|station=41011,41011,20240924,2024,1,64250.0,64352.0,103,103,1.3000000000000114,0.0524934473969067,4.0,1.0,False
2024|source=data202409.csv|line=29|event=12|station=41011,41011,20240924,2024,1,68159.0,68278.0,120,120,1.2199999999999989,0.0858428833180861,4.0,1.0,False
2024|source=data202409.csv|line=29|event=8|station=41011,41011,20240924,2024,1,4812.0,5107.0,296,296,4.199999999999989,0.1084178358741891,6.0,2.4,False
2024|source=data202409.csv|line=29|event=9|station=41011,41011,20240924,2024,1,60185.0,60274.0,90,90,1.160000000000025,0.0537696175733827,3.0,1.0,False
2024|source=data202409.csv|line=29|event=8|station=42005,42005,20240924,2024,1,5163.0,5263.0,101,101,-2.375,0.0696821402765511,6.0,-0.8,False
2024|source=data202409.csv|line=29|event=11|station=51105,51105,20240924,2024,1,64345.0,64423.0,79,79,-0.7699999999999996,0.0298727142491395,4.0,-0.7,False
2024|source=data202409.csv|line=29|event=13|station=51105,51105,20240924,2024,1,70009.0,70664.0,656,656,1.9055511363636377,0.1422487704481006,45.0,0.7,False
2024|source=data202409.csv|line=29|event=13|station=51105,51105,20240924,2024,2,70693.0,71940.0,1248,1248,0.7185056818181828,0.2812603439933301,45.0,0.7,False
2024|source=data202409.csv|line=29|event=8|station=51105,51105,20240924,2024,1,5010.0,5170.0,161,161,-4.35,0.1219890317951682,6.0,-1.7,False
2024|source=data202409.csv|line=29|event=8|station=51105,51105,20240924,2024,2,5195.0,5263.0,69,69,-3.52,0.0762866656634529,6.0,-1.7,False
2024|source=data202409.csv|line=29|event=10|station=61008,61008,20240924,2024,1,62198.0,62263.0,66,66,-2.5899999999999963,0.0371832628341931,3.0,-2.7,False
2024|source=data202409.csv|line=29|event=11|station=61008,61008,20240924,2024,1,64240.0,64336.0,97,97,2.390000000000001,0.0524108529810355,4.0,2.4,False
2024|source=data202409.csv|line=29|event=12|station=61008,61008,20240924,2024,1,68151.0,68244.0,94,94,2.799999999999997,0.0461907104090233,4.0,2.6,False
2024|source=data202409.csv|line=29|event=13|station=61008,61008,20240924,2024,1,69666.0,70756.0,1091,1091,-1.939269480519485,0.1970757272865605,45.0,-2.4,False
2024|source=data202409.csv|line=29|event=13|station=61008,61008,20240924,2024,2,70760.0,72254.0,1495,1495,-2.893295454545452,0.3213857670206994,45.0,-2.4,False
2024|source=data202409.csv|line=29|event=8|station=61008,61008,20240924,2024,1,5194.0,5263.0,70,70,-5.585000000000001,0.1094436185670525,6.0,6.0,True
2024|source=data202409.csv|line=29|event=9|station=61008,61008,20240924,2024,1,60178.0,60240.0,63,63,2.739999999999995,0.0546212409103855,3.0,2.4,False
2024|source=data202409.csv|line=29|event=13|station=61010,61010,20240924,2024,1,69776.0,72293.0,2518,2518,-0.8104318181818257,0.249780377257822,45.0,-1.0,False
2024|source=data202409.csv|line=29|event=8|station=61010,61010,20240924,2024,1,5068.0,5225.0,158,158,-2.325000000000003,0.1102992314652233,6.0,2.5,False
2024|source=data202409.csv|line=29|event=10|station=61160,61160,20240924,2024,1,62288.0,62412.0,125,125,-0.8800000000000097,0.0339898018138177,3.0,-1.2,False
2024|source=data202409.csv|line=29|event=13|station=61160,61160,20240924,2024,1,69836.0,72269.0,2434,2434,-1.1966071428571468,0.3935084672260344,45.0,-1.1,False
2024|source=data202409.csv|line=29|event=8|station=61160,61160,20240924,2024,1,5183.0,5263.0,81,81,-1.4549999999999983,0.0725952373429258,6.0,2.6,False
2024|source=data202410.csv|line=16|event=27|station=32011,32011,20241004,2024,1,10325.0,12082.0,1758,1758,-1.7360171370967734,0.1520375248375837,33.0,-1.3,False
2024|source=data202410.csv|line=16|event=28|station=32011,32011,20241004,2024,1,15104.0,17784.0,2681,2681,-1.7890000000000017,0.2187537644496121,47.0,-1.3,False
2024|source=data202410.csv|line=16|event=27|station=42005,42005,20241004,2024,1,10883.0,11961.0,1079,1079,-1.5466290322580534,0.1092974535454021,33.0,-1.0,False
2024|source=data202410.csv|line=16|event=28|station=42005,42005,20241004,2024,1,15661.0,16798.0,1138,1138,-0.9417325581395346,0.0938471767352168,47.0,-1.0,False
2024|source=data202410.csv|line=16|event=28|station=42005,42005,20241004,2024,2,16812.0,17693.0,882,882,-0.878546511627917,0.1219266782343387,47.0,-1.0,False
2024|source=data202410.csv|line=16|event=27|station=43002,43002,20241004,2024,1,10278.0,12123.0,1846,1846,3.5354375000000005,0.0959282180242313,33.0,3.6,True
2024|source=data202410.csv|line=16|event=28|station=43002,43002,20241004,2024,1,15176.0,17598.0,2423,2423,4.085546511627911,0.4254061802873959,47.0,3.6,True
2024|source=data202410.csv|line=16|event=27|station=50008,50008,20241004,2024,1,10852.0,11083.0,232,232,-2.742056451612904,0.1014353035534092,33.0,-1.4,False
2024|source=data202410.csv|line=16|event=27|station=50008,50008,20241004,2024,2,11085.0,11974.0,890,890,-3.369572580645161,0.1105269238307797,33.0,-1.4,False
2024|source=data202410.csv|line=16|event=28|station=50008,50008,20241004,2024,1,15140.0,16914.0,1775,1775,-2.2525610465116284,0.1312600691692849,47.0,-1.4,False
2024|source=data202410.csv|line=16|event=28|station=50008,50008,20241004,2024,2,16930.0,17680.0,751,751,-2.64748546511628,0.1438386566349084,47.0,-1.4,False
2024|source=data202410.csv|line=16|event=27|station=50009,50009,20241004,2024,1,10758.0,11891.0,1134,1134,-2.207578629032298,0.2031108645913723,33.0,-1.5,False
2024|source=data202410.csv|line=16|event=28|station=50009,50009,20241004,2024,1,15162.0,17121.0,1960,1960,-1.0116816860465008,0.1662748190470151,47.0,-1.5,False
2024|source=data202410.csv|line=16|event=28|station=50009,50009,20241004,2024,2,17168.0,17553.0,386,386,-1.027614825581395,0.0992290321866128,47.0,-1.5,False
2024|source=data202410.csv|line=16|event=27|station=50023,50023,20241004,2024,1,10776.0,11989.0,1214,1214,-3.0656754032257822,0.1850841479554446,33.0,-1.1,False
2024|source=data202410.csv|line=16|event=28|station=50023,50023,20241004,2024,1,15417.0,17439.0,2023,2023,-2.315656976744151,0.2271606432168373,47.0,-1.1,False
2024|source=data202410.csv|line=23|event=35|station=41006,41006,20241007,2024,1,59077.0,59248.0,172,172,-2.079999999999984,0.0488480593025827,5.0,-1.7,False
2024|source=data202410.csv|line=23|event=37|station=41006,41006,20241007,2024,1,61550.0,62356.0,807,807,1.7199999999999989,0.1689972439441484,14.0,1.7,False
2024|source=data202410.csv|line=15|event=18|station=41004,41004,20241010,2024,1,33148.0,34675.0,1528,1528,0.6544514134275623,0.1188023211266376,88.0,0.5,False
2024|source=data202410.csv|line=15|event=18|station=41004,41004,20241010,2024,2,34737.0,35598.0,862,862,0.3570097173144866,0.1018500337917109,88.0,0.5,False
2024|source=data202410.csv|line=15|event=18|station=41004,41004,20241010,2024,3,35729.0,38386.0,2658,2658,-0.0602871024734987,0.1393611181893571,88.0,0.5,False
2024|source=data202410.csv|line=15|event=19|station=41004,41004,20241010,2024,1,39720.0,40260.0,541,541,1.4600000000000009,0.0877958511355656,25.0,0.5,False
2024|source=data202410.csv|line=15|event=19|station=41004,41004,20241010,2024,2,40364.0,40423.0,60,60,1.9300000000000013,0.0560410370694421,25.0,0.5,False
2024|source=data202410.csv|line=15|event=18|station=41006,41006,20241010,2024,1,33251.0,34103.0,853,853,-1.3428922261484215,0.0957493048848189,88.0,-1.7,False
2024|source=data202410.csv|line=15|event=18|station=41006,41006,20241010,2024,2,34162.0,38317.0,4156,4156,-1.875979681978805,0.2624397767299927,88.0,-1.7,False
2024|source=data202410.csv|line=15|event=19|station=41006,41006,20241010,2024,1,38946.0,40347.0,1402,1402,-0.9950000000000044,0.125348625365798,25.0,-1.7,False
2024|source=data202410.csv|line=15|event=20|station=41006,41006,20241010,2024,1,41161.0,42334.0,1174,1174,1.5200000000000102,0.157476112871653,21.0,1.7,False
2024|source=data202410.csv|line=15|event=21|station=41006,41006,20241010,2024,1,43198.0,44260.0,1063,1063,1.9199999999999875,0.097271729812138,20.0,1.7,False
2024|source=data202410.csv|line=15|event=19|station=61004,61004,20241010,2024,1,39210.0,40020.0,811,811,-1.2100000000000009,0.0935485723967406,25.0,-0.8,False
2024|source=data202410.csv|line=15|event=18|station=61010,61010,20241010,2024,1,33495.0,37980.0,4486,4486,1.886250000000004,0.2546205332673359,88.0,1.0,False
2024|source=data202410.csv|line=15|event=19|station=61010,61010,20241010,2024,1,39341.0,40345.0,1005,1005,1.9299999999999928,0.1189647602563203,25.0,1.0,False
2024|source=data202410.csv|line=15|event=20|station=61010,61010,20241010,2024,1,41278.0,42313.0,1036,1036,-1.039999999999992,0.1892120015880601,21.0,-1.0,False
2024|source=data202410.csv|line=15|event=21|station=61010,61010,20241010,2024,1,43293.0,44278.0,986,986,-0.8900000000000006,0.1046740763956356,20.0,-1.0,False
2024|source=data202410.csv|line=15|event=18|station=61160,61160,20241010,2024,1,33470.0,37980.0,4511,4511,1.8613869257950453,0.2982448576318544,88.0,0.9,False
2024|source=data202410.csv|line=15|event=19|station=61160,61160,20241010,2024,1,39298.0,40310.0,1013,1013,1.8600000000000063,0.162494810730494,25.0,0.9,False
2024|source=data202410.csv|line=15|event=21|station=61160,61160,20241010,2024,1,43252.0,44323.0,1072,1072,-0.7849999999999966,0.1050083181673839,20.0,-0.8,False
2024|source=data202410.csv|line=15|event=18|station=62149,62149,20241010,2024,1,33228.0,33783.0,556,556,4.389574204946996,0.0616639327843701,88.0,4.3,True
2024|source=data202410.csv|line=15|event=18|station=62149,62149,20241010,2024,2,33838.0,38334.0,4497,4497,4.630862190812721,0.1617189941105762,88.0,4.3,True
2024|source=data202410.csv|line=15|event=19|station=62149,62149,20241010,2024,1,38936.0,40341.0,1406,1406,5.144999999999996,0.1206079713830466,25.0,4.3,True
2024|source=data202410.csv|line=15|event=20|station=62149,62149,20241010,2024,1,41160.0,42342.0,1183,1183,-4.239999999999995,0.0544968313435368,21.0,-4.2,True
2024|source=data202410.csv|line=15|event=21|station=62149,62149,20241010,2024,1,43121.0,44263.0,1143,1143,-3.769999999999996,0.0591265146507969,20.0,-4.2,True
2024|source=data202410.csv|line=15|event=18|station=62151,62151,20241010,2024,1,33282.0,33357.0,76,76,6.255735865724379,0.0706742729840189,88.0,5.9,True
2024|source=data202410.csv|line=15|event=18|station=62151,62151,20241010,2024,2,33416.0,33489.0,74,74,6.32988957597173,0.0699784902890522,88.0,5.9,True
2024|source=data202410.csv|line=15|event=18|station=62151,62151,20241010,2024,3,33545.0,34420.0,876,876,6.598246466431096,0.1121713743711328,88.0,5.9,True
2024|source=data202410.csv|line=15|event=18|station=62151,62151,20241010,2024,4,34467.0,34986.0,520,520,6.775204063604239,0.097906381612023,88.0,5.9,True
2024|source=data202410.csv|line=15|event=18|station=62151,62151,20241010,2024,5,35060.0,35415.0,356,356,6.850110424028269,0.0768096986576925,88.0,5.9,True
2024|source=data202410.csv|line=15|event=18|station=62151,62151,20241010,2024,6,35476.0,35659.0,184,184,6.692672261484102,0.1735747020029723,88.0,5.9,True
2024|source=data202410.csv|line=15|event=18|station=62151,62151,20241010,2024,7,35718.0,35926.0,209,209,6.590996466431095,0.0769273435110377,88.0,5.9,True
2024|source=data202410.csv|line=15|event=18|station=62151,62151,20241010,2024,8,35982.0,36119.0,138,138,6.421967314487635,0.0678250917815179,88.0,5.9,True
2024|source=data202410.csv|line=15|event=18|station=62151,62151,20241010,2024,9,36174.0,38200.0,2027,2027,5.982047703180214,0.1191056750668241,88.0,5.9,True
2024|source=data202410.csv|line=15|event=18|station=62151,62151,20241010,2024,10,38233.0,38334.0,102,102,5.966969081272083,0.0718093375282391,88.0,5.9,True
2024|source=data202410.csv|line=15|event=19|station=62151,62151,20241010,2024,1,38973.0,39170.0,198,198,6.43,0.1002142315815922,25.0,5.9,True
2024|source=data202410.csv|line=15|event=19|station=62151,62151,20241010,2024,2,39203.0,40315.0,1113,1113,6.969999999999999,0.1103483033138725,25.0,5.9,True
2024|source=data202410.csv|line=15|event=20|station=62151,62151,20241010,2024,1,41159.0,42109.0,951,951,-5.800000000000001,0.0940520768735676,21.0,-5.8,True
2024|source=data202410.csv|line=15|event=20|station=62151,62151,20241010,2024,2,42190.0,42362.0,173,173,-5.5600000000000005,0.0934413003523092,21.0,-5.8,True
2024|source=data202410.csv|line=15|event=21|station=62151,62151,20241010,2024,1,43155.0,43376.0,222,222,-5.750000000000002,0.0742436114637649,20.0,-5.7,True
2024|source=data202410.csv|line=15|event=21|station=62151,62151,20241010,2024,2,43437.0,44250.0,814,814,-5.510000000000002,0.0805442340597868,20.0,-5.7,True
2024|source=data202410.csv|line=15|event=18|station=62239,62239,20241010,2024,1,33599.0,38076.0,4478,4478,1.2962102473498227,0.1737813011644616,88.0,0.9,False
2024|source=data202410.csv|line=15|event=19|station=62239,62239,20241010,2024,1,39446.0,40383.0,938,938,2.165,0.057766498233114,25.0,0.9,False
2024|source=data202410.csv|line=15|event=20|station=62239,62239,20241010,2024,1,41208.0,42019.0,812,812,-0.3900000000000001,0.0463328361290894,21.0,-0.9,False
2024|source=data202410.csv|line=15|event=26|station=41006,41006,20241011,2024,1,7670.0,7771.0,102,102,-2.1250000000000284,0.1562132474007345,27.0,-1.9,False
2024|source=data202410.csv|line=15|event=26|station=41006,41006,20241011,2024,2,7819.0,7895.0,77,77,-2.530000000000001,0.1453799391366355,27.0,-1.9,False
2024|source=data202410.csv|line=15|event=26|station=41006,41006,20241011,2024,3,7974.0,8035.0,62,62,-4.260000000000019,0.0952810562334228,27.0,-1.9,False
2024|source=data202410.csv|line=15|event=26|station=61004,61004,20241011,2024,1,7624.0,7847.0,224,224,-11.249999999999991,0.1104959471835041,27.0,-0.8,False
2024|source=data202410.csv|line=15|event=26|station=61004,61004,20241011,2024,2,7941.0,8397.0,457,457,-13.474999999999994,0.2046167728974964,27.0,-0.8,False
2024|source=data202410.csv|line=15|event=26|station=62149,62149,20241011,2024,1,7044.0,7441.0,398,398,3.555000000000007,0.1010457916709878,27.0,4.7,True
2024|source=data202410.csv|line=15|event=26|station=62149,62149,20241011,2024,2,7489.0,8029.0,541,541,3.530000000000001,0.2189532835824309,27.0,4.7,True
2024|source=data202410.csv|line=15|event=26|station=62149,62149,20241011,2024,3,8092.0,8160.0,69,69,1.8300000000000125,0.0704070231669702,27.0,4.7,True
2024|source=data202410.csv|line=15|event=25|station=62151,62151,20241011,2024,1,4554.0,4635.0,82,82,-5.910000000000004,0.0784262723063362,3.0,-6.4,True
2024|source=data202410.csv|line=15|event=26|station=62151,62151,20241011,2024,1,6952.0,7178.0,227,227,4.994999999999997,0.1197533227862368,27.0,6.5,True
2024|source=data202410.csv|line=15|event=26|station=62151,62151,20241011,2024,2,7238.0,7604.0,367,367,4.024999999999999,0.1011650543488837,27.0,6.5,True
2024|source=data202410.csv|line=15|event=26|station=62151,62151,20241011,2024,3,7661.0,7845.0,185,185,2.904999999999994,0.1029142245065815,27.0,6.5,True
2024|source=data202410.csv|line=15|event=26|station=62151,62151,20241011,2024,4,7976.0,8244.0,269,269,1.9749999999999943,0.1622470740283224,27.0,6.5,True
2024|source=data202410.csv|line=15|event=26|station=62151,62151,20241011,2024,5,8302.0,8507.0,206,206,1.634999999999998,0.1471835897487756,27.0,6.5,True
2024|source=data202410.csv|line=15|event=26|station=62239,62239,20241011,2024,1,7740.0,8043.0,304,304,4.33,0.1324012485574736,27.0,1.0,False
2024|source=data202410.csv|line=15|event=26|station=62239,62239,20241011,2024,2,8125.0,8426.0,302,302,6.51,0.0780879894028054,27.0,1.0,False
2024|source=data202410.csv|line=15|event=26|station=62239,62239,20241011,2024,3,8483.0,8623.0,141,141,7.699999999999999,0.0998137417340973,27.0,1.0,False
2024|source=data202410.csv|line=3|event=40|station=32011,32011,20241012,2024,1,56483.0,57920.0,1438,1438,1.9895375939849629,0.0934691576773437,33.0,2.5,False
2024|source=data202410.csv|line=12|event=3|station=44003,44003,20241017,2024,1,58078.0,58295.0,218,218,-11.530000000002474,0.0734101369116012,7.0,-11.1,True
2024|source=data202410.csv|line=12|event=3|station=44003,44003,20241017,2024,2,58330.0,58400.0,71,71,-11.090000000000146,0.0568577370246301,7.0,-11.1,True
2024|source=data202410.csv|line=12|event=5|station=44003,44003,20241017,2024,1,62102.0,62297.0,196,196,-11.040000000000871,0.0308090237799105,9.0,-11.1,True
2024|source=data202410.csv|line=12|event=6|station=44003,44003,20241017,2024,1,64029.0,64095.0,67,67,-8.209999999999127,0.0733386247105329,12.0,-11.0,True
2024|source=data202410.csv|line=12|event=6|station=44003,44003,20241017,2024,2,64216.0,64386.0,171,171,-11.270000000000437,0.0516647595296933,12.0,-11.0,True
2024|source=data202410.csv|line=12|event=7|station=44003,44003,20241017,2024,1,65726.0,65801.0,76,76,-2.7299999999995634,0.0328632393289534,6.0,-2.7,False
2024|source=data202410.csv|line=12|event=8|station=44003,44003,20241017,2024,1,69847.0,70301.0,455,455,5.43999999999869,0.0401358392249086,9.0,5.1,True
2024|source=data202410.csv|line=12|event=9|station=44003,44003,20241017,2024,1,75282.0,77174.0,1893,1893,-11.89812053571586,0.0724888492516613,33.0,-11.1,True
2024|source=data202410.csv|line=12|event=3|station=45008,45008,20241017,2024,1,58167.0,58420.0,254,254,1.2199999999999989,0.0547483368167086,7.0,1.3,False
2024|source=data202410.csv|line=12|event=5|station=45008,45008,20241017,2024,1,62097.0,62338.0,242,242,1.2949999999999982,0.0475530907315475,9.0,1.3,False
2024|source=data202410.csv|line=12|event=6|station=45008,45008,20241017,2024,1,64247.0,64422.0,176,176,1.459999999999999,0.0639119476350648,12.0,1.3,False
2024|source=data202410.csv|line=12|event=9|station=45008,45008,20241017,2024,1,75438.0,77099.0,1662,1662,1.5117109375000002,0.1094560070123943,33.0,1.3,False
2024|source=data202410.csv|line=12|event=10|station=44003,44003,20241018,2024,1,12323.0,12382.0,60,60,10.440000000002328,0.0679139537623196,15.0,11.1,True
2024|source=data202410.csv|line=12|event=10|station=44003,44003,20241018,2024,2,12469.0,12583.0,115,115,9.200000000000728,0.0645294410192449,15.0,11.1,True
2024|source=data202410.csv|line=12|event=10|station=44003,44003,20241018,2024,3,12609.0,12711.0,103,103,8.400000000001455,0.0642209123681712,15.0,11.1,True
2024|source=data202410.csv|line=12|event=10|station=44003,44003,20241018,2024,4,12733.0,12985.0,253,253,7.200000000000728,0.0768489104994771,15.0,11.1,True
2024|source=data202410.csv|line=12|event=10|station=44003,44003,20241018,2024,5,13008.0,13089.0,82,82,6.06000000000131,0.0591552953869209,15.0,11.1,True
2024|source=data202410.csv|line=12|event=14|station=44003,44003,20241018,2024,1,21192.0,21382.0,191,191,3.470000000001164,0.0863199616048926,8.0,2.6,False
2024|source=data202410.csv|line=12|event=15|station=44003,44003,20241018,2024,1,24097.0,25480.0,1384,1384,-4.430000000000291,0.0899438208314438,27.0,-5.5,True
2024|source=data202410.csv|line=12|event=15|station=44003,44003,20241018,2024,2,25493.0,25657.0,165,165,-2.9199999999982538,0.0842347347355803,27.0,-5.5,True
2024|source=data202410.csv|line=12|event=16|station=44003,44003,20241018,2024,1,30418.0,31000.0,583,583,12.599999999998545,0.1102152016380656,11.0,10.9,True
2024|source=data202410.csv|line=12|event=10|station=45008,45008,20241018,2024,1,12856.0,13183.0,328,328,-3.82,0.1569046424997269,15.0,-1.3,False
2024|source=data202410.csv|line=33|event=41|station=43002,43002,20241023,2024,1,36388.0,36571.0,184,184,-5.360000000000014,0.081748429607518,4.0,-5.1,True
2024|source=data202411.csv|line=9|event=24|station=44003,44003,20241111,2024,1,40863.0,42532.0,1670,1670,-3.0494609899287752,0.1210225144904905,95.0,-1.1,False
2024|source=data202411.csv|line=9|event=24|station=44003,44003,20241111,2024,2,42549.0,42747.0,199,199,-3.1394781879207585,0.120566784540208,95.0,-1.1,False
2024|source=data202411.csv|line=9|event=24|station=44003,44003,20241111,2024,3,42764.0,46455.0,3692,3692,-3.304789848989458,0.2046520452674447,95.0,-1.1,False
2024|source=data202411.csv|line=28|event=8|station=32019,32019,20241114,2024,1,13908.0,14639.0,732,732,-1.7250000000000014,0.0893892449048348,18.0,-0.8,False
2024|source=data202411.csv|line=28|event=5|station=41004,41004,20241114,2024,1,8927.0,8993.0,67,67,7.43,0.0646875895004589,3.0,9.2,True
2024|source=data202411.csv|line=28|event=6|station=41004,41004,20241114,2024,1,10523.0,10624.0,102,102,-8.225,0.0676724421188653,3.0,-8.9,True
2024|source=data202411.csv|line=28|event=7|station=41004,41004,20241114,2024,1,11920.0,12015.0,96,96,-8.565000000000001,0.0686613126503384,3.0,-9.0,True
2024|source=data202411.csv|line=28|event=8|station=41004,41004,20241114,2024,1,13590.0,14638.0,1049,1049,6.38,0.1585640468861238,18.0,9.2,True
2024|source=data202411.csv|line=28|event=8|station=41008,41008,20241114,2024,1,14139.0,14260.0,122,122,-5.859999999999999,0.1301234548859562,18.0,-4.6,True
2024|source=data202411.csv|line=28|event=6|station=41011,41011,20241114,2024,1,10526.0,10627.0,102,102,12.574999999999989,0.0484788060304411,3.0,13.2,True
2024|source=data202411.csv|line=28|event=7|station=41011,41011,20241114,2024,1,11916.0,12017.0,102,102,12.27000000000001,0.0512579925104092,3.0,13.4,True
2024|source=data202411.csv|line=28|event=8|station=41011,41011,20241114,2024,1,13607.0,13780.0,174,174,-13.900000000000006,0.0669596261126075,18.0,-13.7,True
2024|source=data202411.csv|line=28|event=8|station=41011,41011,20241114,2024,2,13841.0,14638.0,798,798,-15.370000000000005,0.1042142509315065,18.0,-13.7,True
2024|source=data202411.csv|line=28|event=5|station=61008,61008,20241114,2024,1,8926.0,8996.0,71,71,1.8900000000000008,0.0593138789428908,3.0,2.0,False
2024|source=data202411.csv|line=28|event=6|station=61008,61008,20241114,2024,1,10524.0,10615.0,92,92,-2.43,0.0839613841791969,3.0,-1.9,False
2024|source=data202411.csv|line=28|event=7|station=61008,61008,20241114,2024,1,11910.0,12017.0,108,108,-2.235000000000003,0.0888595733712762,3.0,-1.9,False
2024|source=data202411.csv|line=28|event=8|station=61008,61008,20241114,2024,1,13589.0,13733.0,145,145,0.9449999999999984,0.1337475976793719,18.0,2.0,False
2024|source=data202411.csv|line=28|event=8|station=61008,61008,20241114,2024,2,13775.0,13874.0,100,100,0.3699999999999992,0.0985179562860043,18.0,2.0,False
2024|source=data202411.csv|line=28|event=8|station=61008,61008,20241114,2024,3,13893.0,14111.0,219,219,-0.1349999999999998,0.122279848944476,18.0,2.0,False
2024|source=data202411.csv|line=28|event=5|station=61010,61010,20241114,2024,1,8922.0,8992.0,71,71,14.91000000000001,0.0465368498029921,3.0,17.5,True
2024|source=data202411.csv|line=28|event=6|station=61010,61010,20241114,2024,1,10514.0,10621.0,108,108,-15.505000000000004,0.1337662502928982,3.0,-16.9,True
2024|source=data202411.csv|line=28|event=7|station=61010,61010,20241114,2024,1,11905.0,12014.0,110,110,-15.960000000000008,0.0786255918933893,3.0,-17.1,True
2024|source=data202411.csv|line=28|event=8|station=61010,61010,20241114,2024,1,13583.0,13729.0,147,147,14.78,0.1177323480638732,18.0,17.5,True
2024|source=data202411.csv|line=28|event=8|station=61010,61010,20241114,2024,2,13754.0,14237.0,484,484,13.554999999999993,0.1084338853696022,18.0,17.5,True
2024|source=data202411.csv|line=28|event=8|station=61010,61010,20241114,2024,3,14242.0,14527.0,286,286,12.209999999999994,0.1381695368733329,18.0,17.5,True
2024|source=data202411.csv|line=28|event=8|station=61010,61010,20241114,2024,4,14538.0,14638.0,101,101,11.379999999999995,0.1014897448566368,18.0,17.5,True
2024|source=data202411.csv|line=28|event=6|station=61160,61160,20241114,2024,1,10539.0,10625.0,87,87,-5.530000000000001,0.0609041653168261,3.0,-5.7,True
2024|source=data202411.csv|line=28|event=7|station=61160,61160,20241114,2024,1,11932.0,12015.0,84,84,-6.254999999999996,0.0489520754098682,3.0,-5.7,True
2024|source=data202411.csv|line=28|event=8|station=61160,61160,20241114,2024,1,13673.0,14389.0,717,717,2.8300000000000054,0.0939505596080115,18.0,5.9,True
2024|source=data202411.csv|line=28|event=5|station=62149,62149,20241114,2024,1,8933.0,8994.0,62,62,4.530000000000001,0.0793932456924858,3.0,4.8,True
2024|source=data202411.csv|line=28|event=6|station=62149,62149,20241114,2024,1,10529.0,10625.0,97,97,-4.799999999999997,0.0733635137397364,3.0,-4.7,True
2024|source=data202411.csv|line=28|event=8|station=62149,62149,20241114,2024,1,13620.0,14067.0,448,448,3.980000000000018,0.0926627545059844,18.0,4.8,True
2024|source=data202411.csv|line=28|event=8|station=62149,62149,20241114,2024,2,14112.0,14401.0,290,290,2.2700000000000102,0.071805055695243,18.0,4.8,True
2024|source=data202411.csv|line=28|event=6|station=62151,62151,20241114,2024,1,10648.0,10723.0,76,76,-6.615,0.0575813362269848,3.0,-7.0,True
2024|source=data202411.csv|line=28|event=8|station=62151,62151,20241114,2024,1,13718.0,14387.0,670,670,5.185000000000002,0.1071626999985384,18.0,7.2,True
2024|source=data202411.csv|line=28|event=8|station=62151,62151,20241114,2024,2,14427.0,14683.0,257,257,3.66,0.0788012659930607,18.0,7.2,True
2024|source=data202411.csv|line=28|event=6|station=62239,62239,20241114,2024,1,10562.0,10723.0,162,162,-1.2800000000000011,0.1437754583564987,3.0,-1.0,False
2024|source=data202411.csv|line=28|event=7|station=62239,62239,20241114,2024,1,11923.0,12103.0,181,181,-0.9299999999999996,0.1576325828556373,3.0,-1.0,False
2024|source=data202411.csv|line=33|event=10|station=43002,43002,20241116,2024,1,18606.0,19835.0,1230,1230,-8.899999999999977,0.1030770904741284,22.0,-10.3,True
2024|source=data202411.csv|line=6|event=23|station=32011,32011,20241118,2024,1,13593.0,14383.0,791,791,-3.7,0.1201809705925418,19.0,-3.6,True
2024|source=data202411.csv|line=6|event=23|station=32011,32011,20241118,2024,2,14455.0,14673.0,219,219,-3.5800000000000005,0.0640758240387237,19.0,-3.6,True
2024|source=data202411.csv|line=6|event=23|station=42005,42005,20241118,2024,1,14295.0,14743.0,449,449,-4.48,0.0730841817966078,19.0,-1.0,False
2024|source=data202411.csv|line=6|event=23|station=50008,50008,20241118,2024,1,14165.0,14540.0,376,376,-8.155000000000001,0.0769451313747809,19.0,-4.1,True
2024|source=data202411.csv|line=6|event=23|station=50008,50008,20241118,2024,2,14542.0,14673.0,132,132,-9.56,0.0888740011281733,19.0,-4.1,True
2024|source=data202411.csv|line=6|event=23|station=50009,50009,20241118,2024,1,14177.0,14236.0,60,60,-4.624999999999972,0.0413405414351466,19.0,-1.7,False
2024|source=data202411.csv|line=6|event=23|station=50009,50009,20241118,2024,2,14282.0,14364.0,83,83,-5.090000000000003,0.050694142984721,19.0,-1.7,False
2024|source=data202411.csv|line=6|event=23|station=50009,50009,20241118,2024,3,14395.0,14505.0,111,111,-5.5,0.0890745994671342,19.0,-1.7,False
2024|source=data202411.csv|line=6|event=23|station=50009,50009,20241118,2024,4,14554.0,14679.0,126,126,-6.119999999999976,0.0701602839631355,19.0,-1.7,False
2024|source=data202411.csv|line=6|event=23|station=50023,50023,20241118,2024,1,13933.0,14631.0,699,699,-14.129999999999995,0.1653895138539872,19.0,-8.8,True
2024|source=data202411.csv|line=37|event=13|station=32011,32011,20241126,2024,1,41167.0,41737.0,571,571,-1.2349999999999994,0.1052123124361296,10.416666666666666,-1.2,False
2024|source=data202411.csv|line=37|event=14|station=32011,32011,20241126,2024,1,42410.0,42976.0,567,567,1.7949999999999982,0.1026915986407799,12.5,1.3,False
2024|source=data202411.csv|line=37|event=15|station=32011,32011,20241126,2024,1,43324.0,44083.0,760,760,2.0299999999999976,0.1146330643447749,13.95,1.3,False
2024|source=data202411.csv|line=37|event=17|station=32011,32011,20241126,2024,1,46571.0,46632.0,62,62,-1.3949999999999996,0.0716745520242832,1.933333333333333,-1.3,False
2024|source=data202411.csv|line=37|event=18|station=32011,32011,20241126,2024,1,47505.0,47607.0,103,103,1.2399999999999984,0.0541879420449388,2.533333333333333,1.3,False
2024|source=data202411.csv|line=37|event=19|station=32011,32011,20241126,2024,1,48691.0,48773.0,83,83,1.5599999999999987,0.1011412479428496,2.5,1.3,False
2024|source=data202411.csv|line=37|event=20|station=32011,32011,20241126,2024,1,49223.0,49601.0,379,379,-1.349999999999998,0.0997890489867458,7.333333333333333,-1.3,False
2024|source=data202411.csv|line=37|event=17|station=32019,32019,20241126,2024,1,46605.0,46667.0,63,63,-0.6200000000000001,0.0469848440515748,1.933333333333333,-0.4,False
2024|source=data202411.csv|line=37|event=20|station=32019,32019,20241126,2024,1,49294.0,49624.0,331,331,-0.6900000000000004,0.1434214648807364,7.333333333333333,-0.4,False
2024|source=data202411.csv|line=37|event=13|station=41004,41004,20241126,2024,1,41179.0,41737.0,559,559,-2.2900000000000027,0.0942130993890149,10.416666666666666,-2.1,False
2024|source=data202411.csv|line=37|event=14|station=41004,41004,20241126,2024,1,42398.0,42977.0,580,580,2.6499999999999986,0.0742809514524747,12.5,2.2,False
2024|source=data202411.csv|line=37|event=15|station=41004,41004,20241126,2024,1,43311.0,44084.0,774,774,2.405000000000001,0.0803664490677406,13.95,2.2,False
2024|source=data202411.csv|line=37|event=18|station=41004,41004,20241126,2024,1,47528.0,47607.0,80,80,2.1050000000000004,0.0759835347514752,2.533333333333333,2.2,False
2024|source=data202411.csv|line=37|event=19|station=41004,41004,20241126,2024,1,48687.0,48773.0,87,87,2.09,0.0747277712303677,2.5,2.2,False
2024|source=data202411.csv|line=37|event=20|station=41004,41004,20241126,2024,1,49231.0,49602.0,372,372,-2.210000000000001,0.0741148033011083,7.333333333333333,-2.2,False
2024|source=data202411.csv|line=37|event=13|station=41011,41011,20241126,2024,1,41187.0,41740.0,554,554,-1.7549999999999957,0.0893490963016021,10.416666666666666,-1.5,False
2024|source=data202411.csv|line=37|event=14|station=41011,41011,20241126,2024,1,42339.0,42980.0,642,642,2.150000000000034,0.0837070607113856,12.5,1.6,False
2024|source=data202411.csv|line=37|event=15|station=41011,41011,20241126,2024,1,43862.0,44058.0,197,197,2.3100000000000023,0.0596763968484394,13.95,1.6,False
2024|source=data202411.csv|line=37|event=18|station=41011,41011,20241126,2024,1,47525.0,47611.0,87,87,1.5900000000000318,0.0540816977123853,2.533333333333333,1.6,False
2024|source=data202411.csv|line=37|event=19|station=41011,41011,20241126,2024,1,48687.0,48777.0,91,91,1.5950000000000273,0.0482702996055669,2.5,1.6,False
2024|source=data202411.csv|line=37|event=20|station=41011,41011,20241126,2024,1,49232.0,49605.0,374,374,-1.7800000000000296,0.0700870102104953,7.333333333333333,-1.6,False
2024|source=data202411.csv|line=37|event=13|station=42005,42005,20241126,2024,1,41416.0,41697.0,282,282,-7.144999999999999,0.0781535261187141,10.416666666666666,-4.0,True
2024|source=data202411.csv|line=37|event=14|station=42005,42005,20241126,2024,1,42618.0,42945.0,328,328,9.7,0.102997131312689,12.5,4.1,True
2024|source=data202411.csv|line=37|event=15|station=42005,42005,20241126,2024,1,43504.0,44030.0,527,527,5.819999999999999,0.1635279994414855,13.95,4.2,True
2024|source=data202411.csv|line=37|event=17|station=42005,42005,20241126,2024,1,46566.0,46625.0,60,60,-4.215,0.0466135757622149,1.933333333333333,-4.1,True
2024|source=data202411.csv|line=37|event=20|station=42005,42005,20241126,2024,1,49507.0,49580.0,74,74,-8.115,0.0463265335748232,7.333333333333333,-4.2,True
2024|source=data202411.csv|line=37|event=13|station=50008,50008,20241126,2024,1,41166.0,41736.0,571,571,-4.75,0.1234800115308422,10.416666666666666,-4.0,True
2024|source=data202411.csv|line=37|event=14|station=50008,50008,20241126,2024,1,42277.0,42976.0,700,700,4.605,0.1069742579561217,12.5,4.1,True
2024|source=data202411.csv|line=37|event=15|station=50008,50008,20241126,2024,1,43295.0,44082.0,788,788,4.329999999999998,0.129203509115939,13.95,4.2,True
2024|source=data202411.csv|line=37|event=17|station=50008,50008,20241126,2024,1,46569.0,46631.0,63,63,-3.940000000000001,0.0463090913548063,1.933333333333333,-4.1,True
2024|source=data202411.csv|line=37|event=18|station=50008,50008,20241126,2024,1,47507.0,47606.0,100,100,4.065000000000001,0.0637900982885582,2.533333333333333,4.1,True
2024|source=data202411.csv|line=37|event=19|station=50008,50008,20241126,2024,1,48673.0,48772.0,100,100,4.100000000000001,0.0622809191911095,2.5,4.1,True
2024|source=data202411.csv|line=37|event=20|station=50008,50008,20241126,2024,1,49211.0,49601.0,391,391,-4.154999999999998,0.0634889529352794,7.333333333333333,-4.1,True
2024|source=data202411.csv|line=37|event=13|station=50009,50009,20241126,2024,1,41267.0,41730.0,464,464,-3.280000000000001,0.1091493751830945,10.416666666666666,-2.0,False
2024|source=data202411.csv|line=37|event=14|station=50009,50009,20241126,2024,1,42324.0,42979.0,656,656,3.050000000000012,0.1104854417306691,12.5,2.1,False
2024|source=data202411.csv|line=37|event=15|station=50009,50009,20241126,2024,1,43366.0,44081.0,716,716,2.8899999999999864,0.113498575246271,13.95,2.1,False
2024|source=data202411.csv|line=37|event=18|station=50009,50009,20241126,2024,1,47522.0,47609.0,88,88,2.349999999999966,0.0617093821462155,2.533333333333333,2.1,False
2024|source=data202411.csv|line=37|event=19|station=50009,50009,20241126,2024,1,48691.0,48775.0,85,85,2.3300000000000125,0.0445348786093933,2.5,2.1,False
2024|source=data202411.csv|line=37|event=20|station=50009,50009,20241126,2024,1,49274.0,49602.0,329,329,-3.009999999999991,0.0746112578900197,7.333333333333333,-2.1,False
2024|source=data202411.csv|line=37|event=13|station=50023,50023,20241126,2024,1,41208.0,41735.0,528,528,-13.0,0.1596931255621994,10.416666666666666,-11.1,True
2024|source=data202411.csv|line=37|event=14|station=50023,50023,20241126,2024,1,42304.0,42974.0,671,671,12.410000000000023,0.1989416594520645,12.5,11.4,True
2024|source=data202411.csv|line=37|event=15|station=50023,50023,20241126,2024,1,43320.0,44082.0,763,763,12.060000000000002,0.1638569529544707,13.95,11.6,True
2024|source=data202411.csv|line=37|event=19|station=50023,50023,20241126,2024,1,48702.0,48771.0,70,70,11.78000000000003,0.0335999017469271,2.5,11.5,True
2024|source=data202411.csv|line=37|event=20|station=50023,50023,20241126,2024,1,49249.0,49600.0,352,352,-12.39500000000004,0.1037894617642909,7.333333333333333,-11.6,True
2024|source=data202412.csv|line=36|event=20|station=32011,32011,20241203,2024,1,17009.0,17232.0,224,224,-10.536783005617975,0.1042979892177961,54.0,-10.5,True
2024|source=data202412.csv|line=36|event=20|station=32011,32011,20241203,2024,2,17268.0,17419.0,152,152,-11.27427879213483,0.1020693988594848,54.0,-10.5,True
2024|source=data202412.csv|line=36|event=20|station=32011,32011,20241203,2024,3,17501.0,17767.0,267,267,-10.973393258426968,0.1453153787413408,54.0,-10.5,True
2024|source=data202412.csv|line=36|event=20|station=32011,32011,20241203,2024,4,17784.0,18477.0,694,694,-11.159521769662922,0.1813748292161647,54.0,-10.5,True
2024|source=data202412.csv|line=36|event=20|station=32011,32011,20241203,2024,5,18540.0,20223.0,1684,1684,-11.48085463483146,0.2303021856929644,54.0,-10.5,True
2024|source=data202412.csv|line=36|event=20|station=32019,32019,20241203,2024,1,17022.0,18325.0,1304,1304,0.7892837078651685,0.1313908373267314,54.0,1.2,False
2024|source=data202412.csv|line=36|event=20|station=32019,32019,20241203,2024,2,18797.0,20214.0,1418,1418,0.6002949438202247,0.1221353575372869,54.0,1.2,False
2024|source=data202412.csv|line=36|event=20|station=41004,41004,20241203,2024,1,17009.0,20226.0,3218,3218,1.803932584269664,0.2072311786798704,54.0,2.3,False
2024|source=data202412.csv|line=36|event=20|station=41011,41011,20241203,2024,1,17018.0,18296.0,1279,1279,2.0098567415730315,0.1316464061286168,54.0,1.6,False
2024|source=data202412.csv|line=36|event=20|station=41011,41011,20241203,2024,2,18664.0,20229.0,1566,1566,1.7434424157303283,0.0985099039867918,54.0,1.6,False
2024|source=data202412.csv|line=36|event=20|station=42005,42005,20241203,2024,1,17155.0,20162.0,3008,3008,6.4763110955056185,0.4434705461662735,54.0,7.5,True
2024|source=data202412.csv|line=36|event=20|station=50008,50008,20241203,2024,1,16996.0,17134.0,139,139,4.206446629213483,0.0638438874880595,54.0,4.3,True
2024|source=data202412.csv|line=36|event=20|station=50008,50008,20241203,2024,2,17161.0,17309.0,149,149,3.5278230337078664,0.0838362885661318,54.0,4.3,True
2024|source=data202412.csv|line=36|event=20|station=50008,50008,20241203,2024,3,17339.0,17532.0,194,194,4.275858146067417,0.0730474072475383,54.0,4.3,True
2024|source=data202412.csv|line=36|event=20|station=50008,50008,20241203,2024,4,17558.0,18344.0,787,787,3.4493848314606748,0.241626549836358,54.0,4.3,True
2024|source=data202412.csv|line=36|event=20|station=50008,50008,20241203,2024,5,18352.0,20224.0,1873,1873,3.4729157303370783,0.2368188164599556,54.0,4.3,True
2024|source=data202412.csv|line=36|event=20|station=50009,50009,20241203,2024,1,17006.0,20228.0,3223,3223,1.6292738764044827,0.3602864317478653,54.0,2.3,False
2024|source=data202412.csv|line=36|event=20|station=50023,50023,20241203,2024,1,17009.0,17272.0,264,264,11.819183988764053,0.2114966441694492,54.0,12.0,True
2024|source=data202412.csv|line=36|event=20|station=50023,50023,20241203,2024,2,17301.0,17493.0,193,193,12.668463483146011,0.1295210529074505,54.0,12.0,True
2024|source=data202412.csv|line=36|event=20|station=50023,50023,20241203,2024,3,17541.0,18327.0,787,787,11.756955056179777,0.3208245075128068,54.0,12.0,True
2024|source=data202412.csv|line=36|event=20|station=50023,50023,20241203,2024,4,18368.0,20223.0,1856,1856,11.623130617977552,0.2818032276738447,54.0,12.0,True
2024|source=data202412.csv|line=14|event=4|station=44003,44003,20241214,2024,1,53297.0,54648.0,1352,1352,-1.5899808951980958,0.1187528680532622,72.0,-1.3,False
2024|source=data202412.csv|line=14|event=4|station=44003,44003,20241214,2024,2,54651.0,54800.0,150,150,-1.677920851529052,0.1359389252922364,72.0,-1.3,False
2024|source=data202412.csv|line=14|event=4|station=44003,44003,20241214,2024,3,54830.0,55179.0,350,350,-1.5960420305636944,0.146263601202467,72.0,-1.3,False
2024|source=data202412.csv|line=14|event=4|station=44003,44003,20241214,2024,4,55213.0,55546.0,334,334,-1.5800758733603288,0.1093727146482929,72.0,-1.3,False
2024|source=data202412.csv|line=14|event=4|station=44003,44003,20241214,2024,5,55608.0,56315.0,708,708,-1.615296397383645,0.1066052022444587,72.0,-1.3,False
2024|source=data202412.csv|line=14|event=4|station=44003,44003,20241214,2024,6,56319.0,57572.0,1254,1254,-1.7134012008718855,0.1280482313975281,72.0,-1.3,False
2024|source=data202412.csv|line=14|event=4|station=44011,44011,20241214,2024,1,53323.0,53769.0,447,447,-11.23192139737991,0.143313010046294,72.0,-11.1,True
2024|source=data202412.csv|line=14|event=4|station=44011,44011,20241214,2024,2,53885.0,54718.0,834,834,-11.28572598253275,0.134739706407137,72.0,-11.1,True
2024|source=data202412.csv|line=14|event=4|station=44011,44011,20241214,2024,3,54767.0,55321.0,555,555,-11.833078602620088,0.1381896628189051,72.0,-11.1,True
2024|source=data202412.csv|line=14|event=4|station=44011,44011,20241214,2024,4,55357.0,56662.0,1306,1306,-11.959568777292578,0.1504095826639686,72.0,-11.1,True
2024|source=data202412.csv|line=14|event=4|station=44011,44011,20241214,2024,5,56730.0,57568.0,839,839,-11.808569868995631,0.1237065032118451,72.0,-11.1,True
2024|source=data202412.csv|line=27|event=8|station=41006,41006,20241215,2024,1,4367.0,4558.0,192,192,1.8000000000000114,0.0542960040883043,4.0,1.8,False
2024|source=data202412.csv|line=27|event=8|station=61004,61004,20241215,2024,1,4497.0,4567.0,71,71,-1.6499999999999986,0.0311445515465302,4.0,-1.7,False
2024|source=data202412.csv|line=5|event=21|station=32011,32011,20241217,2024,1,12879.0,13371.0,493,493,-3.2195,0.0990548497757048,73.0,-1.1,False
2024|source=data202412.csv|line=5|event=21|station=32011,32011,20241217,2024,2,13394.0,14220.0,827,827,-3.759768085106381,0.1345810062181495,73.0,-1.1,False
2024|source=data202412.csv|line=5|event=22|station=32011,32011,20241217,2024,1,16920.0,18870.0,1951,1951,-0.1807761732851975,0.2459894155371654,87.0,-1.0,False
2024|source=data202412.csv|line=5|event=22|station=32011,32011,20241217,2024,2,19224.0,19291.0,68,68,-6.639115523465703,0.0603076703197358,87.0,-1.0,False
2024|source=data202412.csv|line=5|event=22|station=32011,32011,20241217,2024,3,19473.0,19552.0,80,80,-5.309602888086641,0.0976950815177819,87.0,-1.0,False
2024|source=data202412.csv|line=5|event=22|station=32011,32011,20241217,2024,4,19605.0,19816.0,212,212,-4.598216606498195,0.1095854047313625,87.0,-1.0,False
2024|source=data202412.csv|line=5|event=22|station=32011,32011,20241217,2024,5,20217.0,20365.0,149,149,-3.040061371841155,0.1550269775667601,87.0,-1.0,False
2024|source=data202412.csv|line=5|event=22|station=32011,32011,20241217,2024,6,20453.0,20518.0,66,66,-1.682638989169675,0.0804988559412748,87.0,-1.0,False
2024|source=data202412.csv|line=5|event=22|station=32011,32011,20241217,2024,7,20677.0,20744.0,68,68,-3.314245487364621,0.0757442513875406,87.0,-1.0,False
2024|source=data202412.csv|line=5|event=22|station=32011,32011,20241217,2024,8,20820.0,20888.0,69,69,-4.756725631768953,0.082424595672126,87.0,-1.0,False
2024|source=data202412.csv|line=5|event=22|station=32011,32011,20241217,2024,9,20905.0,21098.0,194,194,-4.140389891696749,0.1109542987534458,87.0,-1.0,False
2024|source=data202412.csv|line=5|event=23|station=32011,32011,20241217,2024,1,26672.0,27142.0,471,471,1.7722445255474426,0.107491813737681,86.0,1.0,False
2024|source=data202412.csv|line=5|event=23|station=32011,32011,20241217,2024,2,27144.0,28266.0,1123,1123,1.94220802919708,0.2972338171083616,86.0,1.0,False
2024|source=data202412.csv|line=5|event=23|station=32011,32011,20241217,2024,3,28275.0,28534.0,260,260,0.9346259124087588,0.1228783174767911,86.0,1.0,False
2024|source=data202412.csv|line=5|event=23|station=32011,32011,20241217,2024,4,28558.0,29011.0,454,454,1.279370437956203,0.0944923399990687,86.0,1.0,False
2024|source=data202412.csv|line=5|event=23|station=32011,32011,20241217,2024,5,29037.0,29632.0,596,596,1.7972901459854036,0.2024987524137095,86.0,1.0,False
2024|source=data202412.csv|line=5|event=23|station=32011,32011,20241217,2024,6,29636.0,30114.0,479,479,1.2850912408759143,0.1471731624064265,86.0,1.0,False
2024|source=data202412.csv|line=5|event=23|station=32011,32011,20241217,2024,7,30127.0,30415.0,289,289,2.203193430656931,0.129331940119613,86.0,1.0,False
2024|source=data202412.csv|line=5|event=23|station=32011,32011,20241217,2024,8,30435.0,30788.0,354,354,2.0790237226277384,0.0942400533848882,86.0,1.0,False
2024|source=data202412.csv|line=5|event=23|station=32011,32011,20241217,2024,9,30821.0,31592.0,772,772,1.3101368613138715,0.1834341233822505,86.0,1.0,False
2024|source=data202412.csv|line=5|event=24|station=32011,32011,20241217,2024,1,33141.0,33336.0,196,196,2.1781315789473723,0.134049877431648,41.0,0.9,False
2024|source=data202412.csv|line=5|event=24|station=32011,32011,20241217,2024,2,33592.0,33667.0,76,76,-1.964808270676692,0.0587712164866951,41.0,0.9,False
2024|source=data202412.csv|line=5|event=24|station=32011,32011,20241217,2024,3,34014.0,34094.0,81,81,5.692,0.0691597274923114,41.0,0.9,False
2024|source=data202412.csv|line=5|event=24|station=32011,32011,20241217,2024,4,34142.0,34367.0,226,226,4.600492481203013,0.1063930710291731,41.0,0.9,False
2024|source=data202412.csv|line=5|event=24|station=32011,32011,20241217,2024,5,34578.0,34756.0,179,179,2.367390977443609,0.1229446197617424,41.0,0.9,False
2024|source=data202412.csv|line=5|event=24|station=32011,32011,20241217,2024,6,34810.0,34875.0,66,66,1.711071428571426,0.0392801098042986,41.0,0.9,False
2024|source=data202412.csv|line=5|event=25|station=32011,32011,20241217,2024,1,44152.0,44694.0,543,543,1.4600000000000009,0.1569133044925147,10.0,2.9,False
2024|source=data202412.csv|line=5|event=27|station=32011,32011,20241217,2024,1,45944.0,46108.0,165,165,5.590000000000003,0.1054216968918894,6.0,2.6,False
2024|source=data202412.csv|line=5|event=28|station=32011,32011,20241217,2024,1,47423.0,47500.0,78,78,-9.474999999999998,0.0494038016154218,6.0,-1.5,False
2024|source=data202412.csv|line=5|event=31|station=32011,32011,20241217,2024,1,51724.0,51811.0,88,88,-4.57,0.065078664753693,15.0,-2.4,False
2024|source=data202412.csv|line=5|event=31|station=32011,32011,20241217,2024,2,51866.0,52248.0,383,383,-3.080000000000002,0.1129064267398787,15.0,-2.4,False
2024|source=data202412.csv|line=5|event=31|station=32019,32019,20241217,2024,1,51706.0,52282.0,577,577,-0.740000000000002,0.1259575157378662,15.0,-0.5,False
2024|source=data202412.csv|line=5|event=22|station=41011,41011,20241217,2024,1,16140.0,18294.0,2155,2155,1.3775758122743582,0.141883868825047,87.0,-0.3,False
2024|source=data202412.csv|line=5|event=22|station=41011,41011,20241217,2024,2,18662.0,18959.0,298,298,2.68125541516244,0.0736946220868161,87.0,-0.3,False
2024|source=data202412.csv|line=5|event=22|station=41011,41011,20241217,2024,3,19198.0,19891.0,694,694,0.945360108303248,0.1858251819531625,87.0,-0.3,False
2024|source=data202412.csv|line=5|event=22|station=41011,41011,20241217,2024,4,19940.0,20940.0,1001,1001,-0.7764440433213053,0.1226892440897536,87.0,-0.3,False
2024|source=data202412.csv|line=5|event=25|station=41011,41011,20241217,2024,1,44185.0,44694.0,510,510,1.009999999999991,0.0586912952807286,10.0,0.8,False
2024|source=data202412.csv|line=5|event=31|station=41011,41011,20241217,2024,1,51570.0,52634.0,1065,1065,-0.8100000000000023,0.1493599065859943,15.0,-0.7,False
2024|source=data202412.csv|line=5|event=36|station=32011,32011,20241218,2024,1,27147.0,28723.0,1577,1577,3.690000000000001,0.1523474904537859,27.0,2.9,False
2024|source=data202412.csv|line=5|event=39|station=32011,32011,20241218,2024,1,33106.0,34135.0,1030,1030,3.5700000000000003,0.1418289656703447,29.0,2.8,False
2024|source=data202412.csv|line=5|event=39|station=32011,32011,20241218,2024,2,34139.0,34770.0,632,632,3.450000000000003,0.1163741818379819,29.0,2.8,False
2024|source=data202412.csv|line=5|event=40|station=32011,32011,20241218,2024,1,38854.0,40305.0,1452,1452,3.3100000000000023,0.1746740650058248,23.0,2.8,False
2024|source=data202412.csv|line=5|event=43|station=32011,32011,20241218,2024,1,51236.0,52478.0,1243,1243,3.1599999999999966,0.1432540599962794,27.0,2.7,False
2024|source=data202412.csv|line=5|event=43|station=32011,32011,20241218,2024,2,52489.0,52702.0,214,214,3.5,0.0872570333527563,27.0,2.7,False
2024|source=data202412.csv|line=5|event=44|station=32011,32011,20241218,2024,1,53047.0,54356.0,1310,1310,1.7949999999999946,0.2411129072777167,21.0,2.8,False
2024|source=data202412.csv|line=5|event=45|station=32011,32011,20241218,2024,1,55033.0,56098.0,1066,1066,2.3700000000000045,0.1037894966687216,20.0,2.9,False
2024|source=data202412.csv|line=5|event=39|station=32019,32019,20241218,2024,1,33243.0,34806.0,1564,1564,0.884999999999998,0.1608637469961686,29.0,0.6,False
2024|source=data202412.csv|line=5|event=40|station=32019,32019,20241218,2024,1,39436.0,39930.0,495,495,1.0700000000000005,0.1278105846186421,23.0,0.6,False
2024|source=data202412.csv|line=5|event=43|station=32019,32019,20241218,2024,1,51379.0,52007.0,629,629,0.7950000000000017,0.1332719074911793,27.0,0.5,False
2024|source=data202412.csv|line=5|event=43|station=32019,32019,20241218,2024,2,52011.0,52684.0,674,674,0.8850000000000016,0.1134554114062469,27.0,0.5,False
2024|source=data202412.csv|line=5|event=40|station=41004,41004,20241218,2024,1,39085.0,40283.0,1199,1199,0.8399999999999999,0.1054274472949658,23.0,0.6,False
2024|source=data202412.csv|line=5|event=36|station=41011,41011,20241218,2024,1,27618.0,28737.0,1120,1120,2.7100000000000364,0.0783915429179028,27.0,0.9,False
2024|source=data202412.csv|line=5|event=36|station=41011,41011,20241218,2024,2,28776.0,28843.0,68,68,2.470000000000028,0.0458696071861616,27.0,0.9,False
2024|source=data202412.csv|line=5|event=39|station=41011,41011,20241218,2024,1,33648.0,34801.0,1154,1154,1.6800000000000068,0.0657678100448042,29.0,0.8,False
2024|source=data202412.csv|line=5|event=40|station=41011,41011,20241218,2024,1,38872.0,39894.0,1023,1023,0.6700000000000159,0.0698268178752424,23.0,0.8,False
2024|source=data202412.csv|line=5|event=43|station=41011,41011,20241218,2024,1,51345.0,52663.0,1319,1319,0.910000000000025,0.0873236978677485,27.0,0.8,False
2024|source=data202412.csv|line=5|event=44|station=41011,41011,20241218,2024,1,53083.0,54225.0,1143,1143,0.6899999999999977,0.0926489294905462,21.0,0.8,False
2024|source=data202412.csv|line=5|event=45|station=41011,41011,20241218,2024,1,55135.0,56192.0,1058,1058,0.7299999999999613,0.0755868370751989,20.0,0.8,False
2024|source=data202412.csv|line=5|event=46|station=32011,32011,20241219,2024,1,5994.0,6266.0,273,273,-4.080000000000002,0.0862944555792401,28.0,-2.7,False
2024|source=data202412.csv|line=5|event=46|station=32011,32011,20241219,2024,2,6282.0,6649.0,368,368,-4.870000000000001,0.0810411367117817,28.0,-2.7,False
2024|source=data202412.csv|line=5|event=46|station=32011,32011,20241219,2024,3,6670.0,7044.0,375,375,-6.0,0.072391318492655,28.0,-2.7,False
2024|source=data202412.csv|line=5|event=46|station=32011,32011,20241219,2024,4,7049.0,7177.0,129,129,-6.700000000000003,0.0526789839881708,28.0,-2.7,False
2024|source=data202412.csv|line=5|event=47|station=32011,32011,20241219,2024,1,7646.0,8932.0,1287,1287,-3.3999999999999986,0.3054407304640126,29.0,-2.8,False
2024|source=data202412.csv|line=5|event=47|station=32011,32011,20241219,2024,2,8937.0,9298.0,362,362,-3.669999999999998,0.1330115302668292,29.0,-2.8,False
2024|source=data202412.csv|line=5|event=48|station=32011,32011,20241219,2024,1,9767.0,11187.0,1421,1421,-4.155000000000001,0.1055841024388167,25.0,-2.8,False
2024|source=data202412.csv|line=5|event=49|station=32011,32011,20241219,2024,1,11882.0,12260.0,379,379,-2.7300000000000004,0.0921016020618886,24.0,-2.8,False
2024|source=data202412.csv|line=5|event=49|station=32011,32011,20241219,2024,2,12274.0,13225.0,952,952,-4.000000000000002,0.2043087097744719,24.0,-2.8,False
2024|source=data202412.csv|line=5|event=50|station=32011,32011,20241219,2024,1,14045.0,14540.0,496,496,-3.2700000000000014,0.1306289863675517,25.0,-2.7,False
2024|source=data202412.csv|line=5|event=50|station=32011,32011,20241219,2024,2,14565.0,15242.0,678,678,-5.49,0.3329162554392742,25.0,-2.7,False
2024|source=data202412.csv|line=5|event=51|station=32011,32011,20241219,2024,1,15632.0,15781.0,150,150,-3.1750000000000007,0.085868250886254,26.0,-2.8,False
2024|source=data202412.csv|line=5|event=51|station=32011,32011,20241219,2024,2,15844.0,16300.0,457,457,-2.95,0.1520712865919518,26.0,-2.8,False
2024|source=data202412.csv|line=5|event=51|station=32011,32011,20241219,2024,3,16385.0,16744.0,360,360,-2.979999999999998,0.0907987422843619,26.0,-2.8,False
2024|source=data202412.csv|line=5|event=51|station=32011,32011,20241219,2024,4,16771.0,17150.0,380,380,-2.26,0.1139441825972256,26.0,-2.8,False
2024|source=data202412.csv|line=5|event=52|station=32011,32011,20241219,2024,1,17846.0,19467.0,1622,1622,-0.5899999999999999,0.2517480127110197,30.0,-2.8,False
2024|source=data202412.csv|line=5|event=53|station=32011,32011,20241219,2024,1,20421.0,20746.0,326,326,-2.513083661417322,0.0725993750630366,38.0,-2.9,False
2024|source=data202412.csv|line=5|event=53|station=32011,32011,20241219,2024,2,20786.0,22010.0,1225,1225,-2.894157480314963,0.1214183209258883,38.0,-2.9,False
2024|source=data202412.csv|line=5|event=53|station=32011,32011,20241219,2024,3,22012.0,22658.0,647,647,-2.697903543307085,0.1203274566337278,38.0,-2.9,False
2024|source=data202412.csv|line=5|event=54|station=32011,32011,20241219,2024,1,24242.0,24421.0,180,180,-1.504999999999999,0.1005447357473738,9.0,-1.8,False
2024|source=data202412.csv|line=5|event=55|station=32011,32011,20241219,2024,1,26643.0,26706.0,64,64,-1.5599999999999987,0.0901788273964559,6.0,-1.9,False
2024|source=data202412.csv|line=5|event=58|station=32011,32011,20241219,2024,1,32134.0,32342.0,209,209,-1.3099999999999987,0.0741610701475192,5.0,-0.9,False
2024|source=data202412.csv|line=5|event=60|station=32011,32011,20241219,2024,1,34322.0,34407.0,86,86,2.119999999999997,0.0726341020865933,5.0,1.8,False
2024|source=data202412.csv|line=5|event=62|station=32011,32011,20241219,2024,1,36993.0,37099.0,107,107,-2.0600000000000023,0.0757221397923052,7.0,-1.8,False
2024|source=data202412.csv|line=5|event=63|station=32011,32011,20241219,2024,1,39380.0,39554.0,175,175,-2.3200000000000003,0.0843367225783301,10.0,-1.9,False
2024|source=data202412.csv|line=5|event=64|station=32011,32011,20241219,2024,1,41473.0,43900.0,2428,2428,4.3234,0.1766629130809363,65.0,4.7,True
2024|source=data202412.csv|line=5|event=64|station=32011,32011,20241219,2024,2,43908.0,45264.0,1357,1357,4.653599999999997,0.1202983387409329,65.0,4.7,True
2024|source=data202412.csv|line=5|event=64|station=32011,32011,20241219,2024,3,45278.0,45375.0,98,98,4.017400000000002,0.0466636346461558,65.0,4.7,True
2024|source=data202412.csv|line=5|event=64|station=32011,32011,20241219,2024,4,45390.0,45460.0,71,71,3.2479999999999976,0.0382030105170214,65.0,4.7,True
2024|source=data202412.csv|line=5|event=65|station=32011,32011,20241219,2024,1,48021.0,51223.0,3203,3203,-2.7198857142857165,0.2291032246982606,54.0,-2.8,False
2024|source=data202412.csv|line=5|event=66|station=32011,32011,20241219,2024,1,57214.0,58494.0,1281,1281,-2.869999999999997,0.1133259483178368,22.0,-2.8,False
2024|source=data202412.csv|line=5|event=46|station=32019,32019,20241219,2024,1,6360.0,6999.0,640,640,-3.390000000000001,0.1178870424741147,28.0,-0.5,False
2024|source=data202412.csv|line=5|event=46|station=32019,32019,20241219,2024,2,7019.0,7243.0,225,225,-4.770000000000001,0.126319606563868,28.0,-0.5,False
2024|source=data202412.csv|line=5|event=50|station=32019,32019,20241219,2024,1,14640.0,14723.0,84,84,-1.4849999999999994,0.0685000757814505,25.0,-0.5,False
2024|source=data202412.csv|line=5|event=50|station=32019,32019,20241219,2024,2,15189.0,15343.0,155,155,-1.82,0.0753018579120919,25.0,-0.5,False
2024|source=data202412.csv|line=5|event=51|station=32019,32019,20241219,2024,1,15804.0,16948.0,1145,1145,-0.79,0.1274598366063173,26.0,-0.6,False
2024|source=data202412.csv|line=5|event=64|station=32019,32019,20241219,2024,1,41736.0,43534.0,1799,1799,0.7374318181818182,0.1078017727194576,65.0,0.9,False
2024|source=data202412.csv|line=5|event=64|station=32019,32019,20241219,2024,2,43997.0,45214.0,1218,1218,0.9019295454545428,0.1221961249556218,65.0,0.9,False
2024|source=data202412.csv|line=5|event=46|station=41004,41004,20241219,2024,1,6360.0,6630.0,271,271,-1.620000000000001,0.0691567649485234,28.0,-0.6,False
2024|source=data202412.csv|line=5|event=46|station=41004,41004,20241219,2024,2,6671.0,7243.0,573,573,-3.3999999999999986,0.1418155360765017,28.0,-0.6,False
2024|source=data202412.csv|line=5|event=50|station=41004,41004,20241219,2024,1,13837.0,15256.0,1420,1420,-0.5500000000000007,0.3057603313802858,25.0,-0.6,False
2024|source=data202412.csv|line=5|event=64|station=41004,41004,20241219,2024,1,41736.0,45116.0,3381,3381,1.359449999999999,0.1817446425923422,65.0,1.0,False
2024|source=data202412.csv|line=5|event=65|station=41004,41004,20241219,2024,1,48070.0,51234.0,3165,3165,-0.629802857142856,0.1660414858726966,54.0,-0.6,False
2024|source=data202412.csv|line=5|event=66|station=41004,41004,20241219,2024,1,57360.0,58474.0,1115,1115,-0.8599999999999994,0.0838026238478432,22.0,-0.6,False
2024|source=data202412.csv|line=5|event=46|station=41011,41011,20241219,2024,1,6360.0,7243.0,884,884,-4.745000000000033,0.1543107864764586,28.0,-0.8,False
2024|source=data202412.csv|line=5|event=47|station=41011,41011,20241219,2024,1,7972.0,9265.0,1294,1294,-1.9300000000000068,0.1017427411448058,29.0,-0.8,False
2024|source=data202412.csv|line=5|event=48|station=41011,41011,20241219,2024,1,10181.0,11103.0,923,923,-2.0,0.0896199207926554,25.0,-0.8,False
2024|source=data202412.csv|line=5|event=49|station=41011,41011,20241219,2024,1,11969.0,13254.0,1286,1286,-1.4399999999999975,0.0684501745521068,24.0,-0.8,False
2024|source=data202412.csv|line=5|event=50|station=41011,41011,20241219,2024,1,14280.0,14693.0,414,414,-1.4299999999999784,0.0710293352247254,25.0,-0.8,False
2024|source=data202412.csv|line=5|event=50|station=41011,41011,20241219,2024,2,15061.0,15230.0,170,170,-1.8999999999999773,0.0494667197940956,25.0,-0.8,False
2024|source=data202412.csv|line=5|event=51|station=41011,41011,20241219,2024,1,15873.0,16897.0,1025,1025,-1.1100000000000136,0.0659442105700353,26.0,-0.8,False
2024|source=data202412.csv|line=5|event=51|station=41011,41011,20241219,2024,2,17036.0,17108.0,73,73,-1.3100000000000025,0.046067321427743,26.0,-0.8,False
2024|source=data202412.csv|line=5|event=52|station=41011,41011,20241219,2024,1,17858.0,18294.0,437,437,-0.6300000000000239,0.0644385520223437,30.0,-0.8,False
2024|source=data202412.csv|line=5|event=52|station=41011,41011,20241219,2024,2,18662.0,19292.0,631,631,0.0,0.0658107248262837,30.0,-0.8,False
2024|source=data202412.csv|line=5|event=53|station=41011,41011,20241219,2024,1,20491.0,21894.0,1404,1404,-1.0020620078740308,0.066045151109615,38.0,-0.8,False
2024|source=data202412.csv|line=5|event=53|station=41011,41011,20241219,2024,2,22261.0,22622.0,362,362,-0.8970679133858255,0.0642909274312016,38.0,-0.8,False
2024|source=data202412.csv|line=5|event=63|station=41011,41011,20241219,2024,1,39389.0,39839.0,451,451,-0.7900000000000205,0.0872411017090751,10.0,-0.6,False
2024|source=data202412.csv|line=5|event=64|station=41011,41011,20241219,2024,1,41560.0,43494.0,1935,1935,1.307200000000023,0.0633450486073614,65.0,1.4,False
2024|source=data202412.csv|line=5|event=64|station=41011,41011,20241219,2024,2,43861.0,45387.0,1527,1527,1.378400000000056,0.0882272730627673,65.0,1.4,False
2024|source=data202412.csv|line=5|event=65|station=41011,41011,20241219,2024,1,48023.0,50704.0,2682,2682,-0.6861228571428342,0.1290212038900159,54.0,-0.8,False
2024|source=data202412.csv|line=5|event=65|station=41011,41011,20241219,2024,2,51063.0,51241.0,179,179,-0.753702857142855,0.0512530566258375,54.0,-0.8,False
2024|source=data202412.csv|line=5|event=66|station=41011,41011,20241219,2024,1,57305.0,57906.0,602,602,-0.8700000000000045,0.0601443462483461,22.0,-0.8,False
2024|source=data202412.csv|line=5|event=66|station=41011,41011,20241219,2024,2,58274.0,58555.0,282,282,-0.9900000000000092,0.0596049211375061,22.0,-0.8,False
2024|source=data202412.csv|line=5|event=74|station=32011,32011,20241220,2024,1,17600.0,18057.0,458,458,3.150000000000002,0.0947954119313068,25.0,2.8,False
2024|source=data202412.csv|line=5|event=74|station=32011,32011,20241220,2024,2,18063.0,19038.0,976,976,2.895,0.1210685614534287,25.0,2.8,False
2024|source=data202412.csv|line=5|event=75|station=32011,32011,20241220,2024,1,19383.0,20254.0,872,872,-2.2,0.0901837962734625,23.0,-2.6,False
2024|source=data202412.csv|line=5|event=75|station=32011,32011,20241220,2024,2,20262.0,20551.0,290,290,-1.1899999999999995,0.0888649233146649,23.0,-2.6,False
2024|source=data202412.csv|line=5|event=80|station=32011,32011,20241220,2024,1,42630.0,42906.0,277,277,3.3599999999999994,0.1002283220224551,6.0,3.4,True
2024|source=data202412.csv|line=5|event=81|station=32011,32011,20241220,2024,1,43397.0,43566.0,170,170,3.5799999999999983,0.0938579222694502,4.0,3.4,True
2024|source=data202412.csv|line=5|event=83|station=32011,32011,20241220,2024,1,47849.0,47947.0,99,99,2.9000000000000057,0.0716524724055333,3.0,2.3,False
2024|source=data202412.csv|line=5|event=80|station=32019,32019,20241220,2024,1,42646.0,42961.0,316,316,0.6050000000000004,0.0643064956312337,6.0,0.7,False
2024|source=data202412.csv|line=5|event=81|station=32019,32019,20241220,2024,1,43422.0,43515.0,94,94,0.509999999999998,0.1031116227894781,4.0,0.7,False
2024|source=data202412.csv|line=5|event=83|station=32019,32019,20241220,2024,1,47918.0,48043.0,126,126,0.625,0.0713483511033772,3.0,0.5,False
2024|source=data202412.csv|line=5|event=75|station=41004,41004,20241220,2024,1,19366.0,20503.0,1138,1138,-0.2949999999999999,0.1145385499669537,23.0,-0.6,False
2024|source=data202412.csv|line=5|event=80|station=41004,41004,20241220,2024,1,42618.0,42915.0,298,298,0.75,0.071105396901472,6.0,0.8,False
2024|source=data202412.csv|line=5|event=74|station=41011,41011,20241220,2024,1,18133.0,18291.0,159,159,2.1999999999999886,0.0597663359677781,25.0,0.8,False
2024|source=data202412.csv|line=5|event=74|station=41011,41011,20241220,2024,2,18660.0,19049.0,390,390,2.869999999999976,0.0627209353551146,25.0,0.8,False
2024|source=data202412.csv|line=5|event=75|station=41011,41011,20241220,2024,1,19371.0,20400.0,1030,1030,-0.0300000000000011,0.099321433766611,23.0,-0.8,False
2024|source=data202412.csv|line=5|event=80|station=41011,41011,20241220,2024,1,42655.0,42915.0,261,261,1.1299999999999957,0.0683497852727176,6.0,1.0,False
2024|source=data202412.csv|line=9|event=113|station=44003,44003,20241220,2024,1,43698.0,43891.0,194,194,-2.132174354243034,0.1371212008777349,85.0,-2.1,False
2024|source=data202412.csv|line=9|event=113|station=44003,44003,20241220,2024,2,43903.0,45583.0,1681,1681,-2.78492435424414,0.1812003756623897,85.0,-2.1,False
2024|source=data202412.csv|line=9|event=113|station=44003,44003,20241220,2024,3,45681.0,46414.0,734,734,-2.920124538744858,0.1182100378995113,85.0,-2.1,False
2024|source=data202412.csv|line=9|event=113|station=44003,44003,20241220,2024,4,46424.0,46610.0,187,187,-2.863931734318612,0.1206560549740985,85.0,-2.1,False
2024|source=data202412.csv|line=9|event=113|station=44003,44003,20241220,2024,5,46624.0,48716.0,2093,2093,-2.6572324723238125,0.1292050210738344,85.0,-2.1,False
2024|source=data202412.csv|line=9|event=113|station=53095,53095,20241220,2024,1,43771.0,48681.0,4911,4911,2.395376383763505,0.3473505161529198,85.0,2.7,False
2024|source=data202412.csv|line=5|event=86|station=32011,32011,20241221,2024,1,7750.0,7975.0,226,226,-2.3099999999999987,0.0681797368743963,23.0,-1.4,False
2024|source=data202412.csv|line=5|event=86|station=32011,32011,20241221,2024,2,8001.0,8634.0,634,634,-3.4450000000000003,0.1754349600488735,23.0,-1.4,False
2024|source=data202412.csv|line=5|event=87|station=32011,32011,20241221,2024,1,21476.0,22088.0,613,613,1.6900000000000013,0.0935506011822165,12.0,1.4,False
2024|source=data202412.csv|line=9|event=114|station=44003,44003,20241221,2024,1,14780.0,19646.0,4867,4867,-3.60078378378239,0.3472193973850566,82.0,-2.1,False
2024|source=data202412.csv|line=9|event=114|station=53095,53095,20241221,2024,1,14842.0,19648.0,4807,4807,1.8725723938223384,0.3657374896678574,82.0,2.7,False
2024|source=data202412.csv|line=5|event=92|station=32011,32011,20241222,2024,1,5506.0,5742.0,237,237,3.68,0.0852070909960675,6.0,3.8,True
2024|source=data202412.csv|line=5|event=93|station=32011,32011,20241222,2024,1,7046.0,7478.0,433,433,-4.759999999999998,0.1054265029819436,10.0,-3.6,True
2024|source=data202412.csv|line=5|event=94|station=32011,32011,20241222,2024,1,39304.0,41175.0,1872,1872,2.9268950471698147,0.2447774903462454,32.0,2.5,False
2024|source=data202412.csv|line=5|event=95|station=32011,32011,20241222,2024,1,41477.0,43174.0,1698,1698,-2.780000000000001,0.1257732503410439,29.0,-2.8,False
2024|source=data202412.csv|line=5|event=93|station=32019,32019,20241222,2024,1,7115.0,7246.0,132,132,-1.110000000000003,0.0966115305648012,10.0,-0.7,False
2024|source=data202412.csv|line=5|event=93|station=32019,32019,20241222,2024,2,7262.0,7458.0,197,197,-0.9150000000000028,0.0883400240518304,10.0,-0.7,False
2024|source=data202412.csv|line=5|event=95|station=32019,32019,20241222,2024,1,41561.0,43149.0,1589,1589,-0.6499999999999986,0.0878631158302554,29.0,-0.6,False
2024|source=data202412.csv|line=5|event=92|station=41004,41004,20241222,2024,1,5591.0,5747.0,157,157,1.389999999999997,0.0793297702732296,6.0,0.8,False
2024|source=data202412.csv|line=5|event=93|station=41004,41004,20241222,2024,1,7072.0,7480.0,409,409,-1.5,0.080284952902529,10.0,-0.8,False
2024|source=data202412.csv|line=5|event=94|station=41004,41004,20241222,2024,1,39298.0,40786.0,1489,1489,0.6352452830188682,0.1017562068139068,32.0,0.6,False
2024|source=data202412.csv|line=5|event=94|station=41004,41004,20241222,2024,2,40844.0,40909.0,66,66,0.6885448113207566,0.0507839217088989,32.0,0.6,False
2024|source=data202412.csv|line=5|event=94|station=41004,41004,20241222,2024,3,41041.0,41125.0,85,85,0.7792594339622632,0.0609041789809781,32.0,0.6,False
2024|source=data202412.csv|line=5|event=92|station=41011,41011,20241222,2024,1,5553.0,5754.0,202,202,1.3050000000000068,0.0942647618264612,6.0,1.1,False
2024|source=data202412.csv|line=5|event=93|station=41011,41011,20241222,2024,1,7287.0,7490.0,204,204,-2.1299999999999955,0.0619975566164665,10.0,-1.1,False
2024|source=data202412.csv|line=5|event=94|station=41011,41011,20241222,2024,1,39330.0,39893.0,564,564,0.7218478773585275,0.0569542902508508,32.0,0.7,False
2024|source=data202412.csv|line=5|event=94|station=41011,41011,20241222,2024,2,40261.0,41171.0,911,911,0.7515896226414611,0.0753001699364499,32.0,0.7,False
2024|source=data202412.csv|line=5|event=95|station=41011,41011,20241222,2024,1,41671.0,43127.0,1457,1457,-1.2199999999999704,0.081682108586945,29.0,-0.8,False
2024|source=data202412.csv|line=5|event=102|station=32011,32011,20241226,2024,1,6338.0,6457.0,120,120,-4.719999999999999,0.0956762290695456,19.0,-1.3,False
2024|source=data202412.csv|line=5|event=102|station=32011,32011,20241226,2024,2,6482.0,6579.0,98,98,-5.289999999999999,0.0680282592412634,19.0,-1.3,False
2024|source=data202412.csv|line=5|event=102|station=32011,32011,20241226,2024,3,6598.0,6869.0,272,272,-6.105,0.0812393528706336,19.0,-1.3,False
2024|source=data202412.csv|line=11|event=1|station=44003,44003,20241227,2024,1,37559.0,39582.0,2024,2024,3.3945037688463344,0.1591665319949507,36.85,4.1,True
2024|source=data202412.csv|line=11|event=1|station=44003,44003,20241227,2024,2,39586.0,39656.0,71,71,3.346821608040045,0.1314453750248276,36.85,4.1,True
2024|source=data202412.csv|line=11|event=1|station=53095,53095,20241227,2024,1,37490.0,39666.0,2177,2177,0.1370854271372081,0.4093428021489941,36.85,1.5,False
2024|source=data202412.csv|line=3|event=11|station=32011,32011,20241228,2024,1,10818.0,11747.0,930,930,0.7300000000000004,0.1666459963062893,15.0,1.9,False
2024|source=data202412.csv|line=3|event=11|station=32011,32011,20241228,2024,2,11781.0,11872.0,92,92,0.2100000000000008,0.0587804262077276,15.0,1.9,False
2024|source=data202412.csv|line=3|event=13|station=32011,32011,20241228,2024,1,26100.0,26399.0,300,300,3.940000000000001,0.1423318629816194,15.0,1.1,False
2024|source=data202412.csv|line=5|event=103|station=32011,32011,20241228,2024,1,30134.0,30414.0,281,281,3.68,0.083089606232909,5.0,2.9,False
2024|source=data202412.csv|line=5|event=104|station=32011,32011,20241228,2024,1,31034.0,31249.0,216,216,-3.119999999999997,0.1151546861824231,4.0,-2.8,False
2024|source=data202412.csv|line=5|event=104|station=32019,32019,20241228,2024,1,31110.0,31244.0,135,135,-0.5999999999999979,0.0625656599885941,4.0,-0.6,False
2024|source=data202412.csv|line=5|event=104|station=41004,41004,20241228,2024,1,31024.0,31261.0,238,238,-0.5300000000000011,0.0764311227823996,4.0,-0.6,False
2024|source=data202412.csv|line=5|event=103|station=41011,41011,20241228,2024,1,30320.0,30411.0,92,92,1.3500000000000227,0.05388716346053,5.0,0.9,False
2024|source=data202412.csv|line=5|event=104|station=41011,41011,20241228,2024,1,31032.0,31260.0,229,229,-0.5999999999999659,0.0644445233119758,4.0,-0.8,False
2024|source=data202412.csv|line=5|event=109|station=32011,32011,20241229,2024,1,14686.0,15688.0,1003,1003,-14.560000000000002,0.1430873089955516,18.0,-14.4,True
2024|source=data202412.csv|line=5|event=109|station=32019,32019,20241229,2024,1,14853.0,14918.0,66,66,-3.339999999999999,0.1342394972047901,18.0,-2.9,False
2024|source=data202412.csv|line=5|event=109|station=32019,32019,20241229,2024,2,15188.0,15695.0,508,508,-3.86,0.0880123180403597,18.0,-2.9,False
2024|source=data202412.csv|line=5|event=109|station=41004,41004,20241229,2024,1,14836.0,15102.0,267,267,-4.209999999999999,0.0672511228621559,18.0,-3.2,True
2024|source=data202412.csv|line=5|event=109|station=41004,41004,20241229,2024,2,15159.0,15691.0,533,533,-5.109999999999999,0.0806949894034977,18.0,-3.2,True
2024|source=data202412.csv|line=3|event=17|station=32011,32011,20241231,2024,1,51004.0,51349.0,346,346,1.2199999999999989,0.1027201575306328,14.0,1.2,False
2025|line=14|event=20|date=20250206|station=44003,44003,20250206,2025,1,38373.0,41562.0,3190,3190,-0.4733178571405005,0.2000952484581414,54.0,-0.7,False
2025|line=14|event=20|date=20250206|station=44011,44011,20250206,2025,1,38404.0,38466.0,63,63,-5.83510714285714,0.1168392668897738,54.0,-6.3,True
2025|line=14|event=20|date=20250206|station=44011,44011,20250206,2025,2,38554.0,39363.0,810,810,-6.459656428571428,0.1430954061422361,54.0,-6.3,True
2025|line=14|event=20|date=20250206|station=44011,44011,20250206,2025,3,39365.0,39860.0,496,496,-6.205167857142854,0.1438986756798944,54.0,-6.3,True
2025|line=14|event=20|date=20250206|station=44011,44011,20250206,2025,4,39890.0,41559.0,1670,1670,-6.074630714285711,0.1615989848609352,54.0,-6.3,True
2025|line=7|event=1233|date=20250208|station=43002,43002,20250208,2025,1,59868.0,62554.0,2687,2687,0.7784374999999955,0.0971237128304837,49.0,1.5,False
2025|line=7|event=1233|date=20250208|station=44011,44011,20250208,2025,1,59760.0,62547.0,2788,2788,-10.511675781249998,0.1464266267321304,49.0,-8.2,True
2025|line=14|event=21|date=20250210|station=43002,43002,20250210,2025,1,50328.0,53471.0,3144,3144,0.3399085365853693,0.3070039882925633,64.0,0.6,False
2025|line=14|event=21|date=20250210|station=43002,43002,20250210,2025,2,53521.0,54163.0,643,643,0.3039024390244549,0.1135944558106659,64.0,0.6,False
2025|line=14|event=21|date=20250210|station=44003,44003,20250210,2025,1,50305.0,54068.0,3764,3764,-1.5504890243937552,0.270817261343426,64.0,-1.1,False
2025|line=14|event=21|date=20250210|station=44011,44011,20250210,2025,1,50513.0,51467.0,955,955,-10.057902439024396,0.1485526834515926,64.0,-9.8,True
2025|line=14|event=21|date=20250210|station=44011,44011,20250210,2025,2,51482.0,52553.0,1072,1072,-10.301140243902443,0.1429927166585779,64.0,-9.8,True
2025|line=14|event=21|date=20250210|station=44011,44011,20250210,2025,3,52581.0,53338.0,758,758,-10.489145121951225,0.1964063491887585,64.0,-9.8,True
2025|line=14|event=21|date=20250210|station=44011,44011,20250210,2025,4,53340.0,53626.0,287,287,-9.373641463414636,0.1318954620293494,64.0,-9.8,True
2025|line=14|event=21|date=20250210|station=44011,44011,20250210,2025,5,53701.0,54066.0,366,366,-9.671837804878052,0.1091754307163851,64.0,-9.8,True
2025|line=12|event=4|date=20250307|station=53095,53095,20250307,2025,1,57505.0,57695.0,191,191,-1.069999999999709,0.0476162871866702,3.0,-0.9,False
2025|line=32|event=69|date=20250308|station=44003,44003,20250308,2025,1,55433.0,58787.0,3355,3355,2.263582887699158,0.214407336019665,58.0,1.4,False
2025|line=32|event=70|date=20250308|station=44003,44003,20250308,2025,1,76210.0,78344.0,2135,2135,1.2596033057889144,0.1262867728338455,36.0,1.4,False
2025|line=32|event=69|date=20250308|station=44011,44011,20250308,2025,1,55467.0,58785.0,3319,3319,11.658,0.2660207526804363,58.0,10.7,True
2025|line=32|event=70|date=20250308|station=44011,44011,20250308,2025,1,76277.0,78340.0,2064,2064,10.521413223140495,0.1213993928381135,36.0,10.4,True
2025|line=36|event=242|date=20250315|station=31002,31002,20250315,2025,1,63360.0,63850.0,491,491,-2.7375524246396026,0.1225392424980273,246.0,-2.5,False
2025|line=36|event=242|date=20250315|station=31002,31002,20250315,2025,2,63903.0,64064.0,162,162,-3.122864023591092,0.1712996961444575,246.0,-2.5,False
2025|line=36|event=242|date=20250315|station=31002,31002,20250315,2025,3,64081.0,65192.0,1112,1112,-3.528289318479665,0.1078391522905429,246.0,-2.5,False
2025|line=36|event=242|date=20250315|station=31002,31002,20250315,2025,4,65255.0,65738.0,484,484,-3.653964285714266,0.1508503575870202,246.0,-2.5,False
2025|line=36|event=242|date=20250315|station=31002,31002,20250315,2025,5,65796.0,65893.0,98,98,-3.70481880733945,0.0,246.0,-2.5,False
2025|line=36|event=242|date=20250315|station=31002,31002,20250315,2025,6,65972.0,66321.0,350,350,-3.7489511795543535,0.1308329329982857,246.0,-2.5,False
2025|line=36|event=242|date=20250315|station=31002,31002,20250315,2025,7,66490.0,66629.0,140,140,-3.809304390563568,0.053700281677879,246.0,-2.5,False
2025|line=36|event=242|date=20250315|station=31002,31002,20250315,2025,8,66693.0,66833.0,141,141,-3.8390425950196345,0.1167163119557435,246.0,-2.5,False
2025|line=36|event=242|date=20250315|station=31002,31002,20250315,2025,9,67058.0,67389.0,332,332,-3.596337155963284,0.1281698548095154,246.0,-2.5,False
2025|line=36|event=242|date=20250315|station=31002,31002,20250315,2025,10,67606.0,67723.0,118,118,-3.330782110091775,0.1859584639184083,246.0,-2.5,False
2025|line=36|event=242|date=20250315|station=31002,31002,20250315,2025,11,67798.0,67868.0,71,71,-3.355405635648765,0.1343350280633537,246.0,-2.5,False
2025|line=36|event=242|date=20250315|station=31002,31002,20250315,2025,12,68136.0,68298.0,163,163,-4.051520969855858,0.146207321494121,246.0,-2.5,False
2025|line=36|event=242|date=20250315|station=31002,31002,20250315,2025,13,68352.0,68492.0,141,141,-3.771478374836192,0.1671601869330438,246.0,-2.5,False
2025|line=36|event=242|date=20250315|station=31002,31002,20250315,2025,14,68508.0,68571.0,64,64,-3.7886490825687815,0.1414915340056622,246.0,-2.5,False
2025|line=36|event=242|date=20250315|station=31002,31002,20250315,2025,15,68599.0,69260.0,662,662,-4.155641218872859,0.153052732951982,246.0,-2.5,False
2025|line=36|event=242|date=20250315|station=31002,31002,20250315,2025,16,69322.0,69385.0,64,64,-3.742601900393197,0.1436226718996403,246.0,-2.5,False
2025|line=36|event=242|date=20250315|station=31002,31002,20250315,2025,17,69488.0,74118.0,4631,4631,-4.2655563564875365,0.2687617045928382,246.0,-2.5,False
2025|line=36|event=242|date=20250315|station=31002,31002,20250315,2025,18,74196.0,74554.0,359,359,-3.351412188728773,0.1640092942098171,246.0,-2.5,False
2025|line=36|event=242|date=20250315|station=31002,31002,20250315,2025,19,74610.0,74751.0,142,142,-3.086056028833525,0.169060039886846,246.0,-2.5,False
2025|line=36|event=242|date=20250315|station=31002,31002,20250315,2025,20,75298.0,75370.0,73,73,-2.54155439056359,0.179419189580586,246.0,-2.5,False
2025|line=36|event=242|date=20250315|station=32001,32001,20250315,2025,1,63220.0,77144.0,13925,13925,-42.95447968545216,0.2739045966904741,246.0,-42.5,True
2025|line=36|event=242|date=20250315|station=32011,32011,20250315,2025,1,63229.0,77143.0,13915,13915,-28.22722411533421,0.2946168607401724,246.0,-27.2,True
2025|line=36|event=242|date=20250315|station=32019,32019,20250315,2025,1,63239.0,65140.0,1902,1902,3.7890081913499287,0.0731340368851332,246.0,3.1,True
2025|line=36|event=242|date=20250315|station=32019,32019,20250315,2025,2,65597.0,68738.0,3142,3142,3.6197591743119233,0.07236715706976,246.0,3.1,True
2025|line=36|event=242|date=20250315|station=32019,32019,20250315,2025,3,69211.0,72345.0,3135,3135,3.228280471821755,0.0721728682527377,246.0,3.1,True
2025|line=36|event=242|date=20250315|station=32019,32019,20250315,2025,4,72795.0,75946.0,3152,3152,3.646011467889906,0.0789136869030596,246.0,3.1,True
2025|line=36|event=242|date=20250315|station=32019,32019,20250315,2025,5,76197.0,76263.0,67,67,3.777653997378764,0.1341863226869302,246.0,3.1,True
2025|line=36|event=242|date=20250315|station=32019,32019,20250315,2025,6,76423.0,77196.0,774,774,3.7230973132372185,0.1013519158179453,246.0,3.1,True
2025|line=36|event=242|date=20250315|station=36001,36001,20250315,2025,1,63360.0,74261.0,10902,10902,-1.494874180862098,0.1961002759433141,246.0,-1.1,False
2025|line=36|event=242|date=20250315|station=36001,36001,20250315,2025,2,74320.0,74394.0,75,75,-1.384948885977792,0.1021488605921456,246.0,-1.1,False
2025|line=36|event=242|date=20250315|station=36001,36001,20250315,2025,3,74451.0,74528.0,78,78,-1.1511284403604805,0.1216184628473616,246.0,-1.1,False
2025|line=36|event=242|date=20250315|station=36001,36001,20250315,2025,4,74548.0,74657.0,110,110,-1.2778702490249998,0.1562232303092287,246.0,-1.1,False
2025|line=36|event=242|date=20250315|station=36001,36001,20250315,2025,5,74666.0,74757.0,92,92,-1.2247273918692372,0.1688039259586173,246.0,-1.1,False
2025|line=36|event=242|date=20250315|station=36001,36001,20250315,2025,6,75663.0,75786.0,124,124,-1.0955190039385343,0.1398379188732327,246.0,-1.1,False
2025|line=36|event=242|date=20250315|station=36001,36001,20250315,2025,7,76070.0,76132.0,63,63,-1.064663171695429,0.1153765294926331,246.0,-1.1,False
2025|line=36|event=242|date=20250315|station=41004,41004,20250315,2025,1,63240.0,77160.0,13921,13921,5.928728702490169,0.1669498909295183,246.0,5.9,True
2025|line=36|event=242|date=20250315|station=41011,41011,20250315,2025,1,63256.0,65101.0,1846,1846,5.355633027522913,0.1125027832717719,246.0,4.3,True
2025|line=36|event=242|date=20250315|station=41011,41011,20250315,2025,2,65460.0,68700.0,3241,3241,5.262110091743068,0.0822308776571969,246.0,4.3,True
2025|line=36|event=242|date=20250315|station=41011,41011,20250315,2025,3,69059.0,72301.0,3243,3243,4.874220183486216,0.0959521345206465,246.0,4.3,True
2025|line=36|event=242|date=20250315|station=41011,41011,20250315,2025,4,72660.0,75902.0,3243,3243,5.026366972477035,0.0714686657009581,246.0,4.3,True
2025|line=36|event=242|date=20250315|station=41011,41011,20250315,2025,5,76261.0,77162.0,902,902,5.0955596330275625,0.0689029900163985,246.0,4.3,True
2025|line=36|event=242|date=20250315|station=42005,42005,20250315,2025,1,63563.0,77065.0,13503,13503,21.069477064220184,0.3111241065672387,246.0,19.3,True
2025|line=36|event=242|date=20250315|station=50008,50008,20250315,2025,1,63270.0,77119.0,13850,13850,12.196798165137617,0.3349523136120534,246.0,11.2,True
2025|line=36|event=242|date=20250315|station=50009,50009,20250315,2025,1,63306.0,77126.0,13821,13821,7.82563302752294,0.275909348546412,246.0,6.0,True
2025|line=36|event=242|date=20250315|station=50023,50023,20250315,2025,1,63245.0,77141.0,13897,13897,33.18967169069464,0.4056777055143959,246.0,30.9,True
2025|line=36|event=242|date=20250315|station=51020,51020,20250315,2025,1,63360.0,63461.0,102,102,1.529136959370902,0.0387741969269325,246.0,1.4,False
2025|line=36|event=242|date=20250315|station=51020,51020,20250315,2025,2,63760.0,65104.0,1345,1345,1.873317169069466,0.0890542570875013,246.0,1.4,False
2025|line=36|event=242|date=20250315|station=51020,51020,20250315,2025,3,65463.0,67061.0,1599,1599,1.8224652686762823,0.1170677784145746,246.0,1.4,False
2025|line=36|event=242|date=20250315|station=51020,51020,20250315,2025,4,67360.0,68695.0,1336,1336,1.948823722149413,0.0593986349710914,246.0,1.4,False
2025|line=36|event=242|date=20250315|station=51020,51020,20250315,2025,5,69062.0,70661.0,1600,1600,2.198144823066841,0.1404006358828192,246.0,1.4,False
2025|line=36|event=242|date=20250315|station=51020,51020,20250315,2025,6,70960.0,72295.0,1336,1336,2.064524901703805,0.0952388760070474,246.0,1.4,False
2025|line=36|event=242|date=20250315|station=51020,51020,20250315,2025,7,72662.0,74261.0,1600,1600,1.593846002621234,0.1691566288133114,246.0,1.4,False
2025|line=36|event=242|date=20250315|station=51020,51020,20250315,2025,8,74560.0,75895.0,1336,1336,1.4502260812581935,0.0595037296485161,246.0,1.4,False
2025|line=36|event=242|date=20250315|station=51020,51020,20250315,2025,9,76262.0,77036.0,775,775,1.2617064220183494,0.0569262956476607,246.0,1.4,False
2025|line=36|event=242|date=20250315|station=51105,51105,20250315,2025,1,63290.0,77056.0,13767,13767,1.593583224115335,0.2680398290067556,246.0,1.2,False
2025|line=36|event=242|date=20250315|station=51224,51224,20250315,2025,1,63360.0,76936.0,13577,13577,1.9336906946264776,0.2905329298449601,246.0,1.4,False
2025|line=36|event=242|date=20250315|station=53095,53095,20250315,2025,1,63078.0,77484.0,14407,14407,-0.0233184796852583,0.3725563082049929,246.0,-1.1,False
2025|line=36|event=242|date=20250315|station=61008,61008,20250315,2025,1,63255.0,77057.0,13803,13803,1.0271697247706442,0.2946097691275751,246.0,0.8,False
2025|line=3|event=65|date=20250318|station=32001,32001,20250318,2025,1,9900.0,11039.0,1140,1140,-8.170000000000002,0.1544991965766029,29.0,-2.1,False
2025|line=3|event=66|date=20250318|station=32001,32001,20250318,2025,1,36793.0,37199.0,407,407,3.6500000000000057,0.1706920855692384,16.0,2.6,False
2025|line=3|event=65|date=20250318|station=32011,32011,20250318,2025,1,9900.0,11039.0,1140,1140,-8.38,0.1575407448681875,29.0,-2.2,False
2025|line=3|event=66|date=20250318|station=32011,32011,20250318,2025,1,36856.0,37199.0,344,344,4.240000000000002,0.1107330022891112,16.0,2.8,False
2025|line=2|event=38|date=20250318|station=50008,50008,20250318,2025,1,6555.0,6622.0,68,68,-4.710000000000001,0.0681886594256228,20.0,-0.3,False
2025|line=2|event=38|date=20250318|station=50008,50008,20250318,2025,2,6649.0,6771.0,123,123,-5.200000000000003,0.116957123329496,20.0,-0.3,False
2025|line=2|event=38|date=20250318|station=50008,50008,20250318,2025,3,6791.0,7063.0,273,273,-5.730000000000004,0.1047503656379248,20.0,-0.3,False
2025|line=2|event=38|date=20250318|station=50023,50023,20250318,2025,1,6542.0,7019.0,478,478,-5.930000000000007,0.0944106302252694,20.0,-0.6,False
2025|line=34|event=85|date=20250320|station=41004,41004,20250320,2025,1,65865.0,75319.0,9455,9455,30.338764485981308,0.1666056879532074,171.0,30.7,True
2025|line=34|event=85|date=20250320|station=41006,41006,20250320,2025,1,66000.0,75198.0,9199,9199,1.635906542056091,0.1211191309934919,171.0,1.1,False
2025|line=34|event=85|date=20250320|station=41008,41008,20250320,2025,1,65960.0,66060.0,101,101,-2.4936822429906584,0.1731358461455231,171.0,-2.9,False
2025|line=34|event=85|date=20250320|station=41008,41008,20250320,2025,2,66173.0,66279.0,107,107,-2.768044859813088,0.1501991966161372,171.0,-2.9,False
2025|line=34|event=85|date=20250320|station=41008,41008,20250320,2025,3,66328.0,66439.0,112,112,-3.379350934579435,0.1630439766911353,171.0,-2.9,False
2025|line=34|event=85|date=20250320|station=41008,41008,20250320,2025,4,66520.0,66606.0,87,87,-3.2580457943925154,0.1544131114519083,171.0,-2.9,False
2025|line=34|event=85|date=20250320|station=41008,41008,20250320,2025,5,66700.0,66799.0,100,100,-3.4859098130841204,0.0919359880818741,171.0,-2.9,False
2025|line=34|event=85|date=20250320|station=41008,41008,20250320,2025,6,67109.0,67179.0,71,71,-3.339085981308415,0.1868428288073107,171.0,-2.9,False
2025|line=34|event=85|date=20250320|station=41008,41008,20250320,2025,7,67640.0,67716.0,77,77,-3.1957046728972074,0.1150608099726114,171.0,-2.9,False
2025|line=34|event=85|date=20250320|station=41008,41008,20250320,2025,8,67769.0,68082.0,314,314,-3.2663285046728987,0.1899592386532125,171.0,-2.9,False
2025|line=34|event=85|date=20250320|station=41008,41008,20250320,2025,9,68195.0,68429.0,235,235,-3.080454205607481,0.1389319842259219,171.0,-2.9,False
2025|line=34|event=85|date=20250320|station=41008,41008,20250320,2025,10,68474.0,68559.0,86,86,-2.696181775700936,0.1379151424353623,171.0,-2.9,False
2025|line=34|event=85|date=20250320|station=41008,41008,20250320,2025,11,68843.0,68976.0,134,134,-2.9445359813084195,0.1191754093186866,171.0,-2.9,False
2025|line=34|event=85|date=20250320|station=41008,41008,20250320,2025,12,69008.0,69067.0,60,60,-2.784343457943933,0.1380649513768018,171.0,-2.9,False
2025|line=34|event=85|date=20250320|station=41008,41008,20250320,2025,13,69237.0,69335.0,99,99,-2.864848598130848,0.1753924073943047,171.0,-2.9,False
2025|line=34|event=85|date=20250320|station=41008,41008,20250320,2025,14,69340.0,69491.0,152,152,-2.73947803738318,0.1598834513608184,171.0,-2.9,False
2025|line=34|event=85|date=20250320|station=41008,41008,20250320,2025,15,69818.0,69927.0,110,110,-2.865235981308402,0.1232470198887822,171.0,-2.9,False
2025|line=34|event=85|date=20250320|station=41008,41008,20250320,2025,16,70161.0,70275.0,115,115,-2.6542280373831773,0.179654528760328,171.0,-2.9,False
2025|line=34|event=85|date=20250320|station=41008,41008,20250320,2025,17,70394.0,70944.0,551,551,-2.520698130841126,0.1883373295429626,171.0,-2.9,False
2025|line=34|event=85|date=20250320|station=41008,41008,20250320,2025,18,71177.0,71413.0,237,237,-2.796397196261694,0.1280148982145397,171.0,-2.9,False
2025|line=34|event=85|date=20250320|station=41008,41008,20250320,2025,19,71623.0,71982.0,360,360,-2.396161214953281,0.3311312216984197,171.0,-2.9,False
2025|line=34|event=85|date=20250320|station=41008,41008,20250320,2025,20,72023.0,72095.0,73,73,-2.31571682242992,0.1398784924114126,171.0,-2.9,False
2025|line=34|event=85|date=20250320|station=41008,41008,20250320,2025,21,72172.0,72260.0,89,89,-2.547082242990669,0.1319406704756681,171.0,-2.9,False
2025|line=34|event=85|date=20250320|station=41008,41008,20250320,2025,22,72274.0,72342.0,69,69,-2.896162616822437,0.0696945287612543,171.0,-2.9,False
2025|line=34|event=85|date=20250320|station=41008,41008,20250320,2025,23,72620.0,72974.0,355,355,-2.2381224299065394,0.3119851661094896,171.0,-2.9,False
2025|line=34|event=85|date=20250320|station=41008,41008,20250320,2025,24,72992.0,73070.0,79,79,-2.810348598130844,0.1228720095105538,171.0,-2.9,False
2025|line=34|event=85|date=20250320|station=41008,41008,20250320,2025,25,73356.0,73491.0,136,136,-2.663762149532701,0.3328026726535449,171.0,-2.9,False
2025|line=34|event=85|date=20250320|station=41008,41008,20250320,2025,26,73502.0,73649.0,148,148,-2.915721028037396,0.3244588784546728,171.0,-2.9,False
2025|line=34|event=85|date=20250320|station=41008,41008,20250320,2025,27,74968.0,75200.0,233,233,-1.3766747663551513,0.4546867064632877,171.0,-2.9,False
2025|line=34|event=85|date=20250320|station=41008,41008,20250320,2025,28,75244.0,75420.0,177,177,-2.0372392523364624,0.1102758096039255,171.0,-2.9,False
2025|line=34|event=85|date=20250320|station=41011,41011,20250320,2025,1,65866.0,68694.0,2829,2829,4.112196261682243,0.1193450538522452,171.0,2.9,False
2025|line=34|event=85|date=20250320|station=41011,41011,20250320,2025,2,69062.0,72294.0,3233,3233,3.8646953271028224,0.0797118260847271,171.0,2.9,False
2025|line=34|event=85|date=20250320|station=41011,41011,20250320,2025,3,72662.0,75287.0,2626,2626,3.660704205607488,0.0768492197035779,171.0,2.9,False
2025|line=34|event=85|date=20250320|station=61004,61004,20250320,2025,1,65966.0,75178.0,9213,9213,-5.448496261682244,0.2570081756351236,171.0,-5.9,True
2025|line=34|event=85|date=20250320|station=61008,61008,20250320,2025,1,65974.0,75210.0,9237,9237,-1.7693476635514005,0.1965561194660117,171.0,-0.9,False
2025|line=34|event=85|date=20250320|station=61010,61010,20250320,2025,1,66000.0,75220.0,9221,9221,-1.4880186915887776,0.1211830660062009,171.0,-0.9,False
2025|line=34|event=85|date=20250320|station=61160,61160,20250320,2025,1,66000.0,75271.0,9272,9272,-1.1956728971962465,0.171106602792366,171.0,-1.0,False
2025|line=16|event=32|date=20250322|station=32001,32001,20250322,2025,1,66977.0,69644.0,2668,2668,-1.2011670984455949,0.0960639109596383,56.0,-0.9,False
2025|line=16|event=32|date=20250322|station=32011,32011,20250322,2025,1,66889.0,69659.0,2771,2771,-1.1864352331606156,0.1852299368470141,56.0,-1.0,False
2025|line=16|event=32|date=20250322|station=36001,36001,20250322,2025,1,66866.0,69636.0,2771,2771,-8.498994818655774,0.1815101667392559,56.0,-8.2,True
2025|line=16|event=32|date=20250322|station=42005,42005,20250322,2025,1,66875.0,68487.0,1613,1613,-2.8519261658031105,0.2524512876788349,56.0,-0.8,False
2025|line=16|event=32|date=20250322|station=42005,42005,20250322,2025,2,68532.0,69420.0,889,889,-2.2136295336787555,0.0911367324719372,56.0,-0.8,False
2025|line=16|event=32|date=20250322|station=43002,43002,20250322,2025,1,66988.0,69550.0,2563,2563,3.2886321243523184,0.1757775198503535,56.0,2.7,False
2025|line=16|event=32|date=20250322|station=50008,50008,20250322,2025,1,67175.0,69420.0,2246,2246,-4.696016839378238,0.3178281396615223,56.0,-1.0,False
2025|line=16|event=32|date=20250322|station=50009,50009,20250322,2025,1,67260.0,69420.0,2161,2161,-2.723290155440424,0.2060443165420414,56.0,-1.1,False
2025|line=16|event=32|date=20250322|station=50023,50023,20250322,2025,1,67260.0,69420.0,2161,2161,-4.366308290155473,0.3647993174383783,56.0,-0.9,False
2025|line=16|event=32|date=20250322|station=53095,53095,20250322,2025,1,67260.0,69724.0,2465,2465,0.6722590673598461,0.2781241992707722,56.0,-0.8,False
2025|line=16|event=33|date=20250331|station=32001,32001,20250331,2025,1,8986.0,9376.0,391,391,-2.2356502242152487,0.087813272948825,62.0,-1.2,False
2025|line=16|event=33|date=20250331|station=32001,32001,20250331,2025,2,9412.0,9653.0,242,242,-2.697959641255608,0.085775604775472,62.0,-1.2,False
2025|line=16|event=33|date=20250331|station=32001,32001,20250331,2025,3,9660.0,11788.0,2129,2129,-1.9508520179372155,0.1412255832744588,62.0,-1.2,False
2025|line=16|event=33|date=20250331|station=32001,32001,20250331,2025,4,11796.0,12215.0,420,420,-1.24273542600897,0.0962623142973491,62.0,-1.2,False
2025|line=16|event=33|date=20250331|station=32011,32011,20250331,2025,1,8875.0,9082.0,208,208,-2.020003923766815,0.1108657378024257,62.0,-1.4,False
2025|line=16|event=33|date=20250331|station=32011,32011,20250331,2025,2,9100.0,9198.0,99,99,-2.2730594170403613,0.1085684606735095,62.0,-1.4,False
2025|line=16|event=33|date=20250331|station=32011,32011,20250331,2025,3,9204.0,9333.0,130,130,-2.487840246636776,0.0865110725888505,62.0,-1.4,False
2025|line=16|event=33|date=20250331|station=32011,32011,20250331,2025,4,9349.0,9892.0,544,544,-2.622696748878923,0.1023930993737024,62.0,-1.4,False
2025|line=16|event=33|date=20250331|station=32011,32011,20250331,2025,5,9922.0,11830.0,1909,1909,-1.63110538116592,0.1631741120174369,62.0,-1.4,False
2025|line=16|event=33|date=20250331|station=32011,32011,20250331,2025,6,11833.0,12312.0,480,480,-1.2653335201793716,0.1297317970300311,62.0,-1.4,False
2025|line=16|event=33|date=20250331|station=42005,42005,20250331,2025,1,9166.0,12448.0,3283,3283,-1.2401042600896863,0.1964194744307335,62.0,-1.1,False
2025|line=16|event=33|date=20250331|station=43002,43002,20250331,2025,1,8727.0,12381.0,3655,3655,3.198627802690595,0.2688376817920748,62.0,3.8,True
2025|line=16|event=33|date=20250331|station=43002,43002,20250331,2025,2,12469.0,12563.0,95,95,2.567986547085212,0.0396680899634502,62.0,3.8,True
2025|line=16|event=33|date=20250331|station=50008,50008,20250331,2025,1,9139.0,9776.0,638,638,-3.968626681614349,0.1408734172909339,62.0,-1.4,False
2025|line=16|event=33|date=20250331|station=50008,50008,20250331,2025,2,9781.0,10487.0,707,707,-3.358748878923766,0.1276386552077439,62.0,-1.4,False
2025|line=16|event=33|date=20250331|station=50008,50008,20250331,2025,3,10515.0,10638.0,124,124,-3.350458520179373,0.1247819756136059,62.0,-1.4,False
2025|line=16|event=33|date=20250331|station=50008,50008,20250331,2025,4,10652.0,11125.0,474,474,-3.3333419282511194,0.1186701803673647,62.0,-1.4,False
2025|line=16|event=33|date=20250331|station=50008,50008,20250331,2025,5,11152.0,11534.0,383,383,-3.473047085201795,0.1222240109736742,62.0,-1.4,False
2025|line=16|event=33|date=20250331|station=50008,50008,20250331,2025,6,11552.0,11687.0,136,136,-3.5799854260089674,0.1035309681980657,62.0,-1.4,False
2025|line=16|event=33|date=20250331|station=50008,50008,20250331,2025,7,12021.0,12138.0,118,118,-3.738146860986543,0.1771835901163135,62.0,-1.4,False
2025|line=16|event=33|date=20250331|station=50008,50008,20250331,2025,8,12180.0,12387.0,208,208,-3.689070627802689,0.1445177168218476,62.0,-1.4,False
2025|line=16|event=33|date=20250331|station=50009,50009,20250331,2025,1,8885.0,12475.0,3591,3591,-1.502892376681615,0.2200961903554846,62.0,-1.6,False
2025|line=16|event=33|date=20250331|station=50023,50023,20250331,2025,1,8969.0,11727.0,2759,2759,-2.747874439461896,0.2479763144078289,62.0,-1.2,False
2025|line=16|event=33|date=20250331|station=50023,50023,20250331,2025,2,11741.0,12417.0,677,677,-3.137098654708552,0.0670812197392467,62.0,-1.2,False
2025|line=16|event=33|date=20250331|station=53095,53095,20250331,2025,1,9540.0,10167.0,628,628,0.3767623318381083,0.0692030983347461,62.0,-1.1,False
2025|line=16|event=33|date=20250331|station=53095,53095,20250331,2025,2,10184.0,12060.0,1877,1877,-0.865623318382859,0.2613227144367908,62.0,-1.1,False
2025|line=4|event=682|date=20250401|station=32001,32001,20250401,2025,1,82519.0,82939.0,421,421,5.901706611570248,0.1669408814124631,36.0,5.5,True
2025|line=4|event=682|date=20250401|station=32001,32001,20250401,2025,2,82959.0,83244.0,286,286,6.03934090909091,0.1354452482060434,36.0,5.5,True
2025|line=4|event=682|date=20250401|station=32001,32001,20250401,2025,3,83264.0,83441.0,178,178,6.143626033057856,0.1125525956549793,36.0,5.5,True
2025|line=4|event=682|date=20250401|station=32001,32001,20250401,2025,4,83451.0,83579.0,129,129,6.324607438016528,0.0683896375625154,36.0,5.5,True
2025|line=4|event=682|date=20250401|station=32001,32001,20250401,2025,5,83654.0,83958.0,305,305,6.366826446280996,0.1639952433598956,36.0,5.5,True
2025|line=4|event=682|date=20250401|station=32001,32001,20250401,2025,6,83999.0,84067.0,69,69,6.578351239669431,0.0829750573784516,36.0,5.5,True
2025|line=4|event=682|date=20250401|station=32001,32001,20250401,2025,7,84090.0,84239.0,150,150,5.998683884297535,0.1522624159079376,36.0,5.5,True
2025|line=4|event=682|date=20250401|station=32001,32001,20250401,2025,8,84358.0,84628.0,271,271,5.659590909090923,0.151520433121593,36.0,5.5,True
2025|line=4|event=682|date=20250401|station=32011,32011,20250401,2025,1,82525.0,83826.0,1302,1302,6.270195247933877,0.1281333896568611,36.0,5.7,True
2025|line=4|event=682|date=20250401|station=32011,32011,20250401,2025,2,83882.0,84071.0,190,190,6.666143595041319,0.1168736463764612,36.0,5.7,True
2025|line=4|event=682|date=20250401|station=32011,32011,20250401,2025,3,84122.0,84629.0,508,508,5.889368801652893,0.1400867269388427,36.0,5.7,True
2025|line=4|event=682|date=20250401|station=32019,32019,20250401,2025,1,82565.0,82953.0,389,389,-0.8178842975206608,0.1072779721216286,36.0,-0.8,False
2025|line=4|event=682|date=20250401|station=32019,32019,20250401,2025,2,82960.0,83127.0,168,168,-0.7360413223140494,0.085675745512701,36.0,-0.8,False
2025|line=4|event=682|date=20250401|station=32019,32019,20250401,2025,3,83594.0,83705.0,112,112,-0.3464214876033056,0.1277859798467935,36.0,-0.8,False
2025|line=4|event=682|date=20250401|station=32019,32019,20250401,2025,4,83814.0,83963.0,150,150,-0.3422809917355369,0.1434680554425828,36.0,-0.8,False
2025|line=4|event=682|date=20250401|station=32019,32019,20250401,2025,5,83992.0,84650.0,659,659,-0.8517024793388428,0.1684661496295567,36.0,-0.8,False
2025|line=38|event=249|date=20250401|station=41006,41006,20250401,2025,1,11898.0,16430.0,4533,4533,-1.152480861243987,0.2883966527069664,135.0,1.4,False
2025|line=38|event=249|date=20250401|station=41006,41006,20250401,2025,2,16472.0,16703.0,232,232,-2.448950358851647,0.0608460177050824,135.0,1.4,False
2025|line=38|event=249|date=20250401|station=41006,41006,20250401,2025,3,16766.0,19960.0,3195,3195,-1.2954581339712945,0.2790713966414725,135.0,1.4,False
2025|line=38|event=250|date=20250401|station=41006,41006,20250401,2025,1,22732.0,24413.0,1682,1682,2.3030940082644804,0.2052383300455709,36.0,1.4,False
2025|line=38|event=251|date=20250401|station=41006,41006,20250401,2025,1,35498.0,35615.0,118,118,1.356708962264122,0.1135628585235376,84.0,1.4,False
2025|line=38|event=251|date=20250401|station=41006,41006,20250401,2025,2,35642.0,37548.0,1907,1907,1.5849198113207308,0.1327720361876256,84.0,1.4,False
2025|line=38|event=251|date=20250401|station=41006,41006,20250401,2025,3,37561.0,40498.0,2938,2938,1.4145797169811374,0.1197182920453541,84.0,1.4,False
2025|line=38|event=252|date=20250401|station=41006,41006,20250401,2025,1,42798.0,45480.0,2683,2683,1.6568145695364365,0.1896167150654782,44.0,1.4,False
2025|line=38|event=253|date=20250401|station=41006,41006,20250401,2025,1,55671.0,59378.0,3708,3708,-1.5571893564356571,0.1408776439918991,63.0,-1.4,False
2025|line=38|event=254|date=20250401|station=41006,41006,20250401,2025,1,62744.0,64313.0,1570,1570,-1.4000000000000057,0.0897828210085747,27.0,-1.4,False
2025|line=38|event=255|date=20250402|station=41006,41006,20250402,2025,1,7007.0,7308.0,302,302,-1.5223178391960062,0.0857361732898393,62.0,-1.5,False
2025|line=38|event=255|date=20250402|station=41006,41006,20250402,2025,2,7340.0,7533.0,194,194,-1.6253153266331424,0.0691503810338875,62.0,-1.5,False
2025|line=38|event=255|date=20250402|station=41006,41006,20250402,2025,3,7577.0,7685.0,109,109,-1.7002185929648022,0.0827902618219135,62.0,-1.5,False
2025|line=38|event=255|date=20250402|station=41006,41006,20250402,2025,4,7733.0,8621.0,889,889,-1.4932889447236164,0.1533307447075484,62.0,-1.5,False
2025|line=38|event=255|date=20250402|station=41006,41006,20250402,2025,5,8657.0,9728.0,1072,1072,-0.763285175879389,0.1522227494084406,62.0,-1.5,False
2025|line=38|event=255|date=20250402|station=41006,41006,20250402,2025,6,9777.0,9945.0,169,169,-1.393711055276384,0.0673565228278268,62.0,-1.5,False
2025|line=38|event=255|date=20250402|station=41006,41006,20250402,2025,7,9952.0,10208.0,257,257,-1.3320854271356666,0.0968272747170641,62.0,-1.5,False
2025|line=38|event=255|date=20250402|station=41006,41006,20250402,2025,8,10211.0,10391.0,181,181,-1.4409472361808753,0.0665641532224032,62.0,-1.5,False
2025|line=38|event=255|date=20250402|station=41006,41006,20250402,2025,9,10443.0,10679.0,237,237,-1.6243140703517724,0.0672094956013821,62.0,-1.5,False
2025|line=38|event=256|date=20250402|station=41006,41006,20250402,2025,1,13636.0,14468.0,833,833,-3.46914760147601,0.0923766575251654,86.0,-1.4,False
2025|line=38|event=256|date=20250402|station=41006,41006,20250402,2025,2,14477.0,15431.0,955,955,-4.7594022140221455,0.1549131316487532,86.0,-1.4,False
2025|line=38|event=256|date=20250402|station=41006,41006,20250402,2025,3,15435.0,17222.0,1788,1788,-4.828803505535063,0.2903744178654704,86.0,-1.4,False
2025|line=38|event=256|date=20250402|station=41006,41006,20250402,2025,4,17249.0,17760.0,512,512,-3.6042352398524153,0.1521198444741933,86.0,-1.4,False
2025|line=38|event=257|date=20250402|station=41006,41006,20250402,2025,1,25757.0,26285.0,529,529,-1.759999999999991,0.1091086320276095,10.0,-2.6,False
2025|line=38|event=262|date=20250402|station=41006,41006,20250402,2025,1,32207.0,33571.0,1365,1365,-1.2199999999999989,0.1156649358875994,28.0,-2.8,False
2025|line=38|event=264|date=20250402|station=41006,41006,20250402,2025,1,36237.0,39102.0,2866,2866,-3.152512354651151,0.3854576347221358,53.0,-2.8,False
2025|line=38|event=264|date=20250402|station=41006,41006,20250402,2025,2,39144.0,39366.0,223,223,-3.526795058139527,0.1084374666610134,53.0,-2.8,False
2025|line=38|event=265|date=20250402|station=41006,41006,20250402,2025,1,41141.0,42023.0,883,883,-3.0600000000000023,0.1607162629703861,21.0,-2.9,False
2025|line=38|event=267|date=20250402|station=41006,41006,20250402,2025,1,44613.0,46200.0,1588,1588,-2.1299999999999955,0.2144116545035659,27.0,-2.8,False
2025|line=38|event=268|date=20250402|station=41006,41006,20250402,2025,1,54734.0,58565.0,3832,3832,-3.034828791469181,0.1946833861710512,66.0,-2.8,False
2025|line=38|event=265|date=20250402|station=61010,61010,20250402,2025,1,40998.0,41773.0,776,776,-0.4599999999999937,0.1752919829985015,21.0,-0.5,False
2025|line=38|event=265|date=20250402|station=61010,61010,20250402,2025,2,41777.0,41940.0,164,164,0.1500000000000056,0.1009135138602283,21.0,-0.5,False
2025|line=38|event=273|date=20250403|station=41006,41006,20250403,2025,1,23329.0,23702.0,374,374,-1.7699999999999818,0.0685824522072999,7.0,-2.8,False
2025|line=38|event=276|date=20250403|station=41006,41006,20250403,2025,1,56919.0,58100.0,1182,1182,-2.0200000000000102,0.1589902808371143,22.0,-1.4,False
2025|line=38|event=273|date=20250403|station=61160,61160,20250403,2025,1,23238.0,23537.0,300,300,0.5099999999999909,0.0813360644691604,7.0,-0.5,False
2025|line=38|event=278|date=20250404|station=41006,41006,20250404,2025,1,10713.0,11016.0,304,304,0.9699999999999988,0.0848707515625072,6.0,1.5,False
2025|line=38|event=279|date=20250404|station=41006,41006,20250404,2025,1,14667.0,17066.0,2400,2400,-3.453880514705901,0.2976028670842018,41.0,-2.8,False
2025|line=38|event=282|date=20250404|station=41006,41006,20250404,2025,1,23597.0,24411.0,815,815,-2.7949999999999875,0.1124868401076193,15.0,-2.8,False
2025|line=38|event=284|date=20250404|station=41006,41006,20250404,2025,1,28442.0,28674.0,233,233,-1.6099999999999852,0.0816524953726184,6.0,-2.8,False
2025|line=38|event=285|date=20250404|station=41006,41006,20250404,2025,1,29883.0,29986.0,104,104,-2.490000000000009,0.0526043626107891,3.0,-2.8,False
2025|line=38|event=287|date=20250404|station=41006,41006,20250404,2025,1,32367.0,32936.0,570,570,-2.58021875,0.1095107714875661,33.0,-2.9,False
2025|line=38|event=287|date=20250404|station=41006,41006,20250404,2025,2,32950.0,34294.0,1345,1345,-2.5892499999999927,0.1407373432577087,33.0,-2.9,False
2025|line=38|event=289|date=20250404|station=41006,41006,20250404,2025,1,41491.0,42103.0,613,613,-2.9499999999999886,0.0875403862170163,11.0,-2.8,False
2025|line=38|event=290|date=20250404|station=41006,41006,20250404,2025,1,43923.0,44439.0,517,517,-2.75,0.0816109916179151,12.0,-2.9,False
2025|line=38|event=291|date=20250404|station=41006,41006,20250404,2025,1,46668.0,47634.0,967,967,-1.329999999999984,0.118613306395817,27.0,-1.5,False
2025|line=38|event=291|date=20250404|station=41006,41006,20250404,2025,2,47651.0,47760.0,110,110,-0.2750000000000057,0.0572323469238117,27.0,-1.5,False
2025|line=38|event=292|date=20250404|station=41006,41006,20250404,2025,1,57023.0,59015.0,1993,1993,-2.361278260869568,0.3136027259312749,34.0,-2.8,False
2025|line=38|event=293|date=20250404|station=41006,41006,20250404,2025,1,59566.0,59721.0,156,156,1.4299999999999784,0.0676668642122713,4.0,1.4,False
2025|line=38|event=279|date=20250404|station=61010,61010,20250404,2025,1,15299.0,16173.0,875,875,-1.314801470588229,0.1393520684142609,41.0,-0.5,False
2025|line=38|event=279|date=20250404|station=61010,61010,20250404,2025,2,16189.0,16399.0,211,211,-1.7689117647058836,0.1441612568862817,41.0,-0.5,False
2025|line=38|event=279|date=20250404|station=61010,61010,20250404,2025,3,16435.0,16536.0,102,102,-1.472777573529413,0.1163368911192816,41.0,-0.5,False
2025|line=38|event=279|date=20250404|station=61010,61010,20250404,2025,4,16556.0,16731.0,176,176,-1.041593750000004,0.1080595345939172,41.0,-0.5,False
2025|line=38|event=282|date=20250404|station=61010,61010,20250404,2025,1,23651.0,23717.0,67,67,-0.5700000000000003,0.0689392003147431,15.0,-0.5,False
2025|line=38|event=282|date=20250404|station=61010,61010,20250404,2025,2,23744.0,24060.0,317,317,-0.0900000000000034,0.1249348699713689,15.0,-0.5,False
2025|line=38|event=290|date=20250404|station=61010,61010,20250404,2025,1,43850.0,44220.0,371,371,-0.355000000000004,0.170585454468688,12.0,-0.5,False
2025|line=38|event=295|date=20250405|station=41006,41006,20250405,2025,1,9509.0,10171.0,663,663,-0.549999999999983,0.1051201913214177,14.0,1.4,False
2025|line=38|event=299|date=20250405|station=41006,41006,20250405,2025,1,24822.0,25907.0,1086,1086,2.753486238532105,0.255368305220404,32.0,2.9,False
2025|line=38|event=299|date=20250405|station=41006,41006,20250405,2025,2,25917.0,26679.0,763,763,3.464220183486248,0.114663575818366,32.0,2.9,False
2025|line=38|event=307|date=20250405|station=41006,41006,20250405,2025,1,46178.0,46843.0,666,666,3.6049999999999898,0.0638241792446298,25.0,2.7,False
2025|line=38|event=307|date=20250405|station=41006,41006,20250405,2025,2,46862.0,47497.0,636,636,4.935000000000002,0.1834005336586828,25.0,2.7,False
2025|line=38|event=309|date=20250405|station=41006,41006,20250405,2025,1,50387.0,50523.0,137,137,-1.920000000000016,0.09134045423922,9.0,-1.3,False
2025|line=38|event=310|date=20250405|station=41006,41006,20250405,2025,1,51487.0,51678.0,192,192,-1.670000000000016,0.0679182369047127,11.0,-1.4,False
2025|line=38|event=312|date=20250405|station=41006,41006,20250405,2025,1,59034.0,59177.0,144,144,-0.9300000000000068,0.0606532359638034,5.0,-0.7,False
2025|line=38|event=322|date=20250406|station=41006,41006,20250406,2025,1,32255.0,33084.0,830,830,-1.3599999999999852,0.1341065944741772,20.0,-2.9,False
2025|line=38|event=323|date=20250406|station=41006,41006,20250406,2025,1,37188.0,38376.0,1189,1189,-2.430000000000007,0.1901777432704837,21.0,-2.9,False
2025|line=38|event=326|date=20250406|station=41006,41006,20250406,2025,1,41363.0,41809.0,447,447,1.289999999999992,0.1056931910549948,9.0,1.4,False
2025|line=38|event=327|date=20250406|station=41006,41006,20250406,2025,1,42809.0,43242.0,434,434,1.6399999999999864,0.0776256632968229,11.0,1.4,False
2025|line=38|event=330|date=20250406|station=41006,41006,20250406,2025,1,50432.0,50656.0,225,225,1.8999999999999773,0.058930184182861,9.0,1.4,False
2025|line=38|event=331|date=20250406|station=41006,41006,20250406,2025,1,52059.0,52761.0,703,703,3.0999999999999943,0.1711578300846931,13.0,2.9,False
2025|line=38|event=332|date=20250406|station=41006,41006,20250406,2025,1,53884.0,54234.0,351,351,-1.8000000000000114,0.0782762739245326,7.0,-1.8,False
2025|line=38|event=323|date=20250406|station=61010,61010,20250406,2025,1,37204.0,37437.0,234,234,-0.5400000000000063,0.140185850383892,21.0,-0.5,False
2025|line=38|event=323|date=20250406|station=61010,61010,20250406,2025,2,37460.0,37740.0,281,281,-0.3200000000000074,0.1441426390064566,21.0,-0.5,False
2025|line=38|event=323|date=20250406|station=61010,61010,20250406,2025,3,37755.0,38129.0,375,375,-0.25,0.1638616418186965,21.0,-0.5,False
2025|line=38|event=323|date=20250406|station=61010,61010,20250406,2025,4,38161.0,38374.0,214,214,-0.5700000000000074,0.1761857088081831,21.0,-0.5,False
2025|line=38|event=331|date=20250406|station=61010,61010,20250406,2025,1,52369.0,52701.0,333,333,0.8349999999999937,0.0958897234691507,13.0,0.5,False
2025|line=38|event=323|date=20250406|station=61160,61160,20250406,2025,1,37143.0,38415.0,1273,1273,-0.0949999999999846,0.3309968867173411,21.0,-0.5,False
2025|line=38|event=334|date=20250408|station=41006,41006,20250408,2025,1,19158.0,19240.0,83,83,0.1099999999999852,0.0759697410997309,8.0,-1.4,False
2025|line=38|event=334|date=20250408|station=41006,41006,20250408,2025,2,19251.0,19621.0,371,371,-0.5900000000000034,0.1793750841572143,8.0,-1.4,False
2025|line=38|event=335|date=20250408|station=41006,41006,20250408,2025,1,20178.0,20608.0,431,431,-0.3600000000000136,0.2090457526022469,7.0,-1.4,False
2025|line=38|event=337|date=20250408|station=41006,41006,20250408,2025,1,22224.0,22491.0,268,268,4.130000000000024,0.0749253083253064,8.0,2.8,False
2025|line=38|event=338|date=20250408|station=41006,41006,20250408,2025,1,25066.0,25174.0,109,109,2.5700000000000216,0.0799473904014485,5.0,1.4,False
2025|line=38|event=339|date=20250408|station=41006,41006,20250408,2025,1,27318.0,27439.0,122,122,0.3799999999999954,0.084576856274872,7.0,-0.7,False
2025|line=38|event=339|date=20250408|station=41006,41006,20250408,2025,2,27453.0,27552.0,100,100,0.6700000000000159,0.0715559894625357,7.0,-0.7,False
2025|line=38|event=340|date=20250408|station=41006,41006,20250408,2025,1,28327.0,28572.0,246,246,2.0900000000000034,0.0591127155922718,6.0,0.7,False
2025|line=38|event=341|date=20250408|station=41006,41006,20250408,2025,1,29393.0,30570.0,1178,1178,4.27000000000001,0.2772870048885135,29.0,2.8,False
2025|line=38|event=341|date=20250408|station=41006,41006,20250408,2025,2,30576.0,30809.0,234,234,5.02000000000001,0.0758274607032832,29.0,2.8,False
2025|line=38|event=342|date=20250408|station=41006,41006,20250408,2025,1,32020.0,32330.0,311,311,3.170000000000016,0.1150545736490214,6.0,2.8,False
2025|line=38|event=343|date=20250408|station=41006,41006,20250408,2025,1,33775.0,34192.0,418,418,-2.329999999999984,0.1140627799614156,22.0,-2.8,False
2025|line=38|event=343|date=20250408|station=41006,41006,20250408,2025,2,34234.0,35025.0,792,792,-1.8599999999999848,0.1040509122806835,22.0,-2.8,False
2025|line=38|event=345|date=20250408|station=41006,41006,20250408,2025,1,54043.0,55542.0,1500,1500,-4.510000000000019,0.2075820277620492,26.0,-4.3,True
2025|line=38|event=346|date=20250408|station=41006,41006,20250408,2025,1,56647.0,57939.0,1293,1293,-4.449999999999989,0.0957839041774539,23.0,-4.3,True
2025|line=38|event=347|date=20250408|station=41006,41006,20250408,2025,1,58518.0,59515.0,998,998,-4.75,0.1704608795386252,18.0,-4.2,True
2025|line=38|event=348|date=20250408|station=41006,41006,20250408,2025,1,60236.0,61082.0,847,847,-1.8100000000000025,0.1334119632833062,15.0,-1.5,False
2025|line=38|event=349|date=20250408|station=41006,41006,20250408,2025,1,61537.0,61908.0,372,372,-4.8300000000000125,0.0946813280450659,7.0,-4.3,True
2025|line=38|event=350|date=20250408|station=41006,41006,20250408,2025,1,62369.0,63327.0,959,959,-4.610000000000014,0.345115039479447,17.0,-4.3,True
2025|line=38|event=351|date=20250408|station=41006,41006,20250408,2025,1,64775.0,65033.0,259,259,-1.880000000000024,0.1241210495149652,6.0,-1.4,False
2025|line=38|event=342|date=20250408|station=61010,61010,20250408,2025,1,32198.0,32383.0,186,186,0.8399999999999892,0.0998650877275261,6.0,0.5,False
2025|line=38|event=345|date=20250408|station=61010,61010,20250408,2025,1,54058.0,55010.0,953,953,-0.6099999999999994,0.1273820635244192,26.0,-0.7,False
2025|line=38|event=345|date=20250408|station=61010,61010,20250408,2025,2,55026.0,55267.0,242,242,-0.1200000000000045,0.1093772936478611,26.0,-0.7,False
2025|line=38|event=346|date=20250408|station=61010,61010,20250408,2025,1,56825.0,57961.0,1137,1137,-1.0699999999999932,0.1135885295648182,23.0,-0.7,False
2025|line=38|event=347|date=20250408|station=61010,61010,20250408,2025,1,58623.0,59465.0,843,843,-1.210000000000008,0.1491484436025849,18.0,-0.7,False
2025|line=38|event=342|date=20250408|station=61160,61160,20250408,2025,1,32224.0,32383.0,160,160,0.934999999999988,0.0808951866349408,6.0,0.5,False
2025|line=38|event=345|date=20250408|station=61160,61160,20250408,2025,1,54128.0,55049.0,922,922,-0.9399999999999976,0.2091719663175036,26.0,-0.7,False
2025|line=38|event=345|date=20250408|station=61160,61160,20250408,2025,2,55085.0,55200.0,116,116,0.0200000000000102,0.0920713777050583,26.0,-0.7,False
2025|line=38|event=346|date=20250408|station=61160,61160,20250408,2025,1,56785.0,57957.0,1173,1173,-0.8449999999999989,0.1281850675597994,23.0,-0.7,False
2025|line=38|event=352|date=20250409|station=41006,41006,20250409,2025,1,3850.0,4353.0,504,504,-0.3300000000000125,0.177440951036427,11.0,1.3,False
2025|line=38|event=353|date=20250409|station=41006,41006,20250409,2025,1,5275.0,6732.0,1458,1458,-6.110000000000014,0.190990395606672,28.0,-4.3,True
2025|line=38|event=354|date=20250409|station=41006,41006,20250409,2025,1,7632.0,8637.0,1006,1006,-5.974999999999994,0.1072269898537866,25.0,-4.3,True
2025|line=38|event=354|date=20250409|station=41006,41006,20250409,2025,2,8658.0,8871.0,214,214,-7.444999999999993,0.0580018141675079,25.0,-4.3,True
2025|line=38|event=355|date=20250409|station=41006,41006,20250409,2025,1,10019.0,10746.0,728,728,-5.39500000000001,0.1479427728002894,23.0,-1.3,False
2025|line=38|event=357|date=20250409|station=41006,41006,20250409,2025,1,21837.0,22429.0,593,593,-3.969999999999999,0.1201306144886247,11.0,-4.3,True
2025|line=38|event=359|date=20250409|station=41006,41006,20250409,2025,1,27263.0,27733.0,471,471,-3.7399999999999807,0.1636964412640296,10.0,-4.0,True
2025|line=38|event=361|date=20250409|station=41006,41006,20250409,2025,1,31671.0,32557.0,887,887,-5.269060869565237,0.1380199134577716,32.0,-4.7,True
2025|line=38|event=361|date=20250409|station=41006,41006,20250409,2025,2,32645.0,32886.0,242,242,-5.095534782608723,0.1527552777232887,32.0,-4.7,True
2025|line=38|event=361|date=20250409|station=41006,41006,20250409,2025,3,33005.0,33445.0,441,441,-4.925956521739124,0.1340884469050754,32.0,-4.7,True
2025|line=38|event=369|date=20250409|station=41006,41006,20250409,2025,1,56676.0,57312.0,637,637,0.8899999999999864,0.0692467102485072,15.0,1.0,False
2025|line=38|event=370|date=20250410|station=41006,41006,20250410,2025,1,3629.0,4041.0,413,413,0.4300000000000068,0.1105756861767468,8.0,1.4,False
2025|line=38|event=371|date=20250410|station=41006,41006,20250410,2025,1,23763.0,24940.0,1178,1178,-2.4399999999999977,0.1615085914234878,24.0,-4.3,True
2025|line=38|event=372|date=20250410|station=41006,41006,20250410,2025,1,26722.0,27269.0,548,548,2.219999999999999,0.0644330903101705,14.0,1.4,False
2025|line=38|event=374|date=20250410|station=41006,41006,20250410,2025,1,30130.0,30556.0,427,427,-2.15724311926607,0.1267530168697492,32.0,-1.8,False
2025|line=38|event=374|date=20250410|station=41006,41006,20250410,2025,2,30593.0,31973.0,1381,1381,-2.2151330275229384,0.2150169733600793,32.0,-1.8,False
2025|line=38|event=376|date=20250410|station=41006,41006,20250410,2025,1,49273.0,49775.0,503,503,4.539999999999992,0.0664943317192984,10.0,4.3,True
2025|line=38|event=377|date=20250410|station=41006,41006,20250410,2025,1,50506.0,51610.0,1105,1105,4.230000000000018,0.1032694266474684,19.0,4.3,True
2025|line=38|event=378|date=20250410|station=41006,41006,20250410,2025,1,52708.0,53800.0,1093,1093,4.419999999999988,0.0888761655138434,20.0,4.3,True
2025|line=38|event=379|date=20250410|station=41006,41006,20250410,2025,1,54673.0,55581.0,909,909,4.5800000000000125,0.0730564538203001,17.0,4.2,True
2025|line=38|event=380|date=20250410|station=41006,41006,20250410,2025,1,56292.0,57144.0,853,853,1.414999999999992,0.0761230677414706,15.0,1.4,False
2025|line=38|event=376|date=20250410|station=61010,61010,20250410,2025,1,49442.0,49717.0,276,276,0.980000000000004,0.0686318843397436,10.0,0.7,False
2025|line=38|event=377|date=20250410|station=61010,61010,20250410,2025,1,50574.0,51423.0,850,850,0.5400000000000063,0.1111264990681321,19.0,0.7,False
2025|line=38|event=377|date=20250410|station=61010,61010,20250410,2025,2,51429.0,51618.0,190,190,0.6899999999999977,0.1226026948779934,19.0,0.7,False
2025|line=38|event=378|date=20250410|station=61010,61010,20250410,2025,1,52873.0,53799.0,927,927,1.039999999999992,0.1198137179191716,20.0,0.7,False
2025|line=38|event=379|date=20250410|station=61010,61010,20250410,2025,1,54774.0,55576.0,803,803,1.0,0.1073795268543838,17.0,0.7,False
2025|line=38|event=371|date=20250410|station=61160,61160,20250410,2025,1,24540.0,25155.0,616,616,3.309999999999988,0.1244092183168123,24.0,-0.7,False
2025|line=38|event=376|date=20250410|station=61160,61160,20250410,2025,1,49434.0,49726.0,293,293,0.9099999999999966,0.0818922766553164,10.0,0.7,False
2025|line=38|event=378|date=20250410|station=61160,61160,20250410,2025,1,52852.0,53778.0,927,927,1.019999999999996,0.1172449455223817,20.0,0.7,False
2025|line=38|event=379|date=20250410|station=61160,61160,20250410,2025,1,54829.0,55568.0,740,740,1.0749999999999886,0.0868647908037334,17.0,0.7,False
2025|line=38|event=382|date=20250411|station=41006,41006,20250411,2025,1,8181.0,8334.0,154,154,-3.4350000000000023,0.0665908334338084,6.0,-1.4,False
2025|line=38|event=385|date=20250411|station=41006,41006,20250411,2025,1,12958.0,13993.0,1036,1036,1.0900000000000034,0.1222018532666414,25.0,1.4,False
2025|line=38|event=385|date=20250411|station=41006,41006,20250411,2025,2,14069.0,14359.0,291,291,1.6400000000000148,0.074474112400443,25.0,1.4,False
2025|line=38|event=386|date=20250411|station=41006,41006,20250411,2025,1,19562.0,21630.0,2069,2069,4.417991735537186,0.159582089619345,36.0,4.3,True
2025|line=38|event=390|date=20250412|station=41006,41006,20250412,2025,1,46411.0,46820.0,410,410,1.585000000000008,0.0777573218379705,8.0,1.4,False
2025|line=38|event=391|date=20250412|station=41006,41006,20250412,2025,1,47262.0,47446.0,185,185,1.789999999999992,0.0575203495148484,4.0,1.4,False
2025|line=38|event=392|date=20250412|station=41006,41006,20250412,2025,1,62161.0,62498.0,338,338,1.4499999999999886,0.0541875496735043,7.0,1.4,False
2025|line=38|event=393|date=20250412|station=41006,41006,20250412,2025,1,62941.0,63332.0,392,392,1.5600000000000025,0.0869580019356602,8.0,1.5,False
2025|line=38|event=406|date=20250414|station=41006,41006,20250414,2025,1,8754.0,8857.0,104,104,-3.694999999999993,0.0469268883464449,3.0,-2.9,False
2025|line=38|event=409|date=20250414|station=41006,41006,20250414,2025,1,27949.0,28083.0,135,135,3.1599999999999966,0.0508128744256968,3.0,2.8,False
2025|line=38|event=410|date=20250414|station=41006,41006,20250414,2025,1,29478.0,30662.0,1185,1185,4.079999999999984,0.0969194909852072,24.0,2.9,False
2025|line=38|event=411|date=20250414|station=41006,41006,20250414,2025,1,39619.0,40584.0,966,966,-2.6999999999999886,0.1179281551930588,18.0,-2.8,False
2025|line=38|event=412|date=20250414|station=41006,41006,20250414,2025,1,40989.0,45069.0,4081,4081,2.723970852017942,0.1683788000010395,69.0,2.8,False
2025|line=38|event=413|date=20250414|station=41006,41006,20250414,2025,1,59255.0,59495.0,241,241,-0.5600000000000023,0.0580591690812667,5.0,-0.7,False
2025|line=38|event=412|date=20250414|station=61010,61010,20250414,2025,1,40953.0,45121.0,4169,4169,0.2465695067264448,0.18878000812455,69.0,0.5,False
2025|line=38|event=411|date=20250414|station=61160,61160,20250414,2025,1,39639.0,40601.0,963,963,-0.5699999999999932,0.0923622729791713,18.0,-0.5,False
2025|line=38|event=412|date=20250414|station=61160,61160,20250414,2025,1,40957.0,45136.0,4180,4180,0.249711883408068,0.2172283529196857,69.0,0.5,False
2025|line=2|event=43|date=20250415|station=31002,31002,20250415,2025,1,73057.0,73137.0,81,81,-2.9026125461255106,0.108638639263677,84.0,-2.4,False
2025|line=2|event=43|date=20250415|station=31002,31002,20250415,2025,2,73140.0,73882.0,743,743,-2.341453874538729,0.1666987430774745,84.0,-2.4,False
2025|line=2|event=43|date=20250415|station=31002,31002,20250415,2025,3,73972.0,74178.0,207,207,-3.3071217712176804,0.1432918381188896,84.0,-2.4,False
2025|line=2|event=43|date=20250415|station=31002,31002,20250415,2025,4,74435.0,74533.0,99,99,-5.597402214022168,0.1391789808245723,84.0,-2.4,False
2025|line=2|event=43|date=20250415|station=31002,31002,20250415,2025,5,74700.0,74808.0,109,109,-6.059690036900406,0.1902377756268688,84.0,-2.4,False
2025|line=2|event=43|date=20250415|station=31002,31002,20250415,2025,6,74844.0,74982.0,139,139,-6.011926199262007,0.147659991538744,84.0,-2.4,False
2025|line=2|event=43|date=20250415|station=32001,32001,20250415,2025,1,72988.0,77102.0,4115,4115,-10.820050738007382,0.3788943065604267,84.0,-8.3,True
2025|line=2|event=43|date=20250415|station=32001,32001,20250415,2025,2,77142.0,77423.0,282,282,-10.588664667896694,0.0764725862824403,84.0,-8.3,True
2025|line=2|event=43|date=20250415|station=32001,32001,20250415,2025,3,77457.0,77866.0,410,410,-9.709660055350554,0.1371068234444031,84.0,-8.3,True
2025|line=2|event=43|date=20250415|station=32011,32011,20250415,2025,1,72950.0,74232.0,1283,1283,-9.815771217712175,0.3152811481300644,84.0,-9.9,True
2025|line=2|event=43|date=20250415|station=32011,32011,20250415,2025,2,74265.0,76535.0,2271,2271,-12.818302583025826,0.3737245513709632,84.0,-9.9,True
2025|line=2|event=43|date=20250415|station=32011,32011,20250415,2025,3,76644.0,77028.0,385,385,-12.996177121771218,0.0870897955690779,84.0,-9.9,True
2025|line=2|event=43|date=20250415|station=32011,32011,20250415,2025,4,77105.0,77394.0,290,290,-11.534771217712176,0.151896275199005,84.0,-9.9,True
2025|line=2|event=43|date=20250415|station=32011,32011,20250415,2025,5,77456.0,77862.0,407,407,-11.439025830258297,0.1913190080082148,84.0,-9.9,True
2025|line=2|event=43|date=20250415|station=32019,32019,20250415,2025,1,73680.0,75938.0,2259,2259,-4.67069557195572,0.1728694559419904,84.0,-1.6,False
2025|line=2|event=43|date=20250415|station=32019,32019,20250415,2025,2,76410.0,77037.0,628,628,-6.054207564575645,0.0832110690611755,84.0,-1.6,False
2025|line=2|event=43|date=20250415|station=32019,32019,20250415,2025,3,77085.0,77223.0,139,139,-4.82430258302583,0.0629609404040495,84.0,-1.6,False
2025|line=2|event=43|date=20250415|station=32019,32019,20250415,2025,4,77246.0,77404.0,159,159,-4.4014483394833945,0.0881612926303676,84.0,-1.6,False
2025|line=2|event=43|date=20250415|station=32019,32019,20250415,2025,5,77447.0,77520.0,74,74,-3.569299815498155,0.0437284121554701,84.0,-1.6,False
2025|line=2|event=43|date=20250415|station=36001,36001,20250415,2025,1,73044.0,74247.0,1204,1204,2.800662361623836,0.2196756734546593,84.0,4.2,True
2025|line=2|event=43|date=20250415|station=36001,36001,20250415,2025,2,74277.0,74546.0,270,270,1.6507878228730988,0.1197206603977423,84.0,4.2,True
2025|line=2|event=43|date=20250415|station=36001,36001,20250415,2025,3,74686.0,74818.0,133,133,1.440804428042611,0.1434811307172341,84.0,4.2,True
2025|line=2|event=43|date=20250415|station=36001,36001,20250415,2025,4,74876.0,75041.0,166,166,1.5352638376280083,0.1594498569326979,84.0,4.2,True
2025|line=2|event=43|date=20250415|station=36001,36001,20250415,2025,5,75056.0,75418.0,363,363,1.418977859779261,0.1449961871353872,84.0,4.2,True
2025|line=2|event=43|date=20250415|station=36001,36001,20250415,2025,6,75619.0,75773.0,155,155,0.7054760147584602,0.1671203099590145,84.0,4.2,True
2025|line=2|event=43|date=20250415|station=36001,36001,20250415,2025,7,76183.0,76262.0,80,80,-0.0605996309895999,0.1703528089706177,84.0,4.2,True
2025|line=2|event=43|date=20250415|station=36001,36001,20250415,2025,8,77178.0,77266.0,89,89,1.6499557195493253,0.1821110327669696,84.0,4.2,True
2025|line=38|event=421|date=20250415|station=41006,41006,20250415,2025,1,26461.0,26623.0,163,163,0.9699999999999988,0.1048030899979012,4.0,0.3,False
2025|line=38|event=422|date=20250415|station=41006,41006,20250415,2025,1,55143.0,55308.0,166,166,-2.7549999999999955,0.0631905405969091,4.0,-2.9,False
2025|line=38|event=423|date=20250415|station=41006,41006,20250415,2025,1,58366.0,58480.0,115,115,-2.8899999999999864,0.0630347175131688,3.0,-2.9,False
2025|line=38|event=426|date=20250415|station=41006,41006,20250415,2025,1,61926.0,62162.0,237,237,1.5600000000000025,0.0604564124250308,5.0,1.4,False
2025|line=2|event=43|date=20250415|station=41011,41011,20250415,2025,1,73517.0,75933.0,2417,2417,-3.248173431734301,0.1227485100269868,84.0,-1.9,False
2025|line=2|event=43|date=20250415|station=41011,41011,20250415,2025,2,76291.0,77520.0,1230,1230,-4.387263837638329,0.417806594931317,84.0,-1.9,False
2025|line=2|event=43|date=20250415|station=43002,43002,20250415,2025,1,73039.0,74265.0,1227,1227,1.7447712177121844,0.2793953140191306,84.0,0.8,False
2025|line=2|event=43|date=20250415|station=43002,43002,20250415,2025,2,74279.0,76564.0,2286,2286,0.1739566420664573,0.3309069764687517,84.0,0.8,False
2025|line=2|event=43|date=20250415|station=43002,43002,20250415,2025,3,76613.0,77433.0,821,821,-0.0100018450184506,0.2512702013953952,84.0,0.8,False
2025|line=2|event=43|date=20250415|station=43002,43002,20250415,2025,4,77453.0,77520.0,68,68,0.2876005535055697,0.0574417370857859,84.0,0.8,False
2025|line=2|event=43|date=20250415|station=50008,50008,20250415,2025,1,73124.0,73673.0,550,550,-11.375453874538742,0.0958670771395288,84.0,-10.3,True
2025|line=2|event=43|date=20250415|station=50008,50008,20250415,2025,2,73677.0,74292.0,616,616,-14.163269372693726,0.1395366223709672,84.0,-10.3,True
2025|line=2|event=43|date=20250415|station=50008,50008,20250415,2025,3,76638.0,76991.0,354,354,-13.963675276752769,0.1959179459664023,84.0,-10.3,True
2025|line=2|event=43|date=20250415|station=50008,50008,20250415,2025,4,77019.0,77654.0,636,636,-12.727940959409588,0.2229614855075792,84.0,-10.3,True
2025|line=2|event=43|date=20250415|station=50008,50008,20250415,2025,5,77699.0,77783.0,85,85,-11.120767527675277,0.0391049947138668,84.0,-10.3,True
2025|line=2|event=43|date=20250415|station=50009,50009,20250415,2025,1,73346.0,74287.0,942,942,-7.514014760147575,0.2413983396017831,84.0,-4.2,True
2025|line=2|event=43|date=20250415|station=50009,50009,20250415,2025,2,74332.0,75344.0,1013,1013,-6.273084870848692,0.3447616897186791,84.0,-4.2,True
2025|line=2|event=43|date=20250415|station=50009,50009,20250415,2025,3,75347.0,77587.0,2241,2241,-7.484553505535047,0.3251335165298816,84.0,-4.2,True
2025|line=2|event=43|date=20250415|station=50023,50023,20250415,2025,1,73166.0,73594.0,429,429,-26.31643911439113,0.089432887139434,84.0,-23.4,True
2025|line=2|event=43|date=20250415|station=50023,50023,20250415,2025,2,73640.0,74250.0,611,611,-29.385525830258302,0.1560020129517747,84.0,-23.4,True
2025|line=2|event=43|date=20250415|station=50023,50023,20250415,2025,3,76648.0,76892.0,245,245,-28.910959409594057,0.0683506774121294,84.0,-23.4,True
2025|line=2|event=43|date=20250415|station=50023,50023,20250415,2025,4,77005.0,77418.0,414,414,-27.385493542435427,0.299927444793128,84.0,-23.4,True
2025|line=2|event=43|date=20250415|station=50023,50023,20250415,2025,5,77531.0,77594.0,64,64,-26.552642988929904,0.0430051853931083,84.0,-23.4,True
2025|line=2|event=43|date=20250415|station=50023,50023,20250415,2025,6,77723.0,77861.0,139,139,-24.033856088560924,0.0539580478884076,84.0,-23.4,True
2025|line=38|event=427|date=20250416|station=41006,41006,20250416,2025,1,10359.0,10636.0,278,278,-3.085000000000008,0.1347069297759411,13.0,-1.5,False
2025|line=38|event=427|date=20250416|station=41006,41006,20250416,2025,2,10648.0,10997.0,350,350,-2.6999999999999886,0.0928368995891471,13.0,-1.5,False
2025|line=38|event=429|date=20250416|station=41006,41006,20250416,2025,1,24050.0,24445.0,396,396,-2.789999999999992,0.1324488416374162,8.0,-2.9,False
2025|line=38|event=439|date=20250416|station=41006,41006,20250416,2025,1,39551.0,39914.0,364,364,-1.759999999999991,0.0687288438611596,8.0,-1.4,False
2025|line=38|event=440|date=20250416|station=41006,41006,20250416,2025,1,40273.0,40401.0,129,129,-0.8550000000000182,0.070147834953757,3.0,-1.4,False
2025|line=38|event=429|date=20250416|station=61010,61010,20250416,2025,1,24068.0,24430.0,363,363,-0.539999999999992,0.1964375741149735,8.0,-0.5,False
2025|line=38|event=444|date=20250417|station=41006,41006,20250417,2025,1,52091.0,52254.0,164,164,1.4300000000000068,0.0715614338344927,4.0,1.4,False
2025|line=38|event=445|date=20250417|station=41006,41006,20250417,2025,1,54090.0,54332.0,243,243,1.7800000000000011,0.0540360048028659,5.0,1.4,False
2025|line=38|event=446|date=20250417|station=41006,41006,20250417,2025,1,54748.0,54925.0,178,178,-1.1299999999999957,0.0721398923219377,4.0,-1.4,False
2025|line=38|event=447|date=20250417|station=41006,41006,20250417,2025,1,55312.0,55749.0,438,438,1.6500000000000057,0.0675692100471577,8.0,1.4,False
2025|line=38|event=449|date=20250419|station=41006,41006,20250419,2025,1,19325.0,19414.0,90,90,-4.460000000000008,0.0562656603855196,3.0,-4.3,True
2025|line=38|event=449|date=20250419|station=61160,61160,20250419,2025,1,19347.0,19433.0,87,87,-0.5799999999999983,0.0584154577740758,3.0,-0.7,False
2025|line=2|event=45|date=20250422|station=32001,32001,20250422,2025,1,83007.0,83251.0,245,245,-9.076239669421485,0.0979829355488464,35.0,-8.9,True
2025|line=2|event=45|date=20250422|station=32001,32001,20250422,2025,2,83284.0,83601.0,318,318,-8.751921487603298,0.1574429888386787,35.0,-8.9,True
2025|line=2|event=45|date=20250422|station=32001,32001,20250422,2025,3,83673.0,83739.0,67,67,-8.867685950413218,0.0972879153701102,35.0,-8.9,True
2025|line=2|event=45|date=20250422|station=32001,32001,20250422,2025,4,83767.0,83963.0,197,197,-8.718223140495851,0.1478346454222996,35.0,-8.9,True
2025|line=2|event=45|date=20250422|station=32001,32001,20250422,2025,5,83998.0,84079.0,82,82,-8.44113636363636,0.0799267047406544,35.0,-8.9,True
2025|line=2|event=45|date=20250422|station=32001,32001,20250422,2025,6,84097.0,84216.0,120,120,-8.922541322314046,0.1178536173713668,35.0,-8.9,True
2025|line=2|event=45|date=20250422|station=32001,32001,20250422,2025,7,84222.0,84320.0,99,99,-8.824752066115693,0.125389787736097,35.0,-8.9,True
2025|line=2|event=45|date=20250422|station=32001,32001,20250422,2025,8,84326.0,84726.0,401,401,-8.790330578512382,0.1233143881379463,35.0,-8.9,True
2025|line=2|event=45|date=20250422|station=32001,32001,20250422,2025,9,84740.0,84874.0,135,135,-8.787066115702473,0.1003101577621071,35.0,-8.9,True
2025|line=2|event=45|date=20250422|station=32001,32001,20250422,2025,10,84884.0,84978.0,95,95,-8.745661157024784,0.1029143180962539,35.0,-8.9,True
2025|line=2|event=45|date=20250422|station=32011,32011,20250422,2025,1,83058.0,84565.0,1508,1508,-9.753911157024802,0.1802156968446133,35.0,-10.6,True
2025|line=2|event=45|date=20250422|station=32011,32011,20250422,2025,2,84587.0,84973.0,387,387,-9.858471074380162,0.0979955540389213,35.0,-10.6,True
2025|line=2|event=45|date=20250422|station=32019,32019,20250422,2025,1,83080.0,83143.0,64,64,-1.9073450413223136,0.0486042617792585,35.0,-1.7,False
2025|line=2|event=45|date=20250422|station=32019,32019,20250422,2025,2,83611.0,84661.0,1051,1051,-2.090206611570248,0.1292716859401831,35.0,-1.7,False
2025|line=2|event=45|date=20250422|station=32019,32019,20250422,2025,3,84684.0,85055.0,372,372,-1.8515599173553712,0.1331336193763164,35.0,-1.7,False
2025|line=2|event=45|date=20250422|station=41004,41004,20250422,2025,1,83137.0,85058.0,1922,1922,-1.6026704545454606,0.1858604182116092,35.0,-0.7,False
2025|line=34|event=87|date=20250422|station=41004,41004,20250422,2025,1,55965.0,57044.0,1080,1080,-10.11,0.097653546260371,27.0,-10.1,True
2025|line=34|event=87|date=20250422|station=41004,41004,20250422,2025,2,57053.0,57494.0,442,442,-10.409999999999997,0.1099735274660556,27.0,-10.1,True
2025|line=34|event=87|date=20250422|station=41008,41008,20250422,2025,1,56304.0,56364.0,61,61,1.2349999999999994,0.1114730686132346,27.0,1.0,False
2025|line=2|event=45|date=20250422|station=41011,41011,20250422,2025,1,83469.0,85007.0,1539,1539,-1.38656198347104,0.0942700003037018,35.0,-2.0,False
2025|line=34|event=87|date=20250422|station=41011,41011,20250422,2025,1,56008.0,57498.0,1491,1491,-1.1299999999999957,0.0941159412092906,27.0,-0.9,False
2025|line=2|event=45|date=20250422|station=42005,42005,20250422,2025,1,83351.0,84729.0,1379,1379,-3.419710743801655,0.3268347236755714,35.0,-4.4,True
2025|line=2|event=45|date=20250422|station=43002,43002,20250422,2025,1,83213.0,84985.0,1773,1773,1.1944318181818403,0.1039766635192658,35.0,0.9,False
2025|line=2|event=45|date=20250422|station=50008,50008,20250422,2025,1,82998.0,84266.0,1269,1269,-11.509347107438018,0.2761462719909925,35.0,-11.0,True
2025|line=2|event=45|date=20250422|station=50008,50008,20250422,2025,2,84278.0,84973.0,696,696,-11.474526859504136,0.1625734167484739,35.0,-11.0,True
2025|line=2|event=45|date=20250422|station=50009,50009,20250422,2025,1,83014.0,84977.0,1964,1964,-5.651893595041315,0.2823643215558117,35.0,-4.4,True
2025|line=2|event=45|date=20250422|station=50023,50023,20250422,2025,1,83039.0,84972.0,1934,1934,-26.65057954545449,0.4718794482143114,35.0,-25.0,True
2025|line=34|event=87|date=20250422|station=61004,61004,20250422,2025,1,56180.0,57015.0,836,836,2.240000000000002,0.2088507724730722,27.0,1.9,False
2025|line=34|event=87|date=20250422|station=61004,61004,20250422,2025,2,57041.0,57108.0,68,68,1.7250000000000014,0.0862129480398859,27.0,1.9,False
2025|line=34|event=87|date=20250422|station=61004,61004,20250422,2025,3,57115.0,57180.0,66,66,1.240000000000002,0.0490212104481131,27.0,1.9,False
2025|line=38|event=455|date=20250424|station=41006,41006,20250424,2025,1,33578.0,34389.0,812,812,14.859999999999983,0.1658975207253549,15.0,14.2,True
2025|line=38|event=455|date=20250424|station=61004,61004,20250424,2025,1,33667.0,34397.0,731,731,-1.0200000000000031,0.0974421087083641,15.0,-0.8,False
2025|line=38|event=455|date=20250424|station=61010,61010,20250424,2025,1,33703.0,34380.0,678,678,3.469999999999999,0.1189376096891804,15.0,2.3,False
2025|line=38|event=455|date=20250424|station=61160,61160,20250424,2025,1,33717.0,34393.0,677,677,3.519999999999996,0.1425698100539315,15.0,2.3,False
2025|line=38|event=460|date=20250427|station=41006,41006,20250427,2025,1,24846.0,25911.0,1066,1066,3.880622122762162,0.1362193736047969,118.0,3.5,True
2025|line=38|event=460|date=20250427|station=41006,41006,20250427,2025,2,25917.0,29430.0,3514,3514,2.953991687979567,0.1527982237403723,118.0,3.5,True
2025|line=38|event=460|date=20250427|station=41006,41006,20250427,2025,3,29433.0,31590.0,2158,2158,2.9630735294117585,0.1177408170964327,118.0,3.5,True
2025|line=38|event=460|date=20250427|station=61010,61010,20250427,2025,1,24505.0,26030.0,1526,1526,0.2399999999999948,0.1975116435942005,118.0,0.6,False
2025|line=38|event=460|date=20250427|station=61010,61010,20250427,2025,2,26057.0,27026.0,970,970,-0.3445984654731546,0.1673399336538161,118.0,0.6,False
2025|line=38|event=460|date=20250427|station=61010,61010,20250427,2025,3,27049.0,28952.0,1904,1904,0.2367365728900239,0.1384295530931209,118.0,0.6,False
2025|line=38|event=460|date=20250427|station=61010,61010,20250427,2025,4,28968.0,31739.0,2772,2772,0.6634475703324938,0.2135613559789807,118.0,0.6,False
2025|line=38|event=460|date=20250427|station=61160,61160,20250427,2025,1,24657.0,31739.0,7083,7083,0.6778670076726456,0.3554158798926851,118.0,0.6,False
2025|line=22|event=47|date=20250512|station=43002,43002,20250512,2025,1,26840.0,26907.0,68,68,-1.660000000000025,0.0402923371620284,2.35,-2.6,False
2025|line=22|event=47|date=20250512|station=62239,62239,20250512,2025,1,26846.0,26910.0,65,65,-3.220000000000006,0.0368759277925967,2.35,-3.7,True
2025|line=39|event=465|date=20250513|station=51020,51020,20250513,2025,1,18117.0,18294.0,178,178,1.8643207692307584,0.062107846907977,104.0,1.1,False
2025|line=39|event=465|date=20250513|station=51020,51020,20250513,2025,2,18662.0,20488.0,1827,1827,-0.655053846153848,0.200509102965706,104.0,1.1,False
2025|line=39|event=465|date=20250513|station=51020,51020,20250513,2025,3,20787.0,21904.0,1118,1118,-1.7616330769230617,0.1054513730763414,104.0,1.1,False
2025|line=39|event=465|date=20250513|station=51020,51020,20250513,2025,4,22262.0,24088.0,1827,1827,-0.2147461538461499,0.0893362063798836,104.0,1.1,False
2025|line=39|event=467|date=20250513|station=51020,51020,20250513,2025,1,37833.0,38489.0,657,657,-0.9999529780564274,0.1017862870027897,103.0,-1.1,False
2025|line=39|event=467|date=20250513|station=51020,51020,20250513,2025,2,38787.0,39895.0,1109,1109,-0.6295141065830734,0.0707969126396557,103.0,-1.1,False
2025|line=39|event=467|date=20250513|station=51020,51020,20250513,2025,3,40263.0,42089.0,1827,1827,-1.2656112852664592,0.1440733730150805,103.0,-1.1,False
2025|line=39|event=467|date=20250513|station=51020,51020,20250513,2025,4,42388.0,43495.0,1108,1108,-1.595869905956107,0.0960847874301174,103.0,-1.1,False
2025|line=39|event=467|date=20250513|station=51020,51020,20250513,2025,5,43863.0,43940.0,78,78,-1.1102586206896632,0.0362189501017973,103.0,-1.1,False
2025|line=39|event=465|date=20250513|station=51105,51105,20250513,2025,1,18129.0,24250.0,6122,6122,-3.5342449999999985,0.2908744237761855,104.0,-2.4,False
2025|line=39|event=466|date=20250513|station=51105,51105,20250513,2025,1,26983.0,29467.0,2485,2485,-2.0519424460431708,0.2085613682577158,43.0,-2.4,False
2025|line=39|event=467|date=20250513|station=51105,51105,20250513,2025,1,37792.0,43942.0,6151,6151,1.8467445141065888,0.437357731267196,103.0,2.4,False
2025|line=39|event=465|date=20250513|station=62149,62149,20250513,2025,1,18071.0,19952.0,1882,1882,2.4888776923076925,0.16161067113914,104.0,3.0,True
2025|line=39|event=465|date=20250513|station=62149,62149,20250513,2025,2,20018.0,21004.0,987,987,2.0936415384615383,0.0524713005834554,104.0,3.0,True
2025|line=39|event=465|date=20250513|station=62149,62149,20250513,2025,3,21042.0,21478.0,437,437,1.921246153846154,0.0465002806041076,104.0,3.0,True
2025|line=39|event=465|date=20250513|station=62149,62149,20250513,2025,4,21519.0,22011.0,493,493,2.1513,0.0868860392544976,104.0,3.0,True
2025|line=39|event=465|date=20250513|station=62149,62149,20250513,2025,5,22063.0,23048.0,986,986,3.646582307692308,0.0816186534624809,104.0,3.0,True
2025|line=39|event=465|date=20250513|station=62149,62149,20250513,2025,6,23114.0,24278.0,1165,1165,2.6979415384615386,0.0858796135735422,104.0,3.0,True
2025|line=39|event=466|date=20250513|station=62149,62149,20250513,2025,1,26963.0,28310.0,1348,1348,3.8737706834532375,0.0860980766009902,43.0,2.9,False
2025|line=39|event=466|date=20250513|station=62149,62149,20250513,2025,2,28411.0,29466.0,1056,1056,2.9565800359712213,0.0523853136394489,43.0,2.9,False
2025|line=39|event=465|date=20250513|station=62151,62151,20250513,2025,1,18132.0,18237.0,106,106,11.405511153846149,0.0817181034303855,104.0,12.2,True
2025|line=39|event=465|date=20250513|station=62151,62151,20250513,2025,2,18297.0,18605.0,309,309,11.106616153846154,0.100540533233437,104.0,12.2,True
2025|line=39|event=465|date=20250513|station=62151,62151,20250513,2025,3,18725.0,18820.0,96,96,10.934609615384616,0.1098185388888108,104.0,12.2,True
2025|line=39|event=465|date=20250513|station=62151,62151,20250513,2025,4,18992.0,20565.0,1574,1574,10.906060384615389,0.099959594483828,104.0,12.2,True
2025|line=39|event=465|date=20250513|station=62151,62151,20250513,2025,5,20578.0,21228.0,651,651,11.454625384615383,0.0852475854661019,104.0,12.2,True
2025|line=39|event=465|date=20250513|station=62151,62151,20250513,2025,6,21285.0,23506.0,2222,2222,11.064735,0.1706753817678435,104.0,12.2,True
2025|line=39|event=465|date=20250513|station=62151,62151,20250513,2025,7,23612.0,24343.0,732,732,11.614690384615386,0.0937731608153191,104.0,12.2,True
2025|line=39|event=466|date=20250513|station=62151,62151,20250513,2025,1,27025.0,29503.0,2479,2479,12.439755395683456,0.2550381266329433,43.0,11.9,True
2025|line=39|event=467|date=20250513|station=62151,62151,20250513,2025,1,37836.0,39028.0,1193,1193,-10.78220376175549,0.1007373793538811,103.0,-11.8,True
2025|line=39|event=467|date=20250513|station=62151,62151,20250513,2025,2,39086.0,41767.0,2682,2682,-9.717702978056424,0.2263908937607477,103.0,-11.8,True
2025|line=39|event=467|date=20250513|station=62151,62151,20250513,2025,3,41874.0,42334.0,461,461,-10.91636677115988,0.0978454676567828,103.0,-11.8,True
2025|line=39|event=467|date=20250513|station=62151,62151,20250513,2025,4,42412.0,42566.0,155,155,-11.231797805642636,0.0775642418219271,103.0,-11.8,True
2025|line=39|event=467|date=20250513|station=62151,62151,20250513,2025,5,42623.0,43314.0,692,692,-11.401380094043889,0.092330986739449,103.0,-11.8,True
2025|line=39|event=467|date=20250513|station=62151,62151,20250513,2025,6,43380.0,43574.0,195,195,-11.616098746081503,0.0827696368550404,103.0,-11.8,True
2025|line=39|event=467|date=20250513|station=62151,62151,20250513,2025,7,43606.0,43825.0,220,220,-11.61609952978057,0.0688904334002067,103.0,-11.8,True
2025|line=39|event=467|date=20250513|station=62151,62151,20250513,2025,8,43887.0,43963.0,77,77,-11.700963949843263,0.0799364369532862,103.0,-11.8,True
2025|line=6|event=1231|date=20250514|station=32001,32001,20250514,2025,1,74780.0,74849.0,70,70,3.269999999999996,0.0415496996953283,3.0,3.1,True
2025|line=6|event=1231|date=20250514|station=32011,32011,20250514,2025,1,74769.0,74845.0,77,77,3.740000000000002,0.0416997390931928,3.0,3.4,True
2025|line=6|event=1231|date=20250514|station=36001,36001,20250514,2025,1,74802.0,74866.0,65,65,-0.8400000000037835,0.1411482983232566,3.0,-0.9,False
2025|line=39|event=480|date=20250514|station=50008,50008,20250514,2025,1,56491.0,56726.0,236,236,0.5199999999999996,0.0728151022530287,8.0,0.4,False
2025|line=6|event=1231|date=20250514|station=50008,50008,20250514,2025,1,74757.0,74846.0,90,90,3.4400000000000013,0.0479697047949155,3.0,3.9,True
2025|line=6|event=1231|date=20250514|station=50009,50009,20250514,2025,1,74764.0,74850.0,87,87,1.6799999999999784,0.0415734422535568,3.0,1.6,False
2025|line=39|event=480|date=20250514|station=50023,50023,20250514,2025,1,56436.0,56811.0,376,376,0.6899999999999977,0.0725801766977116,8.0,0.5,False
2025|line=39|event=481|date=20250514|station=50023,50023,20250514,2025,1,57960.0,58217.0,258,258,1.490000000000009,0.0486593202834501,26.0,0.5,False
2025|line=39|event=481|date=20250514|station=50023,50023,20250514,2025,2,58226.0,58651.0,426,426,1.7199999999999704,0.0795159371734094,26.0,0.5,False
2025|line=39|event=484|date=20250514|station=50023,50023,20250514,2025,1,65562.0,65888.0,327,327,-1.6200000000000043,0.0860015040212222,15.0,0.5,False
2025|line=39|event=468|date=20250514|station=51020,51020,20250514,2025,1,5326.0,5731.0,406,406,-1.3538532608695704,0.0629901089352962,35.0,-1.1,False
2025|line=39|event=468|date=20250514|station=51020,51020,20250514,2025,2,5794.0,6092.0,299,299,-1.008489130434782,0.0465970704849755,35.0,-1.1,False
2025|line=39|event=468|date=20250514|station=51020,51020,20250514,2025,3,6390.0,7350.0,961,961,-0.6023913043478188,0.1240133253767116,35.0,-1.1,False
2025|line=39|event=469|date=20250514|station=51020,51020,20250514,2025,1,15526.0,16380.0,855,855,0.9399999999999976,0.2547737851533314,21.0,2.2,False
2025|line=39|event=470|date=20250514|station=51020,51020,20250514,2025,1,19666.0,20064.0,399,399,-1.2550000000000097,0.1127026476559937,11.0,-2.2,False
2025|line=39|event=474|date=20250514|station=51020,51020,20250514,2025,1,30037.0,30535.0,499,499,-5.484913385826786,0.1368628963121413,39.0,-2.3,False
2025|line=39|event=474|date=20250514|station=51020,51020,20250514,2025,2,30576.0,31293.0,718,718,-3.1938228346456725,0.1389947470556845,39.0,-2.3,False
2025|line=39|event=474|date=20250514|station=51020,51020,20250514,2025,3,31498.0,32181.0,684,684,-2.2270118110236297,0.0931816420429138,39.0,-2.3,False
2025|line=39|event=475|date=20250514|station=51020,51020,20250514,2025,1,32957.0,34335.0,1379,1379,-1.5700000000000074,0.0926377601859637,29.0,-2.2,False
2025|line=39|event=481|date=20250514|station=51020,51020,20250514,2025,1,57150.0,57918.0,769,769,-1.9100000000000108,0.0922007601596432,26.0,-2.2,False
2025|line=39|event=481|date=20250514|station=51020,51020,20250514,2025,2,58276.0,58637.0,362,362,-2.010000000000005,0.061411797806698,26.0,-2.2,False
2025|line=39|event=482|date=20250514|station=51020,51020,20250514,2025,1,59923.0,60094.0,172,172,-2.424999999999997,0.0486229030988102,18.0,-2.2,False
2025|line=39|event=482|date=20250514|station=51020,51020,20250514,2025,2,60392.0,60736.0,345,345,-2.594999999999999,0.1219730706860527,18.0,-2.2,False
2025|line=39|event=484|date=20250514|station=51020,51020,20250514,2025,1,65462.0,65951.0,490,490,-1.6400000000000006,0.0834112024698089,15.0,-2.1,False
2025|line=39|event=468|date=20250514|station=51105,51105,20250514,2025,1,5309.0,7352.0,2044,2044,3.162927173913048,0.2578817799462383,35.0,2.4,False
2025|line=39|event=469|date=20250514|station=51105,51105,20250514,2025,1,15644.0,16670.0,1027,1027,-6.900000000000006,0.2365155330150157,21.0,-4.8,True
2025|line=39|event=470|date=20250514|station=51105,51105,20250514,2025,1,19664.0,20226.0,563,563,4.989999999999995,0.1301357958489095,11.0,4.7,True
2025|line=39|event=474|date=20250514|station=51105,51105,20250514,2025,1,30102.0,32260.0,2159,2159,5.138649606299211,0.359826104955629,39.0,5.0,True
2025|line=39|event=475|date=20250514|station=51105,51105,20250514,2025,1,32911.0,34561.0,1651,1651,5.679999999999993,0.1486739015189874,29.0,4.8,True
2025|line=39|event=480|date=20250514|station=51105,51105,20250514,2025,1,56427.0,56822.0,396,396,5.445,0.0717405103493556,8.0,4.8,True
2025|line=39|event=481|date=20250514|station=51105,51105,20250514,2025,1,57138.0,58635.0,1498,1498,4.840000000000003,0.1419129381929358,26.0,4.8,True
2025|line=39|event=482|date=20250514|station=51105,51105,20250514,2025,1,59855.0,60691.0,837,837,5.520000000000003,0.1072045083968128,18.0,4.7,True
2025|line=39|event=482|date=20250514|station=51105,51105,20250514,2025,2,60756.0,60827.0,72,72,3.950000000000003,0.02673260571095,18.0,4.7,True
2025|line=39|event=484|date=20250514|station=51105,51105,20250514,2025,1,65160.0,65946.0,787,787,5.780000000000001,0.1999612758282634,15.0,4.7,True
2025|line=39|event=475|date=20250514|station=61008,61008,20250514,2025,1,33405.0,33856.0,452,452,1.440000000000012,0.142871339557963,29.0,0.5,False
2025|line=39|event=475|date=20250514|station=61008,61008,20250514,2025,2,33883.0,34261.0,379,379,1.4500000000000028,0.1659239068242472,29.0,0.5,False
2025|line=39|event=475|date=20250514|station=61008,61008,20250514,2025,3,34293.0,34490.0,198,198,1.440000000000012,0.0983783284831136,29.0,0.5,False
2025|line=39|event=469|date=20250514|station=61010,61010,20250514,2025,1,15629.0,16723.0,1095,1095,-0.5300000000000011,0.1489023642399243,21.0,-0.4,False
2025|line=39|event=484|date=20250514|station=62001,62001,20250514,2025,1,65058.0,65598.0,541,541,-0.4150000000008731,0.1641570544223251,15.0,-5.9,True
2025|line=39|event=468|date=20250514|station=62149,62149,20250514,2025,1,5293.0,5480.0,188,188,-2.633632608695649,0.046834953940443,35.0,-2.9,False
2025|line=39|event=468|date=20250514|station=62149,62149,20250514,2025,2,5543.0,7245.0,1703,1703,-1.1816869565217374,0.1071579032335319,35.0,-2.9,False
2025|line=39|event=469|date=20250514|station=62149,62149,20250514,2025,1,15498.0,16690.0,1193,1193,3.83,0.2435853603707163,21.0,5.8,True
2025|line=39|event=470|date=20250514|station=62149,62149,20250514,2025,1,19629.0,20224.0,596,596,-5.355,0.0652092121643022,11.0,-5.7,True
2025|line=39|event=474|date=20250514|station=62149,62149,20250514,2025,1,29997.0,31314.0,1318,1318,-7.631931102362204,0.3213778444403928,39.0,-6.0,True
2025|line=39|event=474|date=20250514|station=62149,62149,20250514,2025,2,31343.0,31795.0,453,453,-6.797082677165353,0.0531046560741131,39.0,-6.0,True
2025|line=39|event=474|date=20250514|station=62149,62149,20250514,2025,3,31854.0,32258.0,405,405,-6.171952755905512,0.0682785761432104,39.0,-6.0,True
2025|line=39|event=475|date=20250514|station=62149,62149,20250514,2025,1,32968.0,33087.0,120,120,-5.19,0.0559469686582085,29.0,-5.9,True
2025|line=39|event=475|date=20250514|station=62149,62149,20250514,2025,2,33400.0,33747.0,348,348,-5.02,0.0595735464694932,29.0,-5.9,True
2025|line=39|event=475|date=20250514|station=62149,62149,20250514,2025,3,33790.0,34265.0,476,476,-3.120000000000001,0.0602993431554502,29.0,-5.9,True
2025|line=39|event=480|date=20250514|station=62149,62149,20250514,2025,1,56397.0,56820.0,424,424,-5.870000000000001,0.0657211852516312,8.0,-5.8,True
2025|line=39|event=481|date=20250514|station=62149,62149,20250514,2025,1,57112.0,58633.0,1522,1522,-5.949999999999999,0.0646268415014016,26.0,-5.8,True
2025|line=39|event=482|date=20250514|station=62149,62149,20250514,2025,1,59830.0,60835.0,1006,1006,-6.129999999999999,0.0736002224624128,18.0,-5.7,True
2025|line=39|event=484|date=20250514|station=62149,62149,20250514,2025,1,65122.0,65944.0,823,823,-6.099999999999998,0.0703458149327577,15.0,-5.6,True
2025|line=39|event=468|date=20250514|station=62151,62151,20250514,2025,1,5358.0,5692.0,335,335,-11.706249999999995,0.1047063742004724,35.0,-11.9,True
2025|line=39|event=468|date=20250514|station=62151,62151,20250514,2025,2,5747.0,7363.0,1617,1617,-11.336750000000002,0.1078922497979809,35.0,-11.9,True
2025|line=39|event=469|date=20250514|station=62151,62151,20250514,2025,1,15564.0,15902.0,339,339,22.44,0.0752903207635098,21.0,24.0,True
2025|line=39|event=469|date=20250514|station=62151,62151,20250514,2025,2,15963.0,16663.0,701,701,21.53,0.1307792546961964,21.0,24.0,True
2025|line=39|event=470|date=20250514|station=62151,62151,20250514,2025,1,19696.0,20289.0,594,594,-22.725000000000005,0.0993870995327537,11.0,-23.4,True
2025|line=39|event=474|date=20250514|station=62151,62151,20250514,2025,1,30070.0,30564.0,495,495,-25.345594488188983,0.1064052250768119,39.0,-24.9,True
2025|line=39|event=474|date=20250514|station=62151,62151,20250514,2025,2,30631.0,31377.0,747,747,-25.594259842519683,0.0869925596050736,39.0,-24.9,True
2025|line=39|event=474|date=20250514|station=62151,62151,20250514,2025,3,31416.0,31657.0,242,242,-25.322635826771656,0.1500462352178536,39.0,-24.9,True
2025|line=39|event=474|date=20250514|station=62151,62151,20250514,2025,4,31689.0,32256.0,568,568,-24.474714566929137,0.0797692188269191,39.0,-24.9,True
2025|line=39|event=475|date=20250514|station=62151,62151,20250514,2025,1,32879.0,34559.0,1681,1681,-22.31,0.132301641176371,29.0,-24.1,True
2025|line=39|event=480|date=20250514|station=62151,62151,20250514,2025,1,56400.0,56821.0,422,422,-23.59,0.0794638444218696,8.0,-23.8,True
2025|line=39|event=481|date=20250514|station=62151,62151,20250514,2025,1,57163.0,58001.0,839,839,-23.57,0.0747546133114515,26.0,-23.8,True
2025|line=39|event=481|date=20250514|station=62151,62151,20250514,2025,2,58056.0,58634.0,579,579,-23.57,0.0612408814598981,26.0,-23.8,True
2025|line=39|event=482|date=20250514|station=62151,62151,20250514,2025,1,59833.0,60360.0,528,528,-23.68,0.0666042395233165,18.0,-23.6,True
2025|line=39|event=482|date=20250514|station=62151,62151,20250514,2025,2,60394.0,60538.0,145,145,-24.46,0.0589448896997689,18.0,-23.6,True
2025|line=39|event=482|date=20250514|station=62151,62151,20250514,2025,3,60591.0,60836.0,246,246,-23.71,0.1201971012461273,18.0,-23.6,True
2025|line=39|event=484|date=20250514|station=62151,62151,20250514,2025,1,65126.0,65945.0,820,820,-23.89,0.0937043005349284,15.0,-23.2,True
2025|line=39|event=480|date=20250514|station=62239,62239,20250514,2025,1,56521.0,56820.0,300,300,-0.6499999999999986,0.0551670132764561,8.0,-0.5,False
2025|line=39|event=486|date=20250515|station=51020,51020,20250515,2025,1,10178.0,10492.0,315,315,-6.879999999999996,0.053147934964898,20.0,-1.1,False
2025|line=39|event=486|date=20250515|station=51105,51105,20250515,2025,1,9328.0,10229.0,902,902,1.5250000000000057,0.2658714021326619,20.0,2.4,False
2025|line=39|event=487|date=20250515|station=51105,51105,20250515,2025,1,15197.0,18396.0,3200,3200,3.2328792134831588,0.2538568549971624,55.0,2.3,False
2025|line=39|event=490|date=20250515|station=51105,51105,20250515,2025,1,22885.0,23271.0,387,387,3.1100000000000136,0.2051522300423569,10.0,2.4,False
2025|line=39|event=491|date=20250515|station=51105,51105,20250515,2025,1,25504.0,26354.0,851,851,4.780000000000001,0.1000267873370511,21.0,2.3,False
2025|line=39|event=491|date=20250515|station=61008,61008,20250515,2025,1,25851.0,26099.0,249,249,3.0900000000000034,0.1167137949245868,21.0,0.3,False
2025|line=39|event=491|date=20250515|station=61008,61008,20250515,2025,2,26163.0,26246.0,84,84,3.0799999999999983,0.1088549127504327,21.0,0.3,False
2025|line=39|event=491|date=20250515|station=61008,61008,20250515,2025,3,26326.0,26443.0,118,118,3.664999999999992,0.0935772155541338,21.0,0.3,False
2025|line=39|event=486|date=20250515|station=62149,62149,20250515,2025,1,9785.0,10463.0,679,679,-5.52,0.09138995899054,20.0,-2.9,False
2025|line=39|event=487|date=20250515|station=62149,62149,20250515,2025,1,15343.0,18202.0,2860,2860,-4.81277738764045,0.4011047987659411,55.0,-2.8,False
2025|line=39|event=490|date=20250515|station=62149,62149,20250515,2025,1,22756.0,23269.0,514,514,-2.3100000000000005,0.0688866634292809,10.0,-2.9,False
2025|line=39|event=491|date=20250515|station=62149,62149,20250515,2025,1,25162.0,25290.0,129,129,-2.4700000000000006,0.0478582891050295,21.0,-2.8,False
2025|line=39|event=491|date=20250515|station=62149,62149,20250515,2025,2,25365.0,26171.0,807,807,1.2199999999999989,0.0859770220640231,21.0,-2.8,False
2025|line=39|event=493|date=20250515|station=62149,62149,20250515,2025,1,35435.0,36026.0,592,592,-0.9358201530612256,0.0766234720656406,52.0,-0.7,False
2025|line=39|event=493|date=20250515|station=62149,62149,20250515,2025,2,36061.0,38117.0,2057,2057,-1.137951530612245,0.1260352277180893,52.0,-0.7,False
2025|line=39|event=486|date=20250515|station=62151,62151,20250515,2025,1,9314.0,10464.0,1151,1151,-13.660000000000004,0.1009417398723739,20.0,-11.8,True
2025|line=39|event=487|date=20250515|station=62151,62151,20250515,2025,1,15170.0,15547.0,378,378,-12.861162921348315,0.0887080881287897,55.0,-11.7,True
2025|line=39|event=487|date=20250515|station=62151,62151,20250515,2025,2,15605.0,15952.0,348,348,-13.671837078651684,0.0739994151641721,55.0,-11.7,True
2025|line=39|event=487|date=20250515|station=62151,62151,20250515,2025,3,16008.0,16133.0,126,126,-14.069162921348312,0.0792452715200622,55.0,-11.7,True
2025|line=39|event=487|date=20250515|station=62151,62151,20250515,2025,4,16193.0,16841.0,649,649,-14.085022471910117,0.095816938159846,55.0,-11.7,True
2025|line=39|event=487|date=20250515|station=62151,62151,20250515,2025,5,16901.0,18396.0,1496,1496,-13.14341011235955,0.1072639684657717,55.0,-11.7,True
2025|line=39|event=490|date=20250515|station=62151,62151,20250515,2025,1,22759.0,23080.0,322,322,-11.21,0.1356573754660064,10.0,-12.0,True
2025|line=39|event=490|date=20250515|station=62151,62151,20250515,2025,2,23092.0,23271.0,180,180,-10.620000000000005,0.0695406651821909,10.0,-12.0,True
2025|line=39|event=491|date=20250515|station=62151,62151,20250515,2025,1,25164.0,26382.0,1219,1219,-10.310000000000002,0.0841321543295875,21.0,-11.5,True
2025|line=39|event=493|date=20250515|station=62151,62151,20250515,2025,1,35310.0,36008.0,699,699,-2.964331632653064,0.1422951107320081,52.0,-3.0,True
2025|line=39|event=493|date=20250515|station=62151,62151,20250515,2025,2,36192.0,36450.0,259,259,-3.017913265306128,0.1092753387027457,52.0,-3.0,True
2025|line=39|event=493|date=20250515|station=62151,62151,20250515,2025,3,36511.0,36805.0,295,295,-3.08718367346939,0.4446988443912707,52.0,-3.0,True
2025|line=39|event=493|date=20250515|station=62151,62151,20250515,2025,4,36864.0,37763.0,900,900,-3.238079081632648,0.2595824536764236,52.0,-3.0,True
2025|line=39|event=493|date=20250515|station=62151,62151,20250515,2025,5,37775.0,38036.0,262,262,-3.077732142857137,0.1083403015368599,52.0,-3.0,True
2025|line=39|event=493|date=20250515|station=62151,62151,20250515,2025,6,38054.0,38195.0,142,142,-2.573237244897953,0.1102643882926852,52.0,-3.0,True
2025|line=39|event=495|date=20250516|station=51020,51020,20250516,2025,1,24458.0,25194.0,737,737,5.409999999999997,0.0940087074395781,23.0,1.2,False
2025|line=39|event=498|date=20250516|station=51020,51020,20250516,2025,1,44212.0,45656.0,1445,1445,0.7000000000000028,0.100817734721495,25.0,0.9,False
2025|line=39|event=500|date=20250516|station=51020,51020,20250516,2025,1,48279.0,48833.0,555,555,2.6300000000000097,0.2075200017842534,12.0,2.3,False
2025|line=39|event=494|date=20250516|station=51105,51105,20250516,2025,1,14785.0,16831.0,2047,2047,-3.4429609756097648,0.2466737564131261,65.0,-2.4,False
2025|line=39|event=494|date=20250516|station=51105,51105,20250516,2025,2,16846.0,18591.0,1746,1746,-3.09445243902438,0.2647280758809429,65.0,-2.4,False
2025|line=39|event=495|date=20250516|station=51105,51105,20250516,2025,1,23818.0,25149.0,1332,1332,-2.1700000000000017,0.3381971850163585,23.0,-2.5,False
2025|line=39|event=498|date=20250516|station=51105,51105,20250516,2025,1,44254.0,45559.0,1306,1306,-2.6850000000000023,0.1677287389461511,25.0,-2.0,False
2025|line=39|event=500|date=20250516|station=51105,51105,20250516,2025,1,48247.0,48879.0,633,633,-5.590000000000003,0.2792776812742054,12.0,-4.9,True
2025|line=39|event=494|date=20250516|station=62149,62149,20250516,2025,1,14761.0,18597.0,3837,3837,2.4275743902439024,0.1204009717255705,65.0,2.9,False
2025|line=39|event=495|date=20250516|station=62149,62149,20250516,2025,1,24292.0,25149.0,858,858,5.33,0.0535739648133395,23.0,3.0,True
2025|line=39|event=498|date=20250516|station=62149,62149,20250516,2025,1,44282.0,45552.0,1271,1271,8.580000000000002,0.1420209282490883,25.0,2.5,False
2025|line=39|event=500|date=20250516|station=62149,62149,20250516,2025,1,48208.0,48880.0,673,673,6.055000000000003,0.0991979422540777,12.0,6.0,True
2025|line=39|event=494|date=20250516|station=62151,62151,20250516,2025,1,14767.0,15239.0,473,473,11.580799999999996,0.0770126605900795,65.0,12.1,True
2025|line=39|event=494|date=20250516|station=62151,62151,20250516,2025,2,15298.0,16619.0,1322,1322,11.468600000000002,0.0920362203721704,65.0,12.1,True
2025|line=39|event=494|date=20250516|station=62151,62151,20250516,2025,3,16678.0,16964.0,287,287,11.513599999999997,0.0824436138560777,65.0,12.1,True
2025|line=39|event=494|date=20250516|station=62151,62151,20250516,2025,4,17023.0,17981.0,959,959,11.421200000000006,0.0898869197595496,65.0,12.1,True
2025|line=39|event=494|date=20250516|station=62151,62151,20250516,2025,5,17983.0,18601.0,619,619,11.5152,0.0896935165833818,65.0,12.1,True
2025|line=39|event=495|date=20250516|station=62151,62151,20250516,2025,1,23804.0,25165.0,1362,1362,13.07,0.115960332198918,23.0,12.5,True
2025|line=39|event=498|date=20250516|station=62151,62151,20250516,2025,1,44272.0,44383.0,112,112,9.96,0.0781250668353632,25.0,10.2,True
2025|line=39|event=498|date=20250516|station=62151,62151,20250516,2025,2,44444.0,45526.0,1083,1083,11.6,0.0931407371409268,25.0,10.2,True
2025|line=39|event=500|date=20250516|station=62151,62151,20250516,2025,1,48214.0,48431.0,218,218,23.53,0.1351198572571632,12.0,24.7,True
2025|line=39|event=500|date=20250516|station=62151,62151,20250516,2025,2,48459.0,48885.0,427,427,23.61,0.0937509985338179,12.0,24.7,True
2025|line=39|event=500|date=20250516|station=62239,62239,20250516,2025,1,48378.0,48861.0,484,484,0.720000000000006,0.0459231750507407,12.0,0.5,False
2025|line=39|event=505|date=20250517|station=51020,51020,20250517,2025,1,50554.0,50694.0,141,141,1.1650000000000065,0.0415857390213794,9.0,2.2,False
2025|line=39|event=506|date=20250517|station=51020,51020,20250517,2025,1,57648.0,57724.0,77,77,-0.6500000000000057,0.050282688064087,3.0,-2.1,False
2025|line=39|event=503|date=20250517|station=51105,51105,20250517,2025,1,27879.0,29931.0,2053,2053,-5.8910563891577965,0.2415097926248554,340.0,-4.8,True
2025|line=39|event=503|date=20250517|station=51105,51105,20250517,2025,2,29956.0,30018.0,63,63,-5.464473136495656,0.0604657784148765,340.0,-4.8,True
2025|line=39|event=503|date=20250517|station=51105,51105,20250517,2025,3,30039.0,30554.0,516,516,-6.447123305905137,0.153265508157436,340.0,-4.8,True
2025|line=39|event=503|date=20250517|station=51105,51105,20250517,2025,4,30557.0,31366.0,810,810,-5.524029162633113,0.2113081371963379,340.0,-4.8,True
2025|line=39|event=503|date=20250517|station=51105,51105,20250517,2025,5,31389.0,32031.0,643,643,-5.388305905130693,0.2456435386665585,340.0,-4.8,True
2025|line=39|event=503|date=20250517|station=51105,51105,20250517,2025,6,32041.0,32140.0,100,100,-5.089738504356248,0.1048023033061673,340.0,-4.8,True
2025|line=39|event=503|date=20250517|station=51105,51105,20250517,2025,7,32175.0,32396.0,222,222,-5.613718417231368,0.15014846341288,340.0,-4.8,True
2025|line=39|event=503|date=20250517|station=51105,51105,20250517,2025,8,32444.0,32552.0,109,109,-4.919722168441439,0.0634111845790302,340.0,-4.8,True
2025|line=39|event=503|date=20250517|station=51105,51105,20250517,2025,9,32579.0,32793.0,215,215,-4.178892545982578,0.0915190594432536,340.0,-4.8,True
2025|line=39|event=503|date=20250517|station=51105,51105,20250517,2025,10,32806.0,32899.0,94,94,-3.5032907792836454,0.0701799736019803,340.0,-4.8,True
2025|line=39|event=503|date=20250517|station=51105,51105,20250517,2025,11,32925.0,33212.0,288,288,-2.5466992981606893,0.1227522677034112,340.0,-4.8,True
2025|line=39|event=503|date=20250517|station=51105,51105,20250517,2025,12,33233.0,33372.0,140,140,-2.847475193610848,0.0594974733556956,340.0,-4.8,True
2025|line=39|event=503|date=20250517|station=51105,51105,20250517,2025,13,33463.0,33600.0,138,138,-2.2848157066795807,0.0613173482836266,340.0,-4.8,True
2025|line=39|event=503|date=20250517|station=51105,51105,20250517,2025,14,33606.0,33805.0,200,200,-1.83936701355276,0.1408037846833121,340.0,-4.8,True
2025|line=39|event=503|date=20250517|station=51105,51105,20250517,2025,15,33876.0,34245.0,370,370,-2.193279162633104,0.1618896988745118,340.0,-4.8,True
2025|line=39|event=503|date=20250517|station=51105,51105,20250517,2025,16,34318.0,34787.0,470,470,-1.1713207889641808,0.1275629312917729,340.0,-4.8,True
2025|line=39|event=503|date=20250517|station=51105,51105,20250517,2025,17,34831.0,35389.0,559,559,-3.03436592449178,0.2132566493845127,340.0,-4.8,True
2025|line=39|event=503|date=20250517|station=51105,51105,20250517,2025,18,35471.0,35673.0,203,203,-1.2317952565343688,0.0854445623115481,340.0,-4.8,True
2025|line=39|event=503|date=20250517|station=51105,51105,20250517,2025,19,35701.0,36454.0,754,754,-0.6641124152952642,0.1820405722611912,340.0,-4.8,True
2025|line=39|event=503|date=20250517|station=51105,51105,20250517,2025,20,36456.0,38450.0,1995,1995,-0.5541861084220727,0.4107908430411811,340.0,-4.8,True
2025|line=39|event=503|date=20250517|station=51105,51105,20250517,2025,21,38481.0,38616.0,136,136,-1.4568783881897502,0.0820802223322605,340.0,-4.8,True
2025|line=39|event=503|date=20250517|station=51105,51105,20250517,2025,22,38644.0,39373.0,730,730,-2.5579335672797754,0.2406338461427371,340.0,-4.8,True
2025|line=39|event=503|date=20250517|station=51105,51105,20250517,2025,23,39392.0,39572.0,181,181,-3.3682642787996144,0.0810923075843988,340.0,-4.8,True
2025|line=39|event=503|date=20250517|station=51105,51105,20250517,2025,24,39614.0,40312.0,699,699,-3.048748063891594,0.1918966067717775,340.0,-4.8,True
2025|line=39|event=503|date=20250517|station=51105,51105,20250517,2025,25,40334.0,41222.0,889,889,-4.9887153920619625,0.3218088761178866,340.0,-4.8,True
2025|line=39|event=503|date=20250517|station=51105,51105,20250517,2025,26,41254.0,44399.0,3146,3146,-4.776191553727017,0.3971765739770408,340.0,-4.8,True
2025|line=39|event=503|date=20250517|station=51105,51105,20250517,2025,27,44402.0,47554.0,3153,3153,-5.961513068731861,0.4829841320005483,340.0,-4.8,True
2025|line=39|event=503|date=20250517|station=51105,51105,20250517,2025,28,47575.0,48197.0,623,623,-5.0224549854792,0.1112199099725076,340.0,-4.8,True
2025|line=39|event=505|date=20250517|station=51105,51105,20250517,2025,1,50465.0,50537.0,73,73,-3.7099999999999937,0.0521680050067424,9.0,-4.8,True
2025|line=39|event=505|date=20250517|station=51105,51105,20250517,2025,2,50564.0,50944.0,381,381,-4.779999999999987,0.2217219503642058,9.0,-4.8,True
2025|line=39|event=506|date=20250517|station=51105,51105,20250517,2025,1,57654.0,57721.0,68,68,4.674999999999997,0.0393153225151705,3.0,4.7,True
2025|line=39|event=503|date=20250517|station=61008,61008,20250517,2025,1,27896.0,27961.0,66,66,-0.8237660939012557,0.112062601289618,340.0,-0.5,False
2025|line=39|event=503|date=20250517|station=61008,61008,20250517,2025,2,28141.0,28314.0,174,174,-1.1662881171345632,0.1307518803289541,340.0,-0.5,False
2025|line=39|event=503|date=20250517|station=61008,61008,20250517,2025,3,28351.0,28428.0,78,78,-0.7302130929332051,0.101519423894677,340.0,-0.5,False
2025|line=39|event=503|date=20250517|station=61008,61008,20250517,2025,4,28537.0,28630.0,94,94,-0.0793578170377529,0.0767492526497894,340.0,-0.5,False
2025|line=39|event=503|date=20250517|station=61008,61008,20250517,2025,5,28697.0,28841.0,145,145,3.3585089545014526,0.111631875805821,340.0,-0.5,False
2025|line=39|event=503|date=20250517|station=61008,61008,20250517,2025,6,28868.0,28959.0,92,92,3.4743135285575946,0.1396446754545962,340.0,-0.5,False
2025|line=39|event=503|date=20250517|station=61008,61008,20250517,2025,7,29362.0,29446.0,85,85,4.741179574056147,0.0846543986975492,340.0,-0.5,False
2025|line=39|event=503|date=20250517|station=61008,61008,20250517,2025,8,29493.0,29592.0,100,100,4.975462850919648,0.1178273056273259,340.0,-0.5,False
2025|line=39|event=503|date=20250517|station=61008,61008,20250517,2025,9,29621.0,29790.0,170,170,5.015124757986449,0.0987958586868207,340.0,-0.5,False
2025|line=39|event=503|date=20250517|station=61008,61008,20250517,2025,10,29804.0,29921.0,118,118,5.173265367860601,0.1134554286465724,340.0,-0.5,False
2025|line=39|event=503|date=20250517|station=61008,61008,20250517,2025,11,29938.0,30176.0,239,239,4.938414085188768,0.1775704276503757,340.0,-0.5,False
2025|line=39|event=503|date=20250517|station=61008,61008,20250517,2025,12,30222.0,30382.0,161,161,4.13220038722168,0.1000172003248015,340.0,-0.5,False
2025|line=39|event=503|date=20250517|station=61008,61008,20250517,2025,13,30643.0,30736.0,94,94,6.919617497579864,0.0719991582720556,340.0,-0.5,False
2025|line=39|event=503|date=20250517|station=61008,61008,20250517,2025,14,30779.0,31377.0,599,599,7.5156214908034755,0.1698335196748932,340.0,-0.5,False
2025|line=39|event=503|date=20250517|station=61008,61008,20250517,2025,15,31409.0,31468.0,60,60,7.701192763794772,0.099901150087626,340.0,-0.5,False
2025|line=39|event=503|date=20250517|station=61008,61008,20250517,2025,16,31501.0,31560.0,60,60,7.336185987415298,0.0990402613699754,340.0,-0.5,False
2025|line=39|event=503|date=20250517|station=61008,61008,20250517,2025,17,31582.0,31711.0,130,130,7.542264399806392,0.1239761270045986,340.0,-0.5,False
2025|line=39|event=503|date=20250517|station=61008,61008,20250517,2025,18,31721.0,31789.0,69,69,7.568941190706681,0.0524751752345091,340.0,-0.5,False
2025|line=39|event=503|date=20250517|station=61008,61008,20250517,2025,19,31910.0,31971.0,62,62,8.281807962245878,0.0771847833064806,340.0,-0.5,False
2025|line=39|event=503|date=20250517|station=61008,61008,20250517,2025,20,32198.0,32258.0,61,61,7.860536786060024,0.0975631582276197,340.0,-0.5,False
2025|line=39|event=503|date=20250517|station=61008,61008,20250517,2025,21,32275.0,32456.0,182,182,7.521233180058076,0.116354012849231,340.0,-0.5,False
2025|line=39|event=503|date=20250517|station=61008,61008,20250517,2025,22,32487.0,32707.0,221,221,8.139096563407556,0.1008428064853077,340.0,-0.5,False
2025|line=39|event=503|date=20250517|station=61008,61008,20250517,2025,23,33054.0,33138.0,85,85,11.153951113262345,0.0876234020115248,340.0,-0.5,False
2025|line=39|event=503|date=20250517|station=61008,61008,20250517,2025,24,33360.0,33456.0,97,97,11.843058567279767,0.0842573602716688,340.0,-0.5,False
2025|line=39|event=503|date=20250517|station=61008,61008,20250517,2025,25,33504.0,33571.0,68,68,12.080059898354309,0.1133173081130147,340.0,-0.5,False
2025|line=39|event=503|date=20250517|station=61008,61008,20250517,2025,26,33638.0,33740.0,103,103,12.675972652468545,0.0991831995974757,340.0,-0.5,False
2025|line=39|event=503|date=20250517|station=61008,61008,20250517,2025,27,33756.0,34224.0,469,469,12.330624394966122,0.158727137881752,340.0,-0.5,False
2025|line=39|event=503|date=20250517|station=61008,61008,20250517,2025,28,34303.0,34736.0,434,434,13.392378872216844,0.1778636716192193,340.0,-0.5,False
2025|line=39|event=503|date=20250517|station=61008,61008,20250517,2025,29,35005.0,35289.0,285,285,10.775647870280736,0.2007609061797314,340.0,-0.5,False
2025|line=39|event=503|date=20250517|station=61008,61008,20250517,2025,30,35534.0,35600.0,67,67,13.012138673765731,0.1079439253308327,340.0,-0.5,False
2025|line=39|event=503|date=20250517|station=61008,61008,20250517,2025,31,35812.0,36096.0,285,285,13.21526234269119,0.1129069294120729,340.0,-0.5,False
2025|line=39|event=503|date=20250517|station=61008,61008,20250517,2025,32,36186.0,36246.0,61,61,13.225025653436605,0.0879351885009772,340.0,-0.5,False
2025|line=39|event=503|date=20250517|station=61008,61008,20250517,2025,33,36274.0,36545.0,272,272,12.836587487899322,0.1259270476322862,340.0,-0.5,False
2025|line=39|event=503|date=20250517|station=61008,61008,20250517,2025,34,36679.0,36763.0,85,85,13.10140150048403,0.0577052579194342,340.0,-0.5,False
2025|line=39|event=503|date=20250517|station=61008,61008,20250517,2025,35,36820.0,37153.0,334,334,13.486218901258468,0.1388799519419924,340.0,-0.5,False
2025|line=39|event=503|date=20250517|station=61008,61008,20250517,2025,36,37164.0,37367.0,204,204,13.14195922071636,0.1098889037359969,340.0,-0.5,False
2025|line=39|event=503|date=20250517|station=61008,61008,20250517,2025,37,37450.0,37648.0,199,199,12.851340513068736,0.0904798674689201,340.0,-0.5,False
2025|line=39|event=503|date=20250517|station=61008,61008,20250517,2025,38,37727.0,37827.0,101,101,11.689149806389151,0.1430840075234486,340.0,-0.5,False
2025|line=39|event=503|date=20250517|station=61008,61008,20250517,2025,39,37867.0,38002.0,136,136,11.186583857696036,0.1354073987860371,340.0,-0.5,False
2025|line=39|event=503|date=20250517|station=61008,61008,20250517,2025,40,38091.0,38291.0,201,201,10.584119312681509,0.1803883918472934,340.0,-0.5,False
2025|line=39|event=503|date=20250517|station=61008,61008,20250517,2025,41,38396.0,38494.0,99,99,10.34518756050339,0.1099248532060196,340.0,-0.5,False
2025|line=39|event=503|date=20250517|station=61008,61008,20250517,2025,42,38620.0,38717.0,98,98,10.31435588092934,0.1293229289454222,340.0,-0.5,False
2025|line=39|event=503|date=20250517|station=61008,61008,20250517,2025,43,38758.0,38863.0,106,106,9.70869324782187,0.087098795587976,340.0,-0.5,False
2025|line=39|event=503|date=20250517|station=61008,61008,20250517,2025,44,38872.0,38996.0,125,125,9.284173281703772,0.085120863184702,340.0,-0.5,False
2025|line=39|event=503|date=20250517|station=61008,61008,20250517,2025,45,39017.0,39168.0,152,152,8.830194215876077,0.1161925409131651,340.0,-0.5,False
2025|line=39|event=503|date=20250517|station=61008,61008,20250517,2025,46,39325.0,39421.0,97,97,8.173814859632145,0.0996581335571,340.0,-0.5,False
2025|line=39|event=503|date=20250517|station=61008,61008,20250517,2025,47,39457.0,39522.0,66,66,7.2491867134559556,0.0538385446952107,340.0,-0.5,False
2025|line=39|event=503|date=20250517|station=61008,61008,20250517,2025,48,39806.0,40010.0,205,205,7.157797192642789,0.1373448281013579,340.0,-0.5,False
2025|line=39|event=503|date=20250517|station=61008,61008,20250517,2025,49,40039.0,40126.0,88,88,6.686208252662141,0.1390302427073366,340.0,-0.5,False
2025|line=39|event=503|date=20250517|station=61008,61008,20250517,2025,50,40152.0,40296.0,145,145,5.861252178121987,0.1013212800001862,340.0,-0.5,False
2025|line=39|event=503|date=20250517|station=61008,61008,20250517,2025,51,40401.0,40673.0,273,273,4.078946515004844,0.0996653331275041,340.0,-0.5,False
2025|line=39|event=503|date=20250517|station=61008,61008,20250517,2025,52,40716.0,40912.0,197,197,2.927513068731855,0.1853753072898708,340.0,-0.5,False
2025|line=39|event=503|date=20250517|station=61008,61008,20250517,2025,53,41108.0,41215.0,108,108,3.266454864472408,0.0712270058150026,340.0,-0.5,False
2025|line=39|event=503|date=20250517|station=61008,61008,20250517,2025,54,41262.0,41524.0,263,263,3.809318247821878,0.1496609462774689,340.0,-0.5,False
2025|line=39|event=503|date=20250517|station=61008,61008,20250517,2025,55,41580.0,41837.0,258,258,3.243479791868353,0.134252895238162,340.0,-0.5,False
2025|line=39|event=503|date=20250517|station=61008,61008,20250517,2025,56,41932.0,42116.0,185,185,3.1976413359148097,0.1584316724307436,340.0,-0.5,False
2025|line=39|event=503|date=20250517|station=61008,61008,20250517,2025,57,42304.0,42530.0,227,227,3.192286302032912,0.1136669068706721,340.0,-0.5,False
2025|line=39|event=503|date=20250517|station=61008,61008,20250517,2025,58,42541.0,43460.0,920,920,3.357732454017423,0.1602477102192927,340.0,-0.5,False
2025|line=39|event=503|date=20250517|station=61008,61008,20250517,2025,59,43502.0,43633.0,132,132,2.9814950387221586,0.1229997840176368,340.0,-0.5,False
2025|line=39|event=503|date=20250517|station=61008,61008,20250517,2025,60,43636.0,43695.0,60,60,3.168009559535335,0.0677772267218395,340.0,-0.5,False
2025|line=39|event=503|date=20250517|station=61008,61008,20250517,2025,61,43808.0,44089.0,282,282,2.6580974104549995,0.1689699183122956,340.0,-0.5,False
2025|line=39|event=503|date=20250517|station=61008,61008,20250517,2025,62,44121.0,44213.0,93,93,3.08933131655374,0.0828994339648089,340.0,-0.5,False
2025|line=39|event=503|date=20250517|station=61008,61008,20250517,2025,63,44253.0,44366.0,114,114,3.797962124879007,0.0561461439038428,340.0,-0.5,False
2025|line=39|event=503|date=20250517|station=61008,61008,20250517,2025,64,44389.0,44511.0,123,123,3.209419167473385,0.0618511682243472,340.0,-0.5,False
2025|line=39|event=503|date=20250517|station=61008,61008,20250517,2025,65,44554.0,44630.0,77,77,2.218756534365937,0.0785095734925802,340.0,-0.5,False
2025|line=39|event=503|date=20250517|station=61008,61008,20250517,2025,66,44778.0,44843.0,66,66,1.919990440464673,0.0828260961942124,340.0,-0.5,False
2025|line=39|event=503|date=20250517|station=61008,61008,20250517,2025,67,44974.0,45047.0,74,74,1.8173670135527689,0.0818154451998892,340.0,-0.5,False
2025|line=39|event=503|date=20250517|station=61008,61008,20250517,2025,68,45098.0,45248.0,151,151,2.4677354791868424,0.1307497624108066,340.0,-0.5,False
2025|line=39|event=503|date=20250517|station=61008,61008,20250517,2025,69,45273.0,45332.0,60,60,2.699736810261385,0.0446125747083831,340.0,-0.5,False
2025|line=39|event=503|date=20250517|station=61008,61008,20250517,2025,70,45400.0,45807.0,408,408,2.0393885527589646,0.1727556798535813,340.0,-0.5,False
2025|line=39|event=503|date=20250517|station=61008,61008,20250517,2025,71,45888.0,46241.0,354,354,0.8279415537270154,0.1129172579655597,340.0,-0.5,False
2025|line=39|event=503|date=20250517|station=61008,61008,20250517,2025,72,46332.0,46429.0,98,98,-0.2486034607938165,0.0856253104336677,340.0,-0.5,False
2025|line=39|event=503|date=20250517|station=61008,61008,20250517,2025,73,46446.0,46523.0,78,78,-0.6955676427879922,0.0749743270374815,340.0,-0.5,False
2025|line=39|event=503|date=20250517|station=61008,61008,20250517,2025,74,46547.0,46617.0,71,71,-0.543346563407539,0.1292664201907613,340.0,-0.5,False
2025|line=39|event=503|date=20250517|station=61008,61008,20250517,2025,75,46638.0,46892.0,255,255,-1.0119469990319487,0.1436107416152825,340.0,-0.5,False
2025|line=39|event=503|date=20250517|station=61008,61008,20250517,2025,76,46979.0,47153.0,175,175,-1.067295256534365,0.1224079228658063,340.0,-0.5,False
2025|line=39|event=503|date=20250517|station=61008,61008,20250517,2025,77,47189.0,47497.0,309,309,-0.6987287028073439,0.1450452325896494,340.0,-0.5,False
2025|line=39|event=503|date=20250517|station=61008,61008,20250517,2025,78,47556.0,48027.0,472,472,0.3174882623426924,0.2074201857487385,340.0,-0.5,False
2025|line=39|event=503|date=20250517|station=61008,61008,20250517,2025,79,48030.0,48121.0,92,92,-0.4688370038722098,0.131343777351005,340.0,-0.5,False
2025|line=39|event=503|date=20250517|station=61008,61008,20250517,2025,80,48140.0,48283.0,144,144,-0.281020934172318,0.1261712787816412,340.0,-0.5,False
2025|line=39|event=506|date=20250517|station=61160,61160,20250517,2025,1,57558.0,57711.0,154,154,-0.4299999999999926,0.0837650317764419,3.0,0.4,False
2025|line=39|event=506|date=20250517|station=62001,62001,20250517,2025,1,57558.0,57754.0,197,197,-0.5149999999994179,0.0834493409528101,3.0,-5.9,True
2025|line=39|event=503|date=20250517|station=62149,62149,20250517,2025,1,38314.0,39374.0,1061,1061,10.609644724104548,0.2003152825343584,340.0,5.8,True
2025|line=39|event=504|date=20250517|station=62149,62149,20250517,2025,1,49356.0,50021.0,666,666,-3.969999999999999,0.2737224772322766,11.0,-1.4,False
2025|line=39|event=505|date=20250517|station=62149,62149,20250517,2025,1,50440.0,50945.0,506,506,5.479999999999997,0.0635749721019587,9.0,5.8,True
2025|line=39|event=506|date=20250517|station=62149,62149,20250517,2025,1,57623.0,57719.0,97,97,-5.5,0.0454982269472924,3.0,-5.7,True
2025|line=39|event=503|date=20250517|station=62151,62151,20250517,2025,1,27853.0,31444.0,3592,3592,22.12879186834462,0.4945955947755176,340.0,23.8,True
2025|line=39|event=503|date=20250517|station=62151,62151,20250517,2025,2,31500.0,33345.0,1846,1846,23.09641819941916,0.2508413035481389,340.0,23.8,True
2025|line=39|event=503|date=20250517|station=62151,62151,20250517,2025,3,33403.0,37498.0,4096,4096,25.63520425943853,0.256795398842926,340.0,23.8,True
2025|line=39|event=503|date=20250517|station=62151,62151,20250517,2025,4,37525.0,37974.0,450,450,26.60097676669893,0.1284827447304428,340.0,23.8,True
2025|line=39|event=503|date=20250517|station=62151,62151,20250517,2025,5,38151.0,39773.0,1623,1623,29.914524685382386,0.3071897349096745,340.0,23.8,True
2025|line=39|event=503|date=20250517|station=62151,62151,20250517,2025,6,39792.0,40724.0,933,933,30.41099322362052,0.099361296795146,340.0,23.8,True
2025|line=39|event=503|date=20250517|station=62151,62151,20250517,2025,7,40792.0,42461.0,1670,1670,28.0735605033882,0.1785959283997028,340.0,23.8,True
2025|line=39|event=503|date=20250517|station=62151,62151,20250517,2025,8,42516.0,46277.0,3762,3762,24.544160696999043,0.2803552722421432,340.0,23.8,True
2025|line=39|event=503|date=20250517|station=62151,62151,20250517,2025,9,46335.0,46493.0,159,159,24.024218780251687,0.0811720551120881,340.0,23.8,True
2025|line=39|event=503|date=20250517|station=62151,62151,20250517,2025,10,46550.0,47912.0,1363,1363,24.506807357212,0.1659672159909419,340.0,23.8,True
2025|line=39|event=503|date=20250517|station=62151,62151,20250517,2025,11,47971.0,48203.0,233,233,23.990400774443373,0.1443098009106267,340.0,23.8,True
2025|line=39|event=504|date=20250517|station=62151,62151,20250517,2025,1,49441.0,49795.0,355,355,-5.640000000000001,0.09062723314655,11.0,-5.9,True
2025|line=39|event=505|date=20250517|station=62151,62151,20250517,2025,1,50569.0,50951.0,383,383,23.39999999999999,0.0714813620076995,9.0,23.9,True
2025|line=39|event=506|date=20250517|station=62151,62151,20250517,2025,1,57637.0,57726.0,90,90,-23.680000000000007,0.0649160507631038,3.0,-23.3,True
2025|line=39|event=505|date=20250517|station=62239,62239,20250517,2025,1,50582.0,50932.0,351,351,0.7750000000000057,0.0430723533752423,9.0,0.5,False
2025|line=15|event=25|date=20250518|station=41006,41006,20250518,2025,1,39420.0,41753.0,2334,2334,-1.3667736966824575,0.1550474982414163,66.0,-0.8,False
2025|line=15|event=25|date=20250518|station=41006,41006,20250518,2025,2,41760.0,42180.0,421,421,-1.487298578199045,0.1049709903167511,66.0,-0.8,False
2025|line=15|event=26|date=20250518|station=41006,41006,20250518,2025,1,43784.0,47080.0,3297,3297,0.5529779005524915,0.2635589554247157,56.0,0.8,False
2025|line=15|event=27|date=20250518|station=41006,41006,20250518,2025,1,48080.0,50646.0,2567,2567,1.0465591715976077,0.3781525825084417,51.0,0.8,False
2025|line=15|event=28|date=20250518|station=41006,41006,20250518,2025,1,52881.0,54951.0,2071,2071,-1.0288661417322942,0.1936437749225278,38.0,-0.8,False
2025|line=15|event=29|date=20250518|station=41006,41006,20250518,2025,1,55995.0,56797.0,803,803,-0.710000000000008,0.3048108741856321,14.0,-0.8,False
2025|line=15|event=29|date=20250518|station=41006,41006,20250518,2025,2,56815.0,56923.0,109,109,-0.5799999999999841,0.0599833547445357,14.0,-0.8,False
2025|line=15|event=30|date=20250518|station=41006,41006,20250518,2025,1,57783.0,58561.0,779,779,1.200000000000017,0.0910363594837025,16.0,0.8,False
2025|line=15|event=31|date=20250518|station=41006,41006,20250518,2025,1,59816.0,60041.0,226,226,1.9499999999999889,0.2224212822175392,14.0,0.8,False
2025|line=15|event=31|date=20250518|station=41006,41006,20250518,2025,2,60096.0,60533.0,438,438,0.629999999999967,0.1277111919421326,14.0,0.8,False
2025|line=39|event=514|date=20250518|station=50008,50008,20250518,2025,1,30507.0,30701.0,195,195,1.2899999999999991,0.1161081366701235,21.0,0.4,False
2025|line=39|event=514|date=20250518|station=50008,50008,20250518,2025,2,30735.0,31506.0,772,772,0.7199999999999989,0.1825232574855278,21.0,0.4,False
2025|line=39|event=513|date=20250518|station=50023,50023,20250518,2025,1,29118.0,29269.0,152,152,-0.589999999999975,0.1244426848774509,5.0,0.5,False
2025|line=39|event=515|date=20250518|station=50023,50023,20250518,2025,1,32098.0,32626.0,529,529,0.9900000000000092,0.138118597117305,27.0,-0.5,False
2025|line=39|event=515|date=20250518|station=50023,50023,20250518,2025,2,32633.0,33060.0,428,428,0.7799999999999727,0.1630667563307767,27.0,-0.5,False
2025|line=39|event=509|date=20250518|station=51020,51020,20250518,2025,1,13606.0,14270.0,665,665,-3.4200000000000017,0.1156853976606519,19.0,-2.7,False
2025|line=39|event=514|date=20250518|station=51020,51020,20250518,2025,1,30317.0,31308.0,992,992,-1.5900000000000034,0.1116882152618237,21.0,-2.2,False
2025|line=39|event=515|date=20250518|station=51020,51020,20250518,2025,1,32640.0,32701.0,62,62,1.7999999999999972,0.0509393557380595,27.0,2.2,False
2025|line=39|event=515|date=20250518|station=51020,51020,20250518,2025,2,33062.0,33373.0,312,312,3.6599999999999966,0.0853516769397499,27.0,2.2,False
2025|line=39|event=507|date=20250518|station=51105,51105,20250518,2025,1,11407.0,11533.0,127,127,-1.144999999999996,0.0646407195478259,5.0,-1.2,False
2025|line=39|event=508|date=20250518|station=51105,51105,20250518,2025,1,12212.0,12301.0,90,90,2.3499999999999943,0.0762093076013163,9.0,1.1,False
2025|line=39|event=509|date=20250518|station=51105,51105,20250518,2025,1,13326.0,14298.0,973,973,7.409999999999997,0.2407537802662483,19.0,5.9,True
2025|line=39|event=512|date=20250518|station=51105,51105,20250518,2025,1,27094.0,27166.0,73,73,-1.0,0.0553416134772569,10.0,-1.3,False
2025|line=39|event=512|date=20250518|station=51105,51105,20250518,2025,2,27261.0,27334.0,74,74,-1.1650000000000065,0.0457716606460651,10.0,-1.3,False
2025|line=39|event=512|date=20250518|station=51105,51105,20250518,2025,3,27415.0,27521.0,107,107,-0.9200000000000016,0.0631461373984159,10.0,-1.3,False
2025|line=39|event=512|date=20250518|station=51105,51105,20250518,2025,4,27662.0,27741.0,80,80,-1.5699999999999932,0.0727224625989494,10.0,-1.3,False
2025|line=39|event=513|date=20250518|station=51105,51105,20250518,2025,1,29195.0,29268.0,74,74,6.765000000000001,0.0481245436567702,5.0,4.8,True
2025|line=39|event=514|date=20250518|station=51105,51105,20250518,2025,1,30378.0,31319.0,942,942,3.5900000000000034,0.1920664033827282,21.0,4.9,True
2025|line=39|event=514|date=20250518|station=51105,51105,20250518,2025,2,31349.0,31445.0,97,97,3.1599999999999966,0.0622393841033245,21.0,4.9,True
2025|line=39|event=515|date=20250518|station=51105,51105,20250518,2025,1,31839.0,32632.0,794,794,-4.99499999999999,0.138447980493278,27.0,-4.8,True
2025|line=39|event=515|date=20250518|station=51105,51105,20250518,2025,2,32638.0,32873.0,236,236,-4.894999999999996,0.1328051227006911,27.0,-4.8,True
2025|line=39|event=515|date=20250518|station=51105,51105,20250518,2025,3,32898.0,33067.0,170,170,-4.434999999999988,0.1203647224682755,27.0,-4.8,True
2025|line=39|event=515|date=20250518|station=51105,51105,20250518,2025,4,33123.0,33351.0,229,229,-3.674999999999997,0.1641094212004033,27.0,-4.8,True
2025|line=39|event=509|date=20250518|station=61008,61008,20250518,2025,1,13825.0,13980.0,156,156,-4.43,0.1435637968832028,19.0,0.7,False
2025|line=39|event=515|date=20250518|station=61008,61008,20250518,2025,1,31825.0,31908.0,84,84,-0.6200000000000045,0.0918050049521074,27.0,-0.5,False
2025|line=39|event=515|date=20250518|station=61008,61008,20250518,2025,2,32049.0,32138.0,90,90,-0.1749999999999971,0.1107085486812545,27.0,-0.5,False
2025|line=39|event=515|date=20250518|station=61008,61008,20250518,2025,3,32240.0,32313.0,74,74,-0.269999999999996,0.1202167016469558,27.0,-0.5,False
2025|line=39|event=515|date=20250518|station=61008,61008,20250518,2025,4,32324.0,32460.0,137,137,0.0499999999999971,0.1487285402540806,27.0,-0.5,False
2025|line=39|event=515|date=20250518|station=61008,61008,20250518,2025,5,32492.0,32603.0,112,112,0.5549999999999926,0.1651383285819365,27.0,-0.5,False
2025|line=39|event=515|date=20250518|station=61008,61008,20250518,2025,6,32646.0,32836.0,191,191,1.0100000000000051,0.1102998163115036,27.0,-0.5,False
2025|line=39|event=515|date=20250518|station=61008,61008,20250518,2025,7,32878.0,33060.0,183,183,1.4500000000000028,0.1497957371914009,27.0,-0.5,False
2025|line=15|event=26|date=20250518|station=61010,61010,20250518,2025,1,43769.0,44830.0,1062,1062,-0.3076174033149215,0.1495930311523003,56.0,-0.5,False
2025|line=15|event=26|date=20250518|station=61010,61010,20250518,2025,2,44919.0,46598.0,1680,1680,-0.6483770718232051,0.178070334018862,56.0,-0.5,False
2025|line=15|event=26|date=20250518|station=61010,61010,20250518,2025,3,46618.0,47061.0,444,444,-0.5830317679558021,0.1201414918030817,56.0,-0.5,False
2025|line=15|event=27|date=20250518|station=61010,61010,20250518,2025,1,47867.0,48517.0,651,651,-0.2869289940828423,0.1440342758723903,51.0,-0.5,False
2025|line=15|event=27|date=20250518|station=61010,61010,20250518,2025,2,48520.0,48731.0,212,212,0.3202647928994082,0.124934679459271,51.0,-0.5,False
2025|line=15|event=27|date=20250518|station=61010,61010,20250518,2025,3,48779.0,49826.0,1048,1048,-0.4816494082840279,0.1629291619573269,51.0,-0.5,False
2025|line=15|event=27|date=20250518|station=61010,61010,20250518,2025,4,49853.0,50951.0,1099,1099,-0.1973136094674572,0.1482661726131135,51.0,-0.5,False
2025|line=15|event=29|date=20250518|station=61010,61010,20250518,2025,1,56223.0,56684.0,462,462,1.0700000000000074,0.211684564736857,14.0,0.5,False
2025|line=15|event=31|date=20250518|station=61010,61010,20250518,2025,1,59658.0,60180.0,523,523,0.3200000000000074,0.312430994076951,14.0,-0.5,False
2025|line=15|event=25|date=20250518|station=61160,61160,20250518,2025,1,38684.0,39032.0,349,349,0.6340758293838746,0.1264282651621411,66.0,0.4,False
2025|line=15|event=25|date=20250518|station=61160,61160,20250518,2025,2,39060.0,41531.0,2472,2472,0.5222719194312901,0.3385806493441972,66.0,0.4,False
2025|line=15|event=25|date=20250518|station=61160,61160,20250518,2025,3,41549.0,41659.0,111,111,-0.3850118483412359,0.1170036824096974,66.0,0.4,False
2025|line=15|event=25|date=20250518|station=61160,61160,20250518,2025,4,41684.0,42491.0,808,808,0.2505657582938312,0.1400798068473119,66.0,0.4,False
2025|line=15|event=25|date=20250518|station=62149,62149,20250518,2025,1,38652.0,42448.0,3797,3797,3.165521327014215,0.304021986353168,66.0,2.0,False
2025|line=15|event=26|date=20250518|station=62149,62149,20250518,2025,1,43798.0,47022.0,3225,3225,-3.3291712707182306,0.3782354684545873,56.0,-2.0,False
2025|line=15|event=27|date=20250518|station=62149,62149,20250518,2025,1,47860.0,50060.0,2201,2201,-0.8945118343195304,0.1404278085373418,51.0,-2.1,False
2025|line=15|event=27|date=20250518|station=62149,62149,20250518,2025,2,50130.0,50834.0,705,705,-2.52581656804734,0.0859887332405371,51.0,-2.1,False
2025|line=15|event=28|date=20250518|station=62149,62149,20250518,2025,1,52801.0,55030.0,2230,2230,1.900498031496064,0.0940950316078893,38.0,2.0,False
2025|line=15|event=29|date=20250518|station=62149,62149,20250518,2025,1,55987.0,56764.0,778,778,2.4200000000000017,0.0736817779991404,14.0,2.1,False
2025|line=15|event=30|date=20250518|station=62149,62149,20250518,2025,1,57762.0,58675.0,914,914,-1.1350000000000016,0.1273996418845764,16.0,-2.0,False
2025|line=15|event=31|date=20250518|station=62149,62149,20250518,2025,1,59903.0,60494.0,592,592,-3.2349999999999994,0.1014237691473639,14.0,-1.9,False
2025|line=39|event=507|date=20250518|station=62149,62149,20250518,2025,1,11305.0,11474.0,170,170,1.5700000000000005,0.0857553326995282,5.0,1.4,False
2025|line=39|event=508|date=20250518|station=62149,62149,20250518,2025,1,12276.0,12673.0,398,398,-2.375,0.1829847955215874,9.0,-1.4,False
2025|line=39|event=509|date=20250518|station=62149,62149,20250518,2025,1,13278.0,13539.0,262,262,-8.09,0.0745219682856015,19.0,-7.2,True
2025|line=39|event=509|date=20250518|station=62149,62149,20250518,2025,2,13830.0,14296.0,467,467,-8.54,0.0606760951934102,19.0,-7.2,True
2025|line=39|event=511|date=20250518|station=62149,62149,20250518,2025,1,23697.0,23995.0,299,299,-1.2699999999999996,0.0524557153480555,11.0,-1.3,False
2025|line=39|event=512|date=20250518|station=62149,62149,20250518,2025,1,27239.0,27823.0,585,585,2.270000000000003,0.2883321960525368,10.0,1.6,False
2025|line=39|event=513|date=20250518|station=62149,62149,20250518,2025,1,29149.0,29440.0,292,292,-5.240000000000002,0.0577535887363916,5.0,-5.8,True
2025|line=39|event=514|date=20250518|station=62149,62149,20250518,2025,1,30277.0,31443.0,1167,1167,-5.449999999999999,0.1195872709205254,21.0,-5.9,True
2025|line=15|event=25|date=20250518|station=62151,62151,20250518,2025,1,38599.0,38756.0,158,158,3.1791054502369605,0.0702951843386811,66.0,2.7,False
2025|line=15|event=25|date=20250518|station=62151,62151,20250518,2025,2,38813.0,40974.0,2162,2162,3.90566469194313,0.2178528619100283,66.0,2.7,False
2025|line=15|event=25|date=20250518|station=62151,62151,20250518,2025,3,41060.0,41402.0,343,343,3.5609549763033144,0.1273877601075752,66.0,2.7,False
2025|line=15|event=25|date=20250518|station=62151,62151,20250518,2025,4,41465.0,41771.0,307,307,3.5202464454976266,0.1418219309276913,66.0,2.7,False
2025|line=15|event=25|date=20250518|station=62151,62151,20250518,2025,5,41828.0,42503.0,676,676,3.278972748815164,0.0973942399149066,66.0,2.7,False
2025|line=15|event=26|date=20250518|station=62151,62151,20250518,2025,1,43764.0,44139.0,376,376,-2.9875524861878446,0.1141751958333014,56.0,-2.8,False
2025|line=15|event=26|date=20250518|station=62151,62151,20250518,2025,2,44235.0,44541.0,307,307,-3.031569060773478,0.0921642702266017,56.0,-2.8,False
2025|line=15|event=26|date=20250518|station=62151,62151,20250518,2025,3,44603.0,45138.0,536,536,-3.449662983425412,0.0812047646826039,56.0,-2.8,False
2025|line=15|event=26|date=20250518|station=62151,62151,20250518,2025,4,45216.0,45689.0,474,474,-3.841685082872928,0.0834830039566791,56.0,-2.8,False
2025|line=15|event=26|date=20250518|station=62151,62151,20250518,2025,5,45753.0,46055.0,303,303,-3.837248618784528,0.0862803176413952,56.0,-2.8,False
2025|line=15|event=26|date=20250518|station=62151,62151,20250518,2025,6,46115.0,46183.0,69,69,-3.609182320441988,0.0630073792472816,56.0,-2.8,False
2025|line=15|event=26|date=20250518|station=62151,62151,20250518,2025,7,46239.0,47063.0,825,825,-3.326287292817682,0.08305792276616,56.0,-2.8,False
2025|line=15|event=27|date=20250518|station=62151,62151,20250518,2025,1,47907.0,48374.0,468,468,-2.890007396449704,0.0845115848765391,51.0,-2.8,False
2025|line=15|event=27|date=20250518|station=62151,62151,20250518,2025,2,48433.0,50824.0,2392,2392,-2.8139718934911286,0.1388086634347125,51.0,-2.8,False
2025|line=15|event=28|date=20250518|station=62151,62151,20250518,2025,1,52811.0,53843.0,1033,1033,2.747574803149604,0.1034123059882275,38.0,2.8,False
2025|line=15|event=28|date=20250518|station=62151,62151,20250518,2025,2,53904.0,55038.0,1135,1135,2.761464566929135,0.0773793526750602,38.0,2.8,False
2025|line=15|event=29|date=20250518|station=62151,62151,20250518,2025,1,55998.0,56771.0,774,774,3.249999999999993,0.1072244386992967,14.0,2.9,False
2025|line=15|event=30|date=20250518|station=62151,62151,20250518,2025,1,57773.0,58398.0,626,626,-2.5799999999999983,0.0718027189685798,16.0,-2.8,False
2025|line=15|event=30|date=20250518|station=62151,62151,20250518,2025,2,58454.0,58683.0,230,230,-2.6499999999999986,0.0628334979984872,16.0,-2.8,False
2025|line=15|event=31|date=20250518|station=62151,62151,20250518,2025,1,59745.0,60524.0,780,780,-3.280000000000001,0.1045971563055222,14.0,-2.7,False
2025|line=39|event=507|date=20250518|station=62151,62151,20250518,2025,1,11323.0,11460.0,138,138,5.759999999999998,0.0668201256691984,5.0,5.9,True
2025|line=39|event=508|date=20250518|station=62151,62151,20250518,2025,1,12210.0,12537.0,328,328,-6.689999999999998,0.1076114977142709,9.0,-5.7,True
2025|line=39|event=509|date=20250518|station=62151,62151,20250518,2025,1,13295.0,14303.0,1009,1009,-29.87,0.0894726702172586,19.0,-29.6,True
2025|line=39|event=511|date=20250518|station=62151,62151,20250518,2025,1,23726.0,23904.0,179,179,-5.770000000000003,0.0680690870895898,11.0,-5.4,True
2025|line=39|event=511|date=20250518|station=62151,62151,20250518,2025,2,23981.0,24080.0,100,100,-5.700000000000003,0.05980929930394,11.0,-5.4,True
2025|line=39|event=512|date=20250518|station=62151,62151,20250518,2025,1,27215.0,27276.0,62,62,6.435000000000002,0.2337481613870162,10.0,6.6,True
2025|line=39|event=512|date=20250518|station=62151,62151,20250518,2025,2,27339.0,27613.0,275,275,6.769999999999996,0.0899036674021712,10.0,6.6,True
2025|line=39|event=513|date=20250518|station=62151,62151,20250518,2025,1,29159.0,29446.0,288,288,-23.13,0.1109173821563395,5.0,-24.0,True
2025|line=39|event=514|date=20250518|station=62151,62151,20250518,2025,1,30288.0,30518.0,231,231,-23.53,0.0928385901120752,21.0,-24.3,True
2025|line=39|event=514|date=20250518|station=62151,62151,20250518,2025,2,30595.0,31307.0,713,713,-23.15,0.1216920374594089,21.0,-24.3,True
2025|line=39|event=514|date=20250518|station=62151,62151,20250518,2025,3,31369.0,31450.0,82,82,-23.38,0.0697734367405492,21.0,-24.3,True
2025|line=15|event=27|date=20250518|station=62239,62239,20250518,2025,1,47839.0,50520.0,2682,2682,-0.3291508875739666,0.1436020821048415,51.0,-0.4,False
2025|line=39|event=514|date=20250518|station=62239,62239,20250518,2025,1,30198.0,31306.0,1109,1109,0.1400000000000005,0.1444108614718369,21.0,-0.5,False
2025|line=39|event=524|date=20250519|station=50009,50009,20250519,2025,1,42000.0,43049.0,1050,1050,-0.6100000000000136,0.11106355557462,20.0,-0.4,False
2025|line=39|event=525|date=20250519|station=50009,50009,20250519,2025,1,44066.0,44772.0,707,707,0.6049999999999898,0.1062452156605798,14.0,0.5,False
2025|line=39|event=523|date=20250519|station=50023,50023,20250519,2025,1,38873.0,40155.0,1283,1283,0.5928264462809807,0.1001090707844213,36.0,0.5,False
2025|line=39|event=523|date=20250519|station=50023,50023,20250519,2025,2,40232.0,41003.0,772,772,0.2607799586777446,0.1390794137974,36.0,0.5,False
2025|line=39|event=524|date=20250519|station=50023,50023,20250519,2025,1,41841.0,42660.0,820,820,-0.6499999999999773,0.1116711541111189,20.0,-0.5,False
2025|line=39|event=525|date=20250519|station=50023,50023,20250519,2025,1,44157.0,44460.0,304,304,0.6299999999999955,0.0521910550561163,14.0,0.5,False
2025|line=39|event=521|date=20250519|station=51020,51020,20250519,2025,1,29766.0,31312.0,1547,1547,-3.232871153846162,0.319823398817846,39.0,-2.2,False
2025|line=39|event=521|date=20250519|station=51020,51020,20250519,2025,2,31611.0,31785.0,175,175,-2.168415384615386,0.0568067090949292,39.0,-2.2,False
2025|line=39|event=522|date=20250519|station=51020,51020,20250519,2025,1,33061.0,34912.0,1852,1852,1.926415413533832,0.1614098373445464,40.0,2.2,False
2025|line=39|event=524|date=20250519|station=51020,51020,20250519,2025,1,41886.0,42113.0,228,228,1.7199999999999989,0.0568022176224406,20.0,2.2,False
2025|line=39|event=524|date=20250519|station=51020,51020,20250519,2025,2,42412.0,42831.0,420,420,1.3299999999999983,0.0568586321438815,20.0,2.2,False
2025|line=39|event=525|date=20250519|station=51020,51020,20250519,2025,1,44033.0,44766.0,734,734,-2.460000000000008,0.0746955307748935,14.0,-2.3,False
2025|line=39|event=526|date=20250519|station=51020,51020,20250519,2025,1,46586.0,46917.0,332,332,1.519999999999996,0.0957558419139555,18.0,1.1,False
2025|line=39|event=516|date=20250519|station=51105,51105,20250519,2025,1,5927.0,5990.0,64,64,-2.424999999999997,0.0412239817802808,4.0,-1.1,False
2025|line=39|event=521|date=20250519|station=51105,51105,20250519,2025,1,29639.0,30188.0,550,550,4.212365384615367,0.1999464856071502,39.0,4.8,True
2025|line=39|event=521|date=20250519|station=51105,51105,20250519,2025,2,30197.0,31912.0,1716,1716,4.526942307692309,0.2607248001966374,39.0,4.8,True
2025|line=39|event=522|date=20250519|station=51105,51105,20250519,2025,1,32676.0,34546.0,1871,1871,-4.7930187969924845,0.1905393372583019,40.0,-4.8,True
2025|line=39|event=522|date=20250519|station=51105,51105,20250519,2025,2,34551.0,34981.0,431,431,-5.781308270676689,0.2618799636647186,40.0,-4.8,True
2025|line=39|event=523|date=20250519|station=51105,51105,20250519,2025,1,38894.0,40164.0,1271,1271,5.47670247933884,0.1804704082257115,36.0,4.9,True
2025|line=39|event=523|date=20250519|station=51105,51105,20250519,2025,2,40245.0,40992.0,748,748,5.557822314049588,0.1476737217915362,36.0,4.9,True
2025|line=39|event=524|date=20250519|station=51105,51105,20250519,2025,1,41865.0,42995.0,1131,1131,-5.825000000000003,0.1072308303980716,20.0,-4.8,True
2025|line=39|event=525|date=20250519|station=51105,51105,20250519,2025,1,44004.0,44762.0,759,759,4.899999999999992,0.1462368272124163,14.0,4.9,True
2025|line=39|event=526|date=20250519|station=51105,51105,20250519,2025,1,45985.0,46530.0,546,546,-2.549999999999997,0.1727704409868677,18.0,-2.4,False
2025|line=39|event=526|date=20250519|station=51105,51105,20250519,2025,2,46561.0,46651.0,91,91,-3.1899999999999977,0.1127883876758254,18.0,-2.4,False
2025|line=39|event=526|date=20250519|station=51105,51105,20250519,2025,3,46729.0,46992.0,264,264,-3.3200000000000074,0.1268487441386586,18.0,-2.4,False
2025|line=39|event=527|date=20250519|station=51105,51105,20250519,2025,1,47589.0,47839.0,251,251,-0.8299999999999983,0.0723485324589907,7.0,-1.2,False
2025|line=39|event=525|date=20250519|station=51224,51224,20250519,2025,1,44203.0,44790.0,588,588,-0.7700000000000031,0.1017195547030814,14.0,-0.5,False
2025|line=39|event=521|date=20250519|station=61008,61008,20250519,2025,1,29604.0,29918.0,315,315,0.3164153846153823,0.1589819003604755,39.0,0.5,False
2025|line=39|event=521|date=20250519|station=61008,61008,20250519,2025,2,30045.0,30120.0,76,76,-0.6357307692307756,0.0719433614011968,39.0,0.5,False
2025|line=39|event=521|date=20250519|station=61008,61008,20250519,2025,3,30143.0,30249.0,107,107,-0.948276923076932,0.0946372247969981,39.0,0.5,False
2025|line=39|event=521|date=20250519|station=61008,61008,20250519,2025,4,30274.0,30427.0,154,154,-0.454253846153847,0.1174494295192558,39.0,0.5,False
2025|line=39|event=521|date=20250519|station=61008,61008,20250519,2025,5,30449.0,30637.0,189,189,0.0887846153846112,0.084710955470964,39.0,0.5,False
2025|line=39|event=521|date=20250519|station=61008,61008,20250519,2025,6,30662.0,31495.0,834,834,0.4221461538461568,0.1748560748201185,39.0,0.5,False
2025|line=39|event=521|date=20250519|station=61008,61008,20250519,2025,7,31522.0,31758.0,237,237,0.7143076923076848,0.1390834498168449,39.0,0.5,False
2025|line=39|event=521|date=20250519|station=61008,61008,20250519,2025,8,31775.0,31923.0,149,149,0.4138923076923078,0.1363047110382499,39.0,0.5,False
2025|line=39|event=522|date=20250519|station=61008,61008,20250519,2025,1,32723.0,33180.0,458,458,-0.5388834586466373,0.10528406124636,40.0,-0.5,False
2025|line=39|event=522|date=20250519|station=61008,61008,20250519,2025,2,33197.0,33268.0,72,72,-0.650018796992498,0.1319940278698667,40.0,-0.5,False
2025|line=39|event=522|date=20250519|station=61008,61008,20250519,2025,3,33345.0,33623.0,279,279,-0.9131879699248202,0.1352090715086365,40.0,-0.5,False
2025|line=39|event=522|date=20250519|station=61008,61008,20250519,2025,4,33635.0,34039.0,405,405,-0.8681729323308218,0.1437443566937238,40.0,-0.5,False
2025|line=39|event=522|date=20250519|station=61008,61008,20250519,2025,5,34134.0,34601.0,468,468,-1.1912593984962427,0.2245381589790635,40.0,-0.5,False
2025|line=39|event=522|date=20250519|station=61008,61008,20250519,2025,6,34621.0,34750.0,130,130,-1.9449285714285625,0.0901431808620292,40.0,-0.5,False
2025|line=39|event=522|date=20250519|station=61008,61008,20250519,2025,7,34825.0,34914.0,90,90,-1.3869887218045136,0.0792817619052211,40.0,-0.5,False
2025|line=39|event=523|date=20250519|station=61008,61008,20250519,2025,1,38911.0,39010.0,100,100,0.6178254132231444,0.0947636258090502,36.0,0.5,False
2025|line=39|event=523|date=20250519|station=61008,61008,20250519,2025,2,39043.0,39183.0,141,141,0.7812500000000142,0.1490272090858909,36.0,0.5,False
2025|line=39|event=523|date=20250519|station=61008,61008,20250519,2025,3,39212.0,40149.0,938,938,0.9853873966942216,0.1747107451208102,36.0,0.5,False
2025|line=39|event=523|date=20250519|station=61008,61008,20250519,2025,4,40229.0,40641.0,413,413,0.977592975206619,0.1333159761714142,36.0,0.5,False
2025|line=39|event=523|date=20250519|station=61008,61008,20250519,2025,5,40665.0,40764.0,100,100,0.7597055785123956,0.092015537600538,36.0,0.5,False
2025|line=39|event=523|date=20250519|station=61008,61008,20250519,2025,6,40835.0,40992.0,158,158,0.6476497933884389,0.1389471168365146,36.0,0.5,False
2025|line=39|event=525|date=20250519|station=61008,61008,20250519,2025,1,44261.0,44441.0,181,181,0.6650000000000063,0.1434954277193004,14.0,0.5,False
2025|line=39|event=525|date=20250519|station=61008,61008,20250519,2025,2,44660.0,44824.0,165,165,0.9849999999999994,0.1122718868933163,14.0,0.5,False
2025|line=39|event=523|date=20250519|station=61160,61160,20250519,2025,1,39112.0,40163.0,1052,1052,0.7256301652892461,0.1113291855958911,36.0,0.4,False
2025|line=39|event=523|date=20250519|station=61160,61160,20250519,2025,2,40234.0,40787.0,554,554,0.6044359504132188,0.1340012306101962,36.0,0.4,False
2025|line=39|event=521|date=20250519|station=62149,62149,20250519,2025,1,29614.0,31910.0,2297,2297,-5.736892307692307,0.1021963248877192,39.0,-5.9,True
2025|line=39|event=522|date=20250519|station=62149,62149,20250519,2025,1,32647.0,32955.0,309,309,5.394191729323309,0.0779354504980539,40.0,5.8,True
2025|line=39|event=522|date=20250519|station=62149,62149,20250519,2025,2,33172.0,34981.0,1810,1810,4.482753759398495,0.2807538526759388,40.0,5.8,True
2025|line=39|event=523|date=20250519|station=62149,62149,20250519,2025,1,38868.0,40990.0,2123,2123,-5.726173553719008,0.0880192785490041,36.0,-5.9,True
2025|line=39|event=524|date=20250519|station=62149,62149,20250519,2025,1,41834.0,42995.0,1162,1162,5.790000000000003,0.0605403182710427,20.0,5.8,True
2025|line=39|event=525|date=20250519|station=62149,62149,20250519,2025,1,43979.0,44761.0,783,783,-5.939999999999998,0.0844942187406566,14.0,-6.0,True
2025|line=39|event=526|date=20250519|station=62149,62149,20250519,2025,1,45962.0,46990.0,1029,1029,3.09,0.0818730855920109,18.0,2.9,False
2025|line=39|event=527|date=20250519|station=62149,62149,20250519,2025,1,47581.0,47967.0,387,387,1.0700000000000005,0.0482748664780158,7.0,1.4,False
2025|line=39|event=516|date=20250519|station=62151,62151,20250519,2025,1,5787.0,5987.0,201,201,5.229999999999997,0.0786933559389023,4.0,5.6,True
2025|line=39|event=521|date=20250519|station=62151,62151,20250519,2025,1,29626.0,29724.0,99,99,-23.43105769230769,0.0648280803144091,39.0,-24.1,True
2025|line=39|event=521|date=20250519|station=62151,62151,20250519,2025,2,29790.0,31920.0,2131,2131,-23.39682692307693,0.1483876209417108,39.0,-24.1,True
2025|line=39|event=522|date=20250519|station=62151,62151,20250519,2025,1,32656.0,33643.0,988,988,22.7181560150376,0.0959386732643695,40.0,23.8,True
2025|line=39|event=522|date=20250519|station=62151,62151,20250519,2025,2,33701.0,34618.0,918,918,22.46413345864661,0.0943950988599229,40.0,23.8,True
2025|line=39|event=522|date=20250519|station=62151,62151,20250519,2025,3,34767.0,34990.0,224,224,23.2846560150376,0.1038967899203879,40.0,23.8,True
2025|line=39|event=523|date=20250519|station=62151,62151,20250519,2025,1,38878.0,41000.0,2123,2123,-23.48085537190083,0.0932102124859886,36.0,-24.2,True
2025|line=39|event=524|date=20250519|station=62151,62151,20250519,2025,1,41844.0,41966.0,123,123,23.46,0.1037633149172197,20.0,23.9,True
2025|line=39|event=524|date=20250519|station=62151,62151,20250519,2025,2,42107.0,43004.0,898,898,23.309999999999995,0.0987557783069755,20.0,23.9,True
2025|line=39|event=525|date=20250519|station=62151,62151,20250519,2025,1,43991.0,44770.0,780,780,-23.61,0.0847470328573946,14.0,-24.5,True
2025|line=39|event=526|date=20250519|station=62151,62151,20250519,2025,1,45972.0,46113.0,142,142,11.870000000000005,0.0678757069297698,18.0,11.9,True
2025|line=39|event=526|date=20250519|station=62151,62151,20250519,2025,2,46171.0,47001.0,831,831,12.11,0.0958116594780389,18.0,11.9,True
2025|line=39|event=527|date=20250519|station=62151,62151,20250519,2025,1,47607.0,47979.0,373,373,5.520000000000003,0.0809802284177599,7.0,5.7,True
2025|line=39|event=524|date=20250519|station=62239,62239,20250519,2025,1,42606.0,43016.0,411,411,1.8200000000000005,0.0508526521448498,20.0,0.5,False
2025|line=39|event=529|date=20250520|station=51020,51020,20250520,2025,1,8864.0,9146.0,283,283,-4.1000000000000085,0.0895418683220544,14.0,-1.1,False
2025|line=39|event=528|date=20250520|station=51105,51105,20250520,2025,1,7014.0,7142.0,129,129,-4.969999999999999,0.0728382602837999,22.0,-2.4,False
2025|line=39|event=528|date=20250520|station=51105,51105,20250520,2025,2,7152.0,7760.0,609,609,-7.039999999999992,0.2144629410534226,22.0,-2.4,False
2025|line=39|event=529|date=20250520|station=51105,51105,20250520,2025,1,8275.0,8923.0,649,649,0.4100000000000108,0.1099244457083025,14.0,2.4,False
2025|line=39|event=528|date=20250520|station=62149,62149,20250520,2025,1,6507.0,7440.0,934,934,1.2949999999999982,0.0626847482753565,22.0,2.9,False
2025|line=39|event=529|date=20250520|station=62149,62149,20250520,2025,1,8705.0,9099.0,395,395,-6.525000000000001,0.0615549284718135,14.0,-2.9,False
2025|line=39|event=528|date=20250520|station=62151,62151,20250520,2025,1,6519.0,7771.0,1253,1253,9.449999999999996,0.1325959018051564,22.0,11.8,True
2025|line=39|event=529|date=20250520|station=62151,62151,20250520,2025,1,8274.0,9118.0,845,845,-14.135000000000003,0.0883019820873787,14.0,-11.8,True
2025|line=39|event=531|date=20250521|station=51020,51020,20250521,2025,1,24864.0,25494.0,631,631,1.3383532110091778,0.1275531402599397,31.0,1.3,False
2025|line=39|event=531|date=20250521|station=51020,51020,20250521,2025,2,25861.0,26704.0,844,844,1.7909977064220186,0.1001513849360634,31.0,1.3,False
2025|line=39|event=531|date=20250521|station=51105,51105,20250521,2025,1,24864.0,25290.0,427,427,-4.466967889908247,0.241234433674794,31.0,-2.7,False
2025|line=39|event=531|date=20250521|station=51105,51105,20250521,2025,2,25317.0,25990.0,674,674,-4.09637385321102,0.1239535735551625,31.0,-2.7,False
2025|line=39|event=531|date=20250521|station=51105,51105,20250521,2025,3,26005.0,26682.0,678,678,-3.396694954128449,0.0810439877606616,31.0,-2.7,False
2025|line=39|event=531|date=20250521|station=62149,62149,20250521,2025,1,24832.0,26688.0,1857,1857,3.744541284403669,0.0751932996929708,31.0,3.3,True
2025|line=39|event=531|date=20250521|station=62151,62151,20250521,2025,1,24848.0,25819.0,972,972,15.06658256880734,0.1243953007868859,31.0,13.7,True
2025|line=39|event=531|date=20250521|station=62151,62151,20250521,2025,2,25840.0,26472.0,633,633,15.029724770642204,0.0843243656162054,31.0,13.7,True
2025|line=39|event=531|date=20250521|station=62151,62151,20250521,2025,3,26557.0,26704.0,148,148,14.826169724770644,0.0823395530964204,31.0,13.7,True
2025|line=39|event=532|date=20250522|station=51020,51020,20250522,2025,1,7383.0,7494.0,112,112,1.0939879310344764,0.0771307033483493,44.0,1.3,False
2025|line=39|event=532|date=20250522|station=51020,51020,20250522,2025,2,7862.0,9723.0,1862,1862,1.2207672413793065,0.2347509349920809,44.0,1.3,False
2025|line=39|event=532|date=20250522|station=51105,51105,20250522,2025,1,7314.0,8997.0,1684,1684,-2.6623896551724187,0.1874470362281017,44.0,-2.8,False
2025|line=39|event=532|date=20250522|station=51105,51105,20250522,2025,2,9033.0,9939.0,907,907,-3.4971586206896603,0.1202568359045343,44.0,-2.8,False
2025|line=39|event=532|date=20250522|station=62149,62149,20250522,2025,1,7294.0,9937.0,2644,2644,3.946698275862065,0.1044557573694583,44.0,3.4,True
2025|line=39|event=532|date=20250522|station=62151,62151,20250522,2025,1,7313.0,9900.0,2588,2588,14.899767241379308,0.1072887113502409,44.0,13.8,True
2025|line=39|event=533|date=20250525|station=50008,50008,20250525,2025,1,32641.0,33220.0,580,580,-1.12,0.1016646259869899,16.0,-1.8,False
2025|line=39|event=533|date=20250525|station=50009,50009,20250525,2025,1,32682.0,33287.0,606,606,-1.4199999999999875,0.0948076011696953,16.0,-2.3,False
2025|line=39|event=533|date=20250525|station=50023,50023,20250525,2025,1,32678.0,33288.0,611,611,-2.019999999999982,0.1117192747095198,16.0,-2.7,False
2025|line=39|event=533|date=20250525|station=51020,51020,20250525,2025,1,33063.0,33503.0,441,441,13.454999999999998,0.0675037309224952,16.0,11.2,True
2025|line=39|event=533|date=20250525|station=51105,51105,20250525,2025,1,32735.0,33501.0,767,767,-23.75,0.1235822541685486,16.0,-24.4,True
2025|line=39|event=533|date=20250525|station=51224,51224,20250525,2025,1,33108.0,33549.0,442,442,5.125000000000004,0.0929266993152146,16.0,2.3,False
2025|line=39|event=533|date=20250525|station=61008,61008,20250525,2025,1,32635.0,32762.0,128,128,-2.0900000000000034,0.0805598708722283,16.0,-2.7,False
2025|line=39|event=533|date=20250525|station=61008,61008,20250525,2025,2,32793.0,32958.0,166,166,-1.5600000000000025,0.1466680763606303,16.0,-2.7,False
2025|line=39|event=533|date=20250525|station=61008,61008,20250525,2025,3,33050.0,33147.0,98,98,-0.7700000000000102,0.0903158611660341,16.0,-2.7,False
2025|line=39|event=533|date=20250525|station=61010,61010,20250525,2025,1,32740.0,33143.0,404,404,-1.2399999999999949,0.1036733800523834,16.0,-1.8,False
2025|line=39|event=533|date=20250525|station=61010,61010,20250525,2025,2,33171.0,33261.0,91,91,-0.9099999999999966,0.062499281868644,16.0,-1.8,False
2025|line=39|event=533|date=20250525|station=61160,61160,20250525,2025,1,32767.0,33395.0,629,629,-1.769999999999996,0.2002572485131878,16.0,-2.0,False
2025|line=39|event=533|date=20250525|station=62149,62149,20250525,2025,1,32634.0,33488.0,855,855,31.64,0.1068139937858493,16.0,29.6,True
2025|line=39|event=533|date=20250525|station=62151,62151,20250525,2025,1,32767.0,32997.0,231,231,119.38,0.0709501126192746,16.0,121.9,True
2025|line=39|event=533|date=20250525|station=62151,62151,20250525,2025,2,33054.0,33518.0,465,465,120.47,0.0869276832820059,16.0,121.9,True
2025|line=39|event=533|date=20250525|station=62239,62239,20250525,2025,1,32861.0,33505.0,645,645,4.170000000000002,0.055619384145301,16.0,2.4,False
2025|line=39|event=535|date=20250526|station=50008,50008,20250526,2025,1,38044.0,39203.0,1160,1160,0.6550000000000011,0.2405661155996091,20.0,0.7,False
2025|line=39|event=535|date=20250526|station=50009,50009,20250526,2025,1,38386.0,39167.0,782,782,1.3300000000000125,0.136547007941231,20.0,0.9,False
2025|line=39|event=535|date=20250526|station=50023,50023,20250526,2025,1,38080.0,39231.0,1152,1152,1.1299999999999957,0.3038092215677349,20.0,1.1,False
2025|line=39|event=535|date=20250526|station=51020,51020,20250526,2025,1,38057.0,38541.0,485,485,-3.969999999999999,0.139426998863889,20.0,-4.4,True
2025|line=39|event=535|date=20250526|station=51020,51020,20250526,2025,2,38840.0,39157.0,318,318,-4.039999999999992,0.0971829820343321,20.0,-4.4,True
2025|line=39|event=535|date=20250526|station=51105,51105,20250526,2025,1,38030.0,39150.0,1121,1121,10.560000000000002,0.2660320841001321,20.0,9.6,True
2025|line=39|event=535|date=20250526|station=51224,51224,20250526,2025,1,38542.0,38818.0,277,277,-0.8599999999999994,0.0781088557653889,20.0,-0.9,False
2025|line=39|event=535|date=20250526|station=51224,51224,20250526,2025,2,38820.0,39343.0,524,524,-1.4299999999999995,0.1437233347965614,20.0,-0.9,False
2025|line=39|event=535|date=20250526|station=61008,61008,20250526,2025,1,38215.0,38288.0,74,74,1.934999999999988,0.1295267786499151,20.0,1.1,False
2025|line=39|event=535|date=20250526|station=61008,61008,20250526,2025,2,38296.0,38778.0,483,483,1.6949999999999932,0.1680951177257321,20.0,1.1,False
2025|line=39|event=535|date=20250526|station=61008,61008,20250526,2025,3,39083.0,39145.0,63,63,1.5049999999999957,0.0953365835532128,20.0,1.1,False
2025|line=39|event=535|date=20250526|station=61160,61160,20250526,2025,1,38473.0,38805.0,333,333,1.990000000000009,0.1083923647771216,20.0,0.8,False
2025|line=39|event=535|date=20250526|station=61160,61160,20250526,2025,2,38816.0,39343.0,528,528,2.660000000000011,0.2265979199057612,20.0,0.8,False
2025|line=39|event=535|date=20250526|station=62149,62149,20250526,2025,1,37994.0,39148.0,1155,1155,-11.425,0.0943660786030759,20.0,-11.6,True
2025|line=39|event=535|date=20250526|station=62151,62151,20250526,2025,1,38069.0,39184.0,1116,1116,-46.755,0.1081431094776231,20.0,-47.7,True
2025|line=39|event=535|date=20250526|station=62239,62239,20250526,2025,1,38081.0,39149.0,1069,1069,-0.9799999999999968,0.0783671566417877,20.0,-1.0,False
2025|line=24|event=54|date=20250527|station=32019,32019,20250527,2025,1,82713.0,82916.0,204,204,1.0949999999999998,0.1599612917966051,17.0,1.3,False
2025|line=24|event=54|date=20250527|station=32019,32019,20250527,2025,2,82933.0,83151.0,219,219,0.4850000000000003,0.1064768384134899,17.0,1.3,False
2025|line=24|event=55|date=20250528|station=32019,32019,20250528,2025,1,14590.0,14743.0,154,154,0.1065758620689649,0.0887272361975819,44.0,0.7,False
2025|line=24|event=55|date=20250528|station=32019,32019,20250528,2025,2,15233.0,15799.0,567,567,0.2529241379310321,0.1365652614041824,44.0,0.7,False
2025|line=24|event=55|date=20250528|station=32019,32019,20250528,2025,3,15836.0,16783.0,948,948,0.3195896551724075,0.1380096541775448,44.0,0.7,False
2025|line=24|event=55|date=20250528|station=32019,32019,20250528,2025,4,16791.0,17082.0,292,292,0.4176448275862015,0.1130502582015844,44.0,0.7,False
2025|line=40|event=685|date=20250606|station=42005,42005,20250606,2025,1,26024.0,28050.0,2027,2027,1.0296169064748248,0.1853563002373207,42.0,0.9,False
2025|line=40|event=686|date=20250606|station=42005,42005,20250606,2025,1,34939.0,39339.0,4401,4401,-0.1047037815126046,0.3426223619724369,76.0,-0.9,False
2025|line=40|event=687|date=20250606|station=42005,42005,20250606,2025,1,42043.0,43084.0,1042,1042,-1.8699999999999968,0.139053819414858,29.0,-0.9,False
2025|line=40|event=688|date=20250606|station=42005,42005,20250606,2025,1,48013.0,48163.0,151,151,-2.240000000000002,0.0268197304981983,8.0,-1.7,False
2025|line=40|event=689|date=20250606|station=42005,42005,20250606,2025,1,48741.0,48991.0,251,251,3.554999999999996,0.1419175487985501,8.0,1.7,False
2025|line=40|event=684|date=20250606|station=43002,43002,20250606,2025,1,14864.0,23466.0,8603,8603,0.6475280898876576,0.4613361804158899,144.0,1.3,False
2025|line=40|event=685|date=20250606|station=43002,43002,20250606,2025,1,25793.0,28153.0,2361,2361,1.8697733812949764,0.1701742767308964,42.0,1.3,False
2025|line=40|event=686|date=20250606|station=43002,43002,20250606,2025,1,34906.0,39324.0,4419,4419,-1.0805672268907642,0.1754453615201082,76.0,-1.2,False
2025|line=40|event=687|date=20250606|station=43002,43002,20250606,2025,1,41957.0,43057.0,1101,1101,-2.5400000000000205,0.1002736103027787,29.0,-1.2,False
2025|line=40|event=688|date=20250606|station=43002,43002,20250606,2025,1,47762.0,48163.0,402,402,-2.75,0.0887210747940273,8.0,-2.4,False
2025|line=40|event=689|date=20250606|station=43002,43002,20250606,2025,1,48513.0,48907.0,395,395,2.7199999999999704,0.076520333727409,8.0,2.4,False
2025|line=40|event=692|date=20250606|station=43002,43002,20250606,2025,1,53197.0,54343.0,1147,1147,-2.1899999999999977,0.0687085691299888,20.0,-2.6,False
2025|line=40|event=693|date=20250606|station=43002,43002,20250606,2025,1,54846.0,55793.0,948,948,-2.759999999999991,0.0723933634374575,17.0,-2.5,False
2025|line=40|event=685|date=20250606|station=50009,50009,20250606,2025,1,25783.0,28189.0,2407,2407,0.5095683453237427,0.1907146318796816,42.0,0.6,False
2025|line=40|event=686|date=20250606|station=50009,50009,20250606,2025,1,34857.0,39343.0,4487,4487,-0.0690756302520867,0.2629016184322389,76.0,-0.6,False
2025|line=40|event=687|date=20250606|station=50009,50009,20250606,2025,1,41855.0,43067.0,1213,1213,-1.2699999999999818,0.1138872319042725,29.0,-0.6,False
2025|line=40|event=688|date=20250606|station=50009,50009,20250606,2025,1,47771.0,48163.0,393,393,-0.9749999999999944,0.0631646345791932,8.0,-1.1,False
2025|line=40|event=689|date=20250606|station=50009,50009,20250606,2025,1,48582.0,48702.0,121,121,0.9099999999999966,0.0615336939088251,8.0,1.1,False
2025|line=40|event=692|date=20250606|station=50009,50009,20250606,2025,1,53231.0,54335.0,1105,1105,-1.1899999999999975,0.1112186274198639,20.0,-1.2,False
2025|line=40|event=693|date=20250606|station=50009,50009,20250606,2025,1,54851.0,55689.0,839,839,-0.9799999999999898,0.0837043118899067,17.0,-1.1,False
2025|line=40|event=688|date=20250606|station=51020,51020,20250606,2025,1,47829.0,48163.0,335,335,-0.6349999999999909,0.060380979316689,8.0,-0.6,False
2025|line=40|event=688|date=20250606|station=51105,51105,20250606,2025,1,47852.0,48163.0,312,312,-1.230000000000004,0.0923015220410566,8.0,-0.9,False
2025|line=40|event=689|date=20250606|station=51105,51105,20250606,2025,1,48679.0,48909.0,231,231,2.0899999999999963,0.0754484074516674,8.0,0.9,False
2025|line=40|event=693|date=20250606|station=51105,51105,20250606,2025,1,54992.0,55903.0,912,912,-1.1299999999999957,0.1166412947038013,17.0,-1.0,False
2025|line=40|event=684|date=20250606|station=61008,61008,20250606,2025,1,15139.0,15260.0,122,122,-4.20809325842697,0.1041641711896669,144.0,-1.0,False
2025|line=40|event=684|date=20250606|station=61008,61008,20250606,2025,2,15297.0,15367.0,71,71,-5.003323595505613,0.0716402512333189,144.0,-1.0,False
2025|line=40|event=684|date=20250606|station=61008,61008,20250606,2025,3,15412.0,15499.0,88,88,-4.2707269662921306,0.0795293115371648,144.0,-1.0,False
2025|line=40|event=684|date=20250606|station=61008,61008,20250606,2025,4,15528.0,16017.0,490,490,-5.756410112359546,0.1527171708040307,144.0,-1.0,False
2025|line=40|event=684|date=20250606|station=61008,61008,20250606,2025,5,16052.0,16153.0,102,102,-6.87339887640448,0.087125525035555,144.0,-1.0,False
2025|line=40|event=684|date=20250606|station=61008,61008,20250606,2025,6,16196.0,16837.0,642,642,-8.523439325842688,0.1303904614506706,144.0,-1.0,False
2025|line=40|event=684|date=20250606|station=61008,61008,20250606,2025,7,16843.0,16986.0,144,144,-9.60956516853932,0.1237761569872222,144.0,-1.0,False
2025|line=40|event=684|date=20250606|station=61008,61008,20250606,2025,8,17011.0,17252.0,242,242,-10.018282022471908,0.1404218001316113,144.0,-1.0,False
2025|line=40|event=684|date=20250606|station=61008,61008,20250606,2025,9,17283.0,17360.0,78,78,-10.683517977528084,0.0677268487021546,144.0,-1.0,False
2025|line=40|event=684|date=20250606|station=61008,61008,20250606,2025,10,17417.0,18290.0,874,874,-10.896178651685377,0.1235927281864731,144.0,-1.0,False
2025|line=40|event=684|date=20250606|station=61008,61008,20250606,2025,11,18319.0,18908.0,590,590,-9.66212247191011,0.1350334806927167,144.0,-1.0,False
2025|line=40|event=684|date=20250606|station=61008,61008,20250606,2025,12,19006.0,19123.0,118,118,-8.924340449438205,0.0949451267089511,144.0,-1.0,False
2025|line=40|event=684|date=20250606|station=61008,61008,20250606,2025,13,19210.0,20068.0,859,859,-8.238961797752808,0.2438758204564434,144.0,-1.0,False
2025|line=40|event=684|date=20250606|station=61008,61008,20250606,2025,14,20099.0,20185.0,87,87,-7.556402247191002,0.1098919897013036,144.0,-1.0,False
2025|line=40|event=684|date=20250606|station=61008,61008,20250606,2025,15,20269.0,20467.0,199,199,-6.36294606741572,0.1358729547886353,144.0,-1.0,False
2025|line=40|event=684|date=20250606|station=61008,61008,20250606,2025,16,20480.0,20897.0,418,418,-6.291673033707866,0.1383253552435799,144.0,-1.0,False
2025|line=40|event=684|date=20250606|station=61008,61008,20250606,2025,17,20933.0,21034.0,102,102,-5.793223595505623,0.1203668119902413,144.0,-1.0,False
2025|line=40|event=684|date=20250606|station=61008,61008,20250606,2025,18,21044.0,21122.0,79,79,-5.474755056179774,0.1279855555736951,144.0,-1.0,False
2025|line=40|event=684|date=20250606|station=61008,61008,20250606,2025,19,21142.0,21255.0,114,114,-5.255201123595512,0.0657924590202202,144.0,-1.0,False
2025|line=40|event=684|date=20250606|station=61008,61008,20250606,2025,20,21285.0,21618.0,334,334,-4.905225842696623,0.094132072365328,144.0,-1.0,False
2025|line=40|event=684|date=20250606|station=61008,61008,20250606,2025,21,21794.0,21934.0,141,141,-4.283961797752809,0.1201375574650171,144.0,-1.0,False
2025|line=40|event=684|date=20250606|station=61008,61008,20250606,2025,22,21963.0,22096.0,134,134,-3.747891011235936,0.0897570258923632,144.0,-1.0,False
2025|line=40|event=684|date=20250606|station=61008,61008,20250606,2025,23,22115.0,22346.0,232,232,-3.262693258426964,0.1264625683246534,144.0,-1.0,False
2025|line=40|event=684|date=20250606|station=61008,61008,20250606,2025,24,22381.0,22477.0,97,97,-2.7853213483145964,0.0778241945401502,144.0,-1.0,False
2025|line=40|event=684|date=20250606|station=61008,61008,20250606,2025,25,22610.0,22837.0,228,228,-2.3364370786516986,0.0968065440709998,144.0,-1.0,False
2025|line=40|event=684|date=20250606|station=61008,61008,20250606,2025,26,22846.0,23012.0,167,167,-2.010152808988764,0.1138851271110392,144.0,-1.0,False
2025|line=40|event=684|date=20250606|station=61008,61008,20250606,2025,27,23039.0,23100.0,62,62,-1.6473404494381896,0.0905122829342843,144.0,-1.0,False
2025|line=40|event=685|date=20250606|station=61008,61008,20250606,2025,1,25711.0,25800.0,90,90,-1.126443345323736,0.1295135543249446,42.0,-1.0,False
2025|line=40|event=685|date=20250606|station=61008,61008,20250606,2025,2,25818.0,25884.0,67,67,-0.9945593525179816,0.1143903114906172,42.0,-1.0,False
2025|line=40|event=685|date=20250606|station=61008,61008,20250606,2025,3,25953.0,26063.0,111,111,-1.0833992805755486,0.1203036085796366,42.0,-1.0,False
2025|line=40|event=685|date=20250606|station=61008,61008,20250606,2025,4,26243.0,26312.0,70,70,-1.099051258992816,0.0591883844704196,42.0,-1.0,False
2025|line=40|event=685|date=20250606|station=61008,61008,20250606,2025,5,26314.0,26411.0,98,98,-1.0125314748201362,0.1199746735107946,42.0,-1.0,False
2025|line=40|event=685|date=20250606|station=61008,61008,20250606,2025,6,26431.0,26617.0,187,187,-0.7626438848920856,0.129658307517136,42.0,-1.0,False
2025|line=40|event=685|date=20250606|station=61008,61008,20250606,2025,7,26657.0,26771.0,115,115,-0.7774820143884966,0.1226356480530782,42.0,-1.0,False
2025|line=40|event=685|date=20250606|station=61008,61008,20250606,2025,8,26811.0,26897.0,87,87,-0.5526258992805708,0.0743036218338999,42.0,-1.0,False
2025|line=40|event=685|date=20250606|station=61008,61008,20250606,2025,9,27011.0,27762.0,752,752,0.3851303956834471,0.1756286508315938,42.0,-1.0,False
2025|line=40|event=685|date=20250606|station=61008,61008,20250606,2025,10,27784.0,27998.0,215,215,-0.5880845323740971,0.0807250566272146,42.0,-1.0,False
2025|line=40|event=685|date=20250606|station=61008,61008,20250606,2025,11,28031.0,28170.0,140,140,-0.5401034172661952,0.1489844582692448,42.0,-1.0,False
2025|line=40|event=686|date=20250606|station=61008,61008,20250606,2025,1,35137.0,35296.0,160,160,1.9342489495798247,0.0865272816693666,76.0,0.9,False
2025|line=40|event=686|date=20250606|station=61008,61008,20250606,2025,2,35309.0,35397.0,89,89,1.960241596638653,0.1698103655504027,76.0,0.9,False
2025|line=40|event=686|date=20250606|station=61008,61008,20250606,2025,3,35424.0,35754.0,331,331,2.1316281512605,0.143123150575011,76.0,0.9,False
2025|line=40|event=686|date=20250606|station=61008,61008,20250606,2025,4,35759.0,36151.0,393,393,2.435388655462191,0.1670022812526351,76.0,0.9,False
2025|line=40|event=686|date=20250606|station=61008,61008,20250606,2025,5,36274.0,36593.0,320,320,2.69178046218488,0.1421079147322313,76.0,0.9,False
2025|line=40|event=686|date=20250606|station=61008,61008,20250606,2025,6,36609.0,36707.0,99,99,2.786764705882348,0.1099650311774116,76.0,0.9,False
2025|line=40|event=686|date=20250606|station=61008,61008,20250606,2025,7,36776.0,36847.0,72,72,2.782221638655457,0.1169303134205196,76.0,0.9,False
2025|line=40|event=686|date=20250606|station=61008,61008,20250606,2025,8,37008.0,37548.0,541,541,2.3319327731092443,0.1374446181650672,76.0,0.9,False
2025|line=40|event=686|date=20250606|station=61008,61008,20250606,2025,9,37634.0,37979.0,346,346,2.046160714285719,0.13647410587025,76.0,0.9,False
2025|line=40|event=686|date=20250606|station=61008,61008,20250606,2025,10,37991.0,38795.0,805,805,1.462678571428583,0.1532086781394308,76.0,0.9,False
2025|line=40|event=686|date=20250606|station=61008,61008,20250606,2025,11,38815.0,38877.0,63,63,0.7248739495798304,0.131150383288034,76.0,0.9,False
2025|line=40|event=686|date=20250606|station=61008,61008,20250606,2025,12,38879.0,39000.0,122,122,1.0869275210084055,0.100979158603486,76.0,0.9,False
2025|line=40|event=687|date=20250606|station=61008,61008,20250606,2025,1,41480.0,41541.0,62,62,0.8250000000000028,0.1024858289538217,29.0,0.9,False
2025|line=40|event=687|date=20250606|station=61008,61008,20250606,2025,2,41586.0,42638.0,1053,1053,0.4099999999999966,0.1379141622651644,29.0,0.9,False
2025|line=40|event=687|date=20250606|station=61008,61008,20250606,2025,3,42654.0,42840.0,187,187,-0.5099999999999909,0.133464668970507,29.0,0.9,False
2025|line=40|event=688|date=20250606|station=61008,61008,20250606,2025,1,47729.0,47832.0,104,104,1.854999999999989,0.1241156869086145,8.0,1.8,False
2025|line=40|event=688|date=20250606|station=61008,61008,20250606,2025,2,47834.0,48163.0,330,330,1.4949999999999903,0.088147941046859,8.0,1.8,False
2025|line=40|event=689|date=20250606|station=61008,61008,20250606,2025,1,48545.0,48729.0,185,185,-1.595000000000013,0.1233818955713342,8.0,-1.8,False
2025|line=40|event=689|date=20250606|station=61008,61008,20250606,2025,2,48772.0,48908.0,137,137,-0.9950000000000044,0.0943241033860907,8.0,-1.8,False
2025|line=40|event=692|date=20250606|station=61008,61008,20250606,2025,1,53162.0,54186.0,1025,1025,2.230000000000004,0.1627207995256158,20.0,2.0,False
2025|line=40|event=692|date=20250606|station=61008,61008,20250606,2025,2,54200.0,54343.0,144,144,2.3149999999999977,0.1162655084706806,20.0,2.0,False
2025|line=40|event=693|date=20250606|station=61008,61008,20250606,2025,1,54810.0,54948.0,139,139,2.049999999999997,0.0941928572969711,17.0,1.9,False
2025|line=40|event=693|date=20250606|station=61008,61008,20250606,2025,2,54960.0,55372.0,413,413,1.980000000000004,0.1487215584029423,17.0,1.9,False
2025|line=40|event=693|date=20250606|station=61008,61008,20250606,2025,3,55405.0,55797.0,393,393,1.9399999999999973,0.1394907528161457,17.0,1.9,False
2025|line=40|event=684|date=20250606|station=61010,61010,20250606,2025,1,15076.0,15464.0,389,389,-3.156943820224712,0.1246922739271868,144.0,-0.5,False
2025|line=40|event=684|date=20250606|station=61010,61010,20250606,2025,2,15486.0,16157.0,672,672,-5.563805056179774,0.1073753163361536,144.0,-0.5,False
2025|line=40|event=684|date=20250606|station=61010,61010,20250606,2025,3,16167.0,18544.0,2378,2378,-8.370618539325832,0.273780967981319,144.0,-0.5,False
2025|line=40|event=684|date=20250606|station=61010,61010,20250606,2025,4,18563.0,18767.0,205,205,-8.753623595505616,0.0949135488561055,144.0,-0.5,False
2025|line=40|event=684|date=20250606|station=61010,61010,20250606,2025,5,18854.0,19351.0,498,498,-7.99015449438204,0.1240212649883107,144.0,-0.5,False
2025|line=40|event=684|date=20250606|station=61010,61010,20250606,2025,6,19383.0,20366.0,984,984,-6.42370730337079,0.1574815402391196,144.0,-0.5,False
2025|line=40|event=684|date=20250606|station=61010,61010,20250606,2025,7,20398.0,21255.0,858,858,-4.957518539325847,0.10764736198855,144.0,-0.5,False
2025|line=40|event=684|date=20250606|station=61010,61010,20250606,2025,8,21261.0,21465.0,205,205,-3.891441573033717,0.0955154227539739,144.0,-0.5,False
2025|line=40|event=684|date=20250606|station=61010,61010,20250606,2025,9,21496.0,21600.0,105,105,-3.489346067415738,0.1267279556921336,144.0,-0.5,False
2025|line=40|event=684|date=20250606|station=61010,61010,20250606,2025,10,21636.0,22445.0,810,810,-2.819983707865177,0.1558237572086874,144.0,-0.5,False
2025|line=40|event=684|date=20250606|station=61010,61010,20250606,2025,11,22466.0,22589.0,124,124,-2.03771067415731,0.0994226562051584,144.0,-0.5,False
2025|line=40|event=684|date=20250606|station=61010,61010,20250606,2025,12,22605.0,23100.0,496,496,-1.4397050561797613,0.1178467706736562,144.0,-0.5,False
2025|line=40|event=686|date=20250606|station=61010,61010,20250606,2025,1,34974.0,35410.0,437,437,0.6801848739495853,0.1238605970677814,76.0,0.4,False
2025|line=40|event=686|date=20250606|station=61010,61010,20250606,2025,2,35451.0,37589.0,2139,2139,0.888739495798319,0.1801263907911727,76.0,0.4,False
2025|line=40|event=686|date=20250606|station=61010,61010,20250606,2025,3,37594.0,39270.0,1677,1677,0.3658151260504212,0.1351058289005266,76.0,0.4,False
2025|line=40|event=688|date=20250606|station=61010,61010,20250606,2025,1,47822.0,48163.0,342,342,1.0700000000000074,0.1399314873261553,8.0,0.9,False
2025|line=40|event=689|date=20250606|station=61010,61010,20250606,2025,1,48702.0,48890.0,189,189,-1.6700000000000017,0.1049313683849206,8.0,-0.9,False
2025|line=40|event=692|date=20250606|station=61010,61010,20250606,2025,1,53397.0,54132.0,736,736,1.0649999999999975,0.1246468900366483,20.0,0.9,False
2025|line=40|event=692|date=20250606|station=61010,61010,20250606,2025,2,54165.0,54343.0,179,179,1.394999999999996,0.0769357834898063,20.0,0.9,False
2025|line=40|event=693|date=20250606|station=61010,61010,20250606,2025,1,54991.0,55824.0,834,834,1.3199999999999932,0.1190439364148293,17.0,0.9,False
2025|line=40|event=684|date=20250606|station=61160,61160,20250606,2025,1,18757.0,20447.0,1691,1691,-7.458076404494378,0.2788410545466803,144.0,-0.5,False
2025|line=40|event=684|date=20250606|station=61160,61160,20250606,2025,2,20487.0,22549.0,2063,2063,-3.9446876404494304,0.1547955117568917,144.0,-0.5,False
2025|line=40|event=684|date=20250606|station=61160,61160,20250606,2025,3,22558.0,23100.0,543,543,-1.726079775280894,0.1149821725202193,144.0,-0.5,False
2025|line=40|event=686|date=20250606|station=61160,61160,20250606,2025,1,35016.0,39192.0,4177,4177,0.6916932773109181,0.2749423387118411,76.0,0.5,False
2025|line=40|event=688|date=20250606|station=61160,61160,20250606,2025,1,47832.0,48163.0,332,332,1.5300000000000011,0.1020041765608324,8.0,0.9,False
2025|line=40|event=689|date=20250606|station=61160,61160,20250606,2025,1,48654.0,48917.0,264,264,-2.4399999999999977,0.108076092532345,8.0,-0.9,False
2025|line=40|event=692|date=20250606|station=61160,61160,20250606,2025,1,53326.0,54343.0,1018,1018,1.4599999999999935,0.1246100808165324,20.0,1.0,False
2025|line=40|event=693|date=20250606|station=61160,61160,20250606,2025,1,54982.0,55903.0,922,922,1.9399999999999973,0.1361463070219549,17.0,1.0,False
2025|line=40|event=692|date=20250606|station=62171,62171,20250606,2025,1,53393.0,53480.0,88,88,-0.735000000000003,0.0407230348475307,20.0,-0.4,False
2025|line=40|event=692|date=20250606|station=62171,62171,20250606,2025,2,53508.0,54159.0,652,652,-0.8450000000000024,0.105014355872201,20.0,-0.4,False
2025|line=40|event=696|date=20250607|station=42005,42005,20250607,2025,1,10578.0,11735.0,1158,1158,-0.6420103211009174,0.2763061697394682,33.0,-1.8,False
2025|line=40|event=696|date=20250607|station=42005,42005,20250607,2025,2,11749.0,12583.0,835,835,-0.6746238532110089,0.0398513683629657,33.0,-1.8,False
2025|line=40|event=701|date=20250607|station=42005,42005,20250607,2025,1,32191.0,33109.0,919,919,5.129999999999999,0.1593099261310251,29.0,1.8,False
2025|line=40|event=703|date=20250607|station=42005,42005,20250607,2025,1,39522.0,40303.0,782,782,3.3500000000000014,0.0703960242537306,21.0,1.8,False
2025|line=40|event=704|date=20250607|station=42005,42005,20250607,2025,1,40956.0,41461.0,506,506,2.4549999999999983,0.1753091955321677,16.0,1.8,False
2025|line=40|event=705|date=20250607|station=42005,42005,20250607,2025,1,42909.0,43303.0,395,395,2.894999999999996,0.0637732803839898,13.0,1.6,False
2025|line=40|event=706|date=20250607|station=42005,42005,20250607,2025,1,49939.0,50808.0,870,870,3.2,0.1787467341015231,21.0,1.7,False
2025|line=40|event=696|date=20250607|station=43002,43002,20250607,2025,1,10674.0,12583.0,1910,1910,-2.3968142201835008,0.0871882184953649,33.0,-2.6,False
2025|line=40|event=697|date=20250607|station=43002,43002,20250607,2025,1,13504.0,14670.0,1167,1167,-2.089999999999975,0.0788280471832758,21.0,-2.6,False
2025|line=40|event=699|date=20250607|station=43002,43002,20250607,2025,1,20015.0,20208.0,194,194,1.3799999999999957,0.0627589687291538,5.0,1.0,False
2025|line=40|event=700|date=20250607|station=43002,43002,20250607,2025,1,21412.0,22171.0,760,760,-2.75,0.0974949249229734,14.0,-2.5,False
2025|line=40|event=701|date=20250607|station=43002,43002,20250607,2025,1,31440.0,31973.0,534,534,2.75,0.1435989301092106,29.0,2.5,False
2025|line=40|event=701|date=20250607|station=43002,43002,20250607,2025,2,32005.0,32109.0,105,105,1.879999999999996,0.0619508570151084,29.0,2.5,False
2025|line=40|event=701|date=20250607|station=43002,43002,20250607,2025,3,32151.0,33106.0,956,956,3.2099999999999795,0.1122690077963883,29.0,2.5,False
2025|line=40|event=703|date=20250607|station=43002,43002,20250607,2025,1,39136.0,40286.0,1151,1151,2.650000000000034,0.095471110587142,21.0,2.6,False
2025|line=40|event=704|date=20250607|station=43002,43002,20250607,2025,1,40885.0,41432.0,548,548,3.660000000000025,0.1233387434149129,16.0,2.6,False
2025|line=40|event=705|date=20250607|station=43002,43002,20250607,2025,1,42620.0,43274.0,655,655,3.0,0.0808451284019211,13.0,2.3,False
2025|line=40|event=706|date=20250607|station=43002,43002,20250607,2025,1,49659.0,50813.0,1155,1155,2.8149999999999977,0.0660199402055777,21.0,2.5,False
2025|line=40|event=707|date=20250607|station=43002,43002,20250607,2025,1,51654.0,52258.0,605,605,2.7199999999999704,0.1062077800208692,11.0,2.6,False
2025|line=40|event=708|date=20250607|station=43002,43002,20250607,2025,1,53143.0,53646.0,504,504,2.470000000000028,0.0869188146289076,10.0,2.5,False
2025|line=40|event=700|date=20250607|station=50008,50008,20250607,2025,1,22034.0,22133.0,100,100,3.52,0.0820005197820382,14.0,-0.4,False
2025|line=40|event=696|date=20250607|station=50009,50009,20250607,2025,1,10845.0,12419.0,1575,1575,-1.9448623853210727,0.1894720569116667,33.0,-1.2,False
2025|line=40|event=697|date=20250607|station=50009,50009,20250607,2025,1,13474.0,14340.0,867,867,-0.5500000000000114,0.1300427929731474,21.0,-1.2,False
2025|line=40|event=701|date=20250607|station=50009,50009,20250607,2025,1,32051.0,32166.0,116,116,3.969999999999999,0.1270579960475164,29.0,1.2,False
2025|line=40|event=701|date=20250607|station=50009,50009,20250607,2025,2,32212.0,32866.0,655,655,3.050000000000012,0.1947378703309914,29.0,1.2,False
2025|line=40|event=703|date=20250607|station=50009,50009,20250607,2025,1,39340.0,40294.0,955,955,1.8899999999999864,0.1233413874904767,21.0,1.2,False
2025|line=40|event=704|date=20250607|station=50009,50009,20250607,2025,1,40747.0,41169.0,423,423,2.390000000000015,0.0853518065640366,16.0,1.2,False
2025|line=40|event=705|date=20250607|station=50009,50009,20250607,2025,1,42609.0,43282.0,674,674,1.5800000000000125,0.1158635259503826,13.0,1.1,False
2025|line=40|event=706|date=20250607|station=50009,50009,20250607,2025,1,49761.0,50833.0,1073,1073,1.789999999999992,0.0852511223051515,21.0,1.1,False
2025|line=40|event=707|date=20250607|station=50009,50009,20250607,2025,1,51637.0,51982.0,346,346,0.5,0.0982196694238842,11.0,1.2,False
2025|line=40|event=708|date=20250607|station=50009,50009,20250607,2025,1,53149.0,53537.0,389,389,0.8299999999999841,0.0682109110574065,10.0,1.1,False
2025|line=40|event=696|date=20250607|station=51020,51020,20250607,2025,1,10682.0,11096.0,415,415,-0.834690366972481,0.0575315292650562,33.0,-0.6,False
2025|line=40|event=696|date=20250607|station=51020,51020,20250607,2025,2,11464.0,12567.0,1104,1104,-0.6719552752293652,0.0636014366645139,33.0,-0.6,False
2025|line=40|event=696|date=20250607|station=51105,51105,20250607,2025,1,10873.0,12240.0,1368,1368,-1.7566490825687993,0.1761459243997916,33.0,-1.0,False
2025|line=40|event=699|date=20250607|station=51105,51105,20250607,2025,1,20184.0,20323.0,140,140,1.7900000000000065,0.0513591013689601,5.0,0.4,False
2025|line=40|event=701|date=20250607|station=51105,51105,20250607,2025,1,32220.0,33154.0,935,935,5.160000000000004,0.2240949080482364,29.0,1.0,False
2025|line=40|event=704|date=20250607|station=51105,51105,20250607,2025,1,40575.0,40804.0,230,230,-0.6649999999999991,0.077804206229772,16.0,1.0,False
2025|line=40|event=704|date=20250607|station=51105,51105,20250607,2025,2,40818.0,41160.0,343,343,0.7299999999999969,0.0984650405405695,16.0,1.0,False
2025|line=40|event=707|date=20250607|station=51105,51105,20250607,2025,1,51702.0,52285.0,584,584,0.759999999999998,0.1103934786124737,11.0,1.0,False
2025|line=40|event=696|date=20250607|station=61008,61008,20250607,2025,1,10639.0,10761.0,123,123,1.7898165137614654,0.1171328520486931,33.0,1.9,False
2025|line=40|event=696|date=20250607|station=61008,61008,20250607,2025,2,10772.0,11216.0,445,445,1.7075596330275218,0.1105626221046942,33.0,1.9,False
2025|line=40|event=696|date=20250607|station=61008,61008,20250607,2025,3,11272.0,11448.0,177,177,1.964954128440368,0.1346172737240639,33.0,1.9,False
2025|line=40|event=696|date=20250607|station=61008,61008,20250607,2025,4,11450.0,11922.0,473,473,1.8514311926605416,0.1158549675706459,33.0,1.9,False
2025|line=40|event=696|date=20250607|station=61008,61008,20250607,2025,5,11959.0,12196.0,238,238,1.937660550458709,0.1190505067722344,33.0,1.9,False
2025|line=40|event=696|date=20250607|station=61008,61008,20250607,2025,6,12215.0,12541.0,327,327,2.0353027522935747,0.1520804981704109,33.0,1.9,False
2025|line=40|event=697|date=20250607|station=61008,61008,20250607,2025,1,13909.0,14003.0,95,95,3.719999999999999,0.0969759275488419,21.0,1.9,False
2025|line=40|event=697|date=20250607|station=61008,61008,20250607,2025,2,14069.0,14233.0,165,165,3.9099999999999966,0.1210699845980898,21.0,1.9,False
2025|line=40|event=697|date=20250607|station=61008,61008,20250607,2025,3,14251.0,14401.0,151,151,4.339999999999996,0.1302039763805076,21.0,1.9,False
2025|line=40|event=697|date=20250607|station=61008,61008,20250607,2025,4,14442.0,14542.0,101,101,4.600000000000001,0.1340879922705215,21.0,1.9,False
2025|line=40|event=700|date=20250607|station=61008,61008,20250607,2025,1,21377.0,21440.0,64,64,1.624999999999993,0.0703878229026921,14.0,1.9,False
2025|line=40|event=700|date=20250607|station=61008,61008,20250607,2025,2,21466.0,21527.0,62,62,1.1999999999999955,0.1097159672410652,14.0,1.9,False
2025|line=40|event=700|date=20250607|station=61008,61008,20250607,2025,3,21541.0,21607.0,67,67,1.529999999999994,0.0964998473773954,14.0,1.9,False
2025|line=40|event=700|date=20250607|station=61008,61008,20250607,2025,4,21637.0,21699.0,63,63,1.0599999999999952,0.0383710851114241,14.0,1.9,False
2025|line=40|event=700|date=20250607|station=61008,61008,20250607,2025,5,21864.0,22014.0,151,151,1.259999999999998,0.1098104615226011,14.0,1.9,False
2025|line=40|event=701|date=20250607|station=61008,61008,20250607,2025,1,31397.0,31504.0,108,108,-0.855000000000004,0.0797646548363109,29.0,-1.9,False
2025|line=40|event=701|date=20250607|station=61008,61008,20250607,2025,2,31529.0,31614.0,86,86,-0.4849999999999994,0.0735320587747878,29.0,-1.9,False
2025|line=40|event=701|date=20250607|station=61008,61008,20250607,2025,3,31642.0,31917.0,276,276,0.4249999999999971,0.1193318477952044,29.0,-1.9,False
2025|line=40|event=701|date=20250607|station=61008,61008,20250607,2025,4,32006.0,32080.0,75,75,-0.5049999999999955,0.1168082057368144,29.0,-1.9,False
2025|line=40|event=701|date=20250607|station=61008,61008,20250607,2025,5,32217.0,32326.0,110,110,1.5049999999999957,0.0872772449972399,29.0,-1.9,False
2025|line=40|event=701|date=20250607|station=61008,61008,20250607,2025,6,32363.0,32442.0,80,80,2.125,0.0974188162767749,29.0,-1.9,False
2025|line=40|event=701|date=20250607|station=61008,61008,20250607,2025,7,32487.0,32645.0,159,159,3.0250000000000057,0.091759348360836,29.0,-1.9,False
2025|line=40|event=703|date=20250607|station=61008,61008,20250607,2025,1,39444.0,39867.0,424,424,-1.0799999999999983,0.1973768054058343,21.0,-2.0,False
2025|line=40|event=703|date=20250607|station=61008,61008,20250607,2025,2,39896.0,40286.0,391,391,-1.3100000000000025,0.1475134710020802,21.0,-2.0,False
2025|line=40|event=704|date=20250607|station=61008,61008,20250607,2025,1,40605.0,40694.0,90,90,-3.799999999999997,0.095021418154205,16.0,-1.9,False
2025|line=40|event=704|date=20250607|station=61008,61008,20250607,2025,2,40820.0,40915.0,96,96,-3.4099999999999966,0.0906014778536764,16.0,-1.9,False
2025|line=40|event=704|date=20250607|station=61008,61008,20250607,2025,3,40965.0,41045.0,81,81,-2.739999999999995,0.1004110390657191,16.0,-1.9,False
2025|line=40|event=704|date=20250607|station=61008,61008,20250607,2025,4,41080.0,41303.0,224,224,-1.840000000000004,0.0988723206146866,16.0,-1.9,False
2025|line=40|event=705|date=20250607|station=61008,61008,20250607,2025,1,42574.0,42900.0,327,327,-2.3349999999999937,0.1160617347734992,13.0,-1.8,False
2025|line=40|event=705|date=20250607|station=61008,61008,20250607,2025,2,42943.0,43275.0,333,333,-2.0549999999999926,0.1564933726633043,13.0,-1.8,False
2025|line=40|event=706|date=20250607|station=61008,61008,20250607,2025,1,49640.0,49837.0,198,198,-2.050000000000012,0.1508551202082115,21.0,-1.9,False
2025|line=40|event=706|date=20250607|station=61008,61008,20250607,2025,2,50073.0,50282.0,210,210,-2.265000000000015,0.1308756677083109,21.0,-1.9,False
2025|line=40|event=706|date=20250607|station=61008,61008,20250607,2025,3,50288.0,50812.0,525,525,-2.210000000000008,0.1178583859447063,21.0,-1.9,False
2025|line=40|event=707|date=20250607|station=61008,61008,20250607,2025,1,51633.0,52049.0,417,417,-2.2900000000000063,0.1566686578380328,11.0,-2.0,False
2025|line=40|event=707|date=20250607|station=61008,61008,20250607,2025,2,52073.0,52258.0,186,186,-2.760000000000005,0.1292820089749105,11.0,-2.0,False
2025|line=40|event=708|date=20250607|station=61008,61008,20250607,2025,1,53111.0,53438.0,328,328,-2.1899999999999977,0.1568255322162627,10.0,-1.9,False
2025|line=40|event=708|date=20250607|station=61008,61008,20250607,2025,2,53473.0,53581.0,109,109,-2.390000000000001,0.0652659990062704,10.0,-1.9,False
2025|line=40|event=697|date=20250607|station=61010,61010,20250607,2025,1,14253.0,14651.0,399,399,3.730000000000004,0.1485767574640422,21.0,0.9,False
2025|line=40|event=700|date=20250607|station=61010,61010,20250607,2025,1,21856.0,22117.0,262,262,3.2249999999999943,0.1213398384664576,14.0,0.9,False
2025|line=40|event=703|date=20250607|station=61010,61010,20250607,2025,1,39222.0,39613.0,392,392,-1.0700000000000074,0.146930236241555,21.0,-0.9,False
2025|line=40|event=703|date=20250607|station=61010,61010,20250607,2025,2,39648.0,40266.0,619,619,-0.9200000000000016,0.1392307087160049,21.0,-0.9,False
2025|line=40|event=706|date=20250607|station=61010,61010,20250607,2025,1,49811.0,50807.0,997,997,-1.2199999999999989,0.1279646319699913,21.0,-0.9,False
2025|line=40|event=707|date=20250607|station=61010,61010,20250607,2025,1,51952.0,52256.0,305,305,-2.049999999999997,0.0778684735604113,11.0,-0.9,False
2025|line=40|event=708|date=20250607|station=61010,61010,20250607,2025,1,53291.0,53635.0,345,345,-1.1550000000000011,0.1008497329092516,10.0,-0.9,False
2025|line=40|event=697|date=20250607|station=61160,61160,20250607,2025,1,14143.0,14683.0,541,541,3.77000000000001,0.1110024870147754,21.0,1.0,False
2025|line=40|event=700|date=20250607|station=61160,61160,20250607,2025,1,21840.0,22093.0,254,254,4.5,0.1182549843161429,14.0,1.0,False
2025|line=40|event=701|date=20250607|station=61160,61160,20250607,2025,1,31411.0,31749.0,339,339,-0.605000000000004,0.0840223348678887,29.0,-1.0,False
2025|line=40|event=701|date=20250607|station=61160,61160,20250607,2025,2,31780.0,31912.0,133,133,0.0150000000000005,0.0805272843921869,29.0,-1.0,False
2025|line=40|event=701|date=20250607|station=61160,61160,20250607,2025,3,32012.0,32079.0,68,68,2.2849999999999966,0.0266850789174888,29.0,-1.0,False
2025|line=40|event=701|date=20250607|station=61160,61160,20250607,2025,4,32261.0,33064.0,804,804,1.1850000000000025,0.1565267984817654,29.0,-1.0,False
2025|line=40|event=703|date=20250607|station=61160,61160,20250607,2025,1,39210.0,40276.0,1067,1067,-1.509999999999991,0.1551279317948088,21.0,-1.0,False
2025|line=40|event=704|date=20250607|station=61160,61160,20250607,2025,1,40570.0,40724.0,155,155,0.7800000000000011,0.050471572985529,16.0,-1.0,False
2025|line=40|event=704|date=20250607|station=61160,61160,20250607,2025,2,40845.0,41160.0,316,316,-1.1300000000000097,0.0772416792243071,16.0,-1.0,False
2025|line=40|event=705|date=20250607|station=61160,61160,20250607,2025,1,42705.0,42915.0,211,211,-1.25,0.0647961172658161,13.0,-0.9,False
2025|line=40|event=705|date=20250607|station=61160,61160,20250607,2025,2,42929.0,43274.0,346,346,-1.5999999999999943,0.1136106443787597,13.0,-0.9,False
2025|line=40|event=706|date=20250607|station=61160,61160,20250607,2025,1,50112.0,50714.0,603,603,-2.1300000000000097,0.1350617406109581,21.0,-1.0,False
2025|line=40|event=707|date=20250607|station=61160,61160,20250607,2025,1,51866.0,52280.0,415,415,-2.200000000000003,0.0706196311070529,11.0,-1.0,False
2025|line=40|event=708|date=20250607|station=61160,61160,20250607,2025,1,53266.0,53663.0,398,398,-1.9099999999999968,0.0524024093222187,10.0,-1.0,False
2025|line=40|event=697|date=20250607|station=62151,62151,20250607,2025,1,13977.0,14396.0,420,420,-1.1599999999999966,0.0850576120210275,21.0,-0.6,False
2025|line=40|event=697|date=20250607|station=62151,62151,20250607,2025,2,14453.0,14683.0,231,231,-1.3699999999999974,0.0804416593007575,21.0,-0.6,False
2025|line=40|event=706|date=20250607|station=62151,62151,20250607,2025,1,49728.0,50520.0,793,793,0.6099999999999994,0.0766485480859949,21.0,0.6,False
2025|line=40|event=711|date=20250608|station=42005,42005,20250608,2025,1,20367.0,20600.0,234,234,-0.5600000000000005,0.0871001719292701,14.0,-0.8,False
2025|line=40|event=711|date=20250608|station=42005,42005,20250608,2025,2,20641.0,20888.0,248,248,-0.5800000000000001,0.0703691906032351,14.0,-0.8,False
2025|line=40|event=720|date=20250608|station=42005,42005,20250608,2025,1,33798.0,34296.0,499,499,-0.3299999999999983,0.0933283896955316,11.0,-0.4,False
2025|line=40|event=710|date=20250608|station=43002,43002,20250608,2025,1,4974.0,5580.0,607,607,0.7400000000000091,0.0812695280933508,17.0,2.5,False
2025|line=40|event=711|date=20250608|station=43002,43002,20250608,2025,1,20292.0,20718.0,427,427,-0.9099999999999682,0.0928612185972028,14.0,-1.1,False
2025|line=40|event=718|date=20250608|station=43002,43002,20250608,2025,1,30323.0,30497.0,175,175,-0.9000000000000341,0.0585764331854262,5.0,-1.2,False
2025|line=40|event=719|date=20250608|station=43002,43002,20250608,2025,1,32785.0,33262.0,478,478,1.079999999999984,0.1109954532158303,12.0,1.3,False
2025|line=40|event=723|date=20250608|station=43002,43002,20250608,2025,1,51803.0,51897.0,95,95,1.9050000000000296,0.037628741699948,6.0,1.1,False
2025|line=40|event=724|date=20250608|station=43002,43002,20250608,2025,1,52399.0,52482.0,84,84,1.150000000000034,0.0345276261449457,2.0,1.3,False
2025|line=40|event=726|date=20250608|station=43002,43002,20250608,2025,1,53210.0,53383.0,174,174,-1.4300000000000068,0.0606435635211625,4.0,-1.2,False
2025|line=40|event=710|date=20250608|station=50009,50009,20250608,2025,1,4951.0,5580.0,630,630,0.3249999999999886,0.1359221791429332,17.0,1.1,False
2025|line=40|event=719|date=20250608|station=50009,50009,20250608,2025,1,33149.0,33222.0,74,74,1.3900000000000148,0.0515231526618242,12.0,0.6,False
2025|line=40|event=720|date=20250608|station=50009,50009,20250608,2025,1,33798.0,34169.0,372,372,-0.2400000000000091,0.0958212851902799,11.0,-0.2,False
2025|line=40|event=710|date=20250608|station=51020,51020,20250608,2025,1,5760.0,5923.0,164,164,-2.844999999999999,0.0355188195354116,17.0,0.6,False
2025|line=40|event=719|date=20250608|station=51105,51105,20250608,2025,1,32853.0,33305.0,453,453,0.5799999999999983,0.1344805218756125,12.0,0.5,False
2025|line=40|event=720|date=20250608|station=51105,51105,20250608,2025,1,33798.0,34266.0,469,469,0.4300000000000068,0.1568570318393752,11.0,-0.2,False
2025|line=40|event=710|date=20250608|station=61008,61008,20250608,2025,1,5558.0,5696.0,139,139,-5.625,0.0926516225409054,17.0,-1.9,False
2025|line=40|event=710|date=20250608|station=61008,61008,20250608,2025,2,5740.0,5875.0,136,136,-6.700000000000003,0.0950851432408186,17.0,-1.9,False
2025|line=40|event=711|date=20250608|station=61008,61008,20250608,2025,1,21000.0,21096.0,97,97,2.8500000000000014,0.0678652807736831,14.0,0.8,False
2025|line=40|event=711|date=20250608|station=61008,61008,20250608,2025,2,21158.0,21239.0,82,82,4.0149999999999935,0.0846654133182184,14.0,0.8,False
2025|line=40|event=719|date=20250608|station=61008,61008,20250608,2025,1,32783.0,33151.0,369,369,-0.7299999999999898,0.1599840005921088,12.0,-1.0,False
2025|line=40|event=720|date=20250608|station=61008,61008,20250608,2025,1,34515.0,34609.0,95,95,2.469999999999999,0.0990171853916676,11.0,0.4,False
2025|line=40|event=720|date=20250608|station=61008,61008,20250608,2025,2,34675.0,34739.0,65,65,2.230000000000004,0.1005427217250323,11.0,0.4,False
2025|line=40|event=724|date=20250608|station=61008,61008,20250608,2025,1,52381.0,52471.0,91,91,-0.9500000000000028,0.1393253867777356,2.0,-1.0,False
2025|line=40|event=726|date=20250608|station=61008,61008,20250608,2025,1,53278.0,53373.0,96,96,0.7099999999999937,0.0833764608936844,4.0,0.9,False
2025|line=40|event=710|date=20250608|station=61010,61010,20250608,2025,1,5594.0,5923.0,330,330,-3.1000000000000085,0.1136865474233019,17.0,-0.9,False
2025|line=40|event=711|date=20250608|station=61010,61010,20250608,2025,1,20845.0,21112.0,268,268,2.319999999999993,0.1063237168747931,14.0,0.4,False
2025|line=40|event=711|date=20250608|station=61010,61010,20250608,2025,2,21146.0,21239.0,94,94,2.5600000000000023,0.0860601135887934,14.0,0.4,False
2025|line=40|event=726|date=20250608|station=61010,61010,20250608,2025,1,53212.0,53352.0,141,141,0.5600000000000023,0.0919526488429207,4.0,0.4,False
2025|line=40|event=710|date=20250608|station=61160,61160,20250608,2025,1,5513.0,5923.0,411,411,-2.8599999999999994,0.0674782788729342,17.0,-1.0,False
2025|line=40|event=711|date=20250608|station=61160,61160,20250608,2025,1,20728.0,21239.0,512,512,2.2900000000000063,0.0978716484145922,14.0,0.4,False
2025|line=40|event=726|date=20250608|station=61160,61160,20250608,2025,1,53204.0,53305.0,102,102,0.7650000000000148,0.0420419783914874,4.0,0.4,False
2025|line=40|event=729|date=20250609|station=42005,42005,20250609,2025,1,45482.0,45814.0,333,333,-3.0700000000000003,0.0311219711249745,13.0,-1.7,False
2025|line=40|event=727|date=20250609|station=43002,43002,20250609,2025,1,38753.0,40255.0,1503,1503,1.3199999999999932,0.0965544780864017,28.0,1.2,False
2025|line=40|event=729|date=20250609|station=43002,43002,20250609,2025,1,45242.0,45793.0,552,552,-2.800000000000012,0.0567329950065711,13.0,-2.5,False
2025|line=40|event=741|date=20250609|station=43002,43002,20250609,2025,1,56230.0,56798.0,569,569,-2.7099999999999795,0.0884462381198558,11.0,-2.4,False
2025|line=40|event=742|date=20250609|station=43002,43002,20250609,2025,1,58939.0,59198.0,260,260,-1.2099999999999795,0.0899430079918528,5.0,-1.5,False
2025|line=40|event=727|date=20250609|station=50009,50009,20250609,2025,1,38714.0,39960.0,1247,1247,1.1799999999999784,0.2750294194633025,28.0,0.5,False
2025|line=40|event=729|date=20250609|station=50009,50009,20250609,2025,1,45208.0,45571.0,364,364,-1.0300000000000011,0.0838859879501377,13.0,-1.1,False
2025|line=40|event=741|date=20250609|station=50009,50009,20250609,2025,1,56199.0,56883.0,685,685,-0.9000000000000057,0.1582704621620643,11.0,-1.1,False
2025|line=40|event=729|date=20250609|station=50023,50023,20250609,2025,1,45038.0,45499.0,462,462,-0.3999999999999772,0.1247127864002466,13.0,-0.3,False
2025|line=40|event=729|date=20250609|station=51020,51020,20250609,2025,1,45327.0,45604.0,278,278,-0.5699999999999932,0.0464780645790541,13.0,-0.6,False
2025|line=40|event=727|date=20250609|station=51105,51105,20250609,2025,1,38598.0,40303.0,1706,1706,-0.3200000000000074,0.1711630021931484,28.0,0.5,False
2025|line=40|event=729|date=20250609|station=51105,51105,20250609,2025,1,45563.0,45807.0,245,245,-1.5,0.0607633859454851,13.0,-0.9,False
2025|line=40|event=741|date=20250609|station=51105,51105,20250609,2025,1,56279.0,56794.0,516,516,-0.9899999999999948,0.1063068993239023,11.0,-0.9,False
2025|line=40|event=727|date=20250609|station=61008,61008,20250609,2025,1,38743.0,39253.0,511,511,-2.469999999999999,0.1589828480869015,28.0,-0.9,False
2025|line=40|event=727|date=20250609|station=61008,61008,20250609,2025,2,39255.0,40126.0,872,872,-2.1099999999999994,0.157424772473002,28.0,-0.9,False
2025|line=40|event=729|date=20250609|station=61008,61008,20250609,2025,1,45221.0,45588.0,368,368,1.7950000000000017,0.1184844438904339,13.0,1.9,False
2025|line=40|event=741|date=20250609|station=61008,61008,20250609,2025,1,56183.0,56418.0,236,236,1.5100000000000051,0.1118536949033699,11.0,1.8,False
2025|line=40|event=741|date=20250609|station=61008,61008,20250609,2025,2,56426.0,56811.0,386,386,1.8199999999999927,0.1294600816030161,11.0,1.8,False
2025|line=40|event=742|date=20250609|station=61008,61008,20250609,2025,1,58919.0,59167.0,249,249,1.0600000000000025,0.1434435995055136,5.0,1.1,False
2025|line=40|event=729|date=20250609|station=61010,61010,20250609,2025,1,45392.0,45841.0,450,450,1.519999999999996,0.1151513180057408,13.0,0.9,False
2025|line=40|event=741|date=20250609|station=61010,61010,20250609,2025,1,56309.0,56826.0,518,518,1.3400000000000034,0.1057530172597056,11.0,0.9,False
2025|line=40|event=729|date=20250609|station=61160,61160,20250609,2025,1,45546.0,45783.0,238,238,2.510000000000005,0.0622336126702157,13.0,1.0,False
2025|line=40|event=741|date=20250609|station=61160,61160,20250609,2025,1,56296.0,56824.0,529,529,1.7299999999999898,0.081183912643421,11.0,0.9,False
2025|line=40|event=729|date=20250609|station=62151,62151,20250609,2025,1,45262.0,45642.0,381,381,-0.6099999999999994,0.0871604464478056,13.0,-0.6,False
2025|line=40|event=743|date=20250610|station=42005,42005,20250610,2025,1,8515.0,8623.0,109,109,-2.2399999999999984,0.0560125524840703,10.0,-0.8,False
2025|line=40|event=743|date=20250610|station=43002,43002,20250610,2025,1,8369.0,8589.0,221,221,-3.4399999999999977,0.0416934763138666,10.0,-1.2,False
2025|line=40|event=746|date=20250610|station=43002,43002,20250610,2025,1,47536.0,47905.0,370,370,-1.1200000000000043,0.0637865969745346,7.0,-1.3,False
2025|line=40|event=743|date=20250610|station=50009,50009,20250610,2025,1,8388.0,8623.0,236,236,-1.879999999999996,0.1010609317633233,10.0,-0.5,False
2025|line=40|event=746|date=20250610|station=61008,61008,20250610,2025,1,47621.0,47872.0,252,252,1.2000000000000028,0.1342847043600198,7.0,1.0,False
2025|line=40|event=746|date=20250610|station=61010,61010,20250610,2025,1,47626.0,47887.0,262,262,0.6099999999999994,0.0965150911218647,7.0,0.5,False
2025|line=40|event=746|date=20250610|station=61160,61160,20250610,2025,1,47601.0,47889.0,289,289,0.7199999999999989,0.0795146563172331,7.0,0.5,False
2025|line=40|event=748|date=20250611|station=42005,42005,20250611,2025,1,20562.0,20743.0,182,182,3.344999999999999,0.0341631406752697,9.0,1.8,False
2025|line=40|event=753|date=20250611|station=42005,42005,20250611,2025,1,27446.0,28123.0,678,678,6.375,0.0712389874558237,22.0,1.8,False
2025|line=40|event=754|date=20250611|station=42005,42005,20250611,2025,1,28904.0,29010.0,107,107,-0.75,0.0195944861881525,5.0,-0.4,False
2025|line=40|event=756|date=20250611|station=42005,42005,20250611,2025,1,31845.0,35497.0,3653,3653,1.4384758064516134,0.1274497329218394,68.0,1.7,False
2025|line=40|event=757|date=20250611|station=42005,42005,20250611,2025,1,36153.0,39600.0,3448,3448,-1.621129146919429,0.2254758834369725,67.0,-1.8,False
2025|line=40|event=758|date=20250611|station=42005,42005,20250611,2025,1,43589.0,43963.0,375,375,-2.6300000000000026,0.0977207117661712,11.0,-1.8,False
2025|line=40|event=748|date=20250611|station=43002,43002,20250611,2025,1,20309.0,20743.0,435,435,2.6899999999999977,0.0668502526695621,9.0,2.6,False
2025|line=40|event=752|date=20250611|station=43002,43002,20250611,2025,1,25214.0,26111.0,898,898,-1.599999999999966,0.0707912638792219,22.0,-2.4,False
2025|line=40|event=753|date=20250611|station=43002,43002,20250611,2025,1,27257.0,28123.0,867,867,5.460000000000036,0.082173310054742,22.0,2.6,False
2025|line=40|event=755|date=20250611|station=43002,43002,20250611,2025,1,29713.0,29923.0,211,211,1.0900000000000318,0.1382507216871832,3.0,0.5,False
2025|line=40|event=756|date=20250611|station=43002,43002,20250611,2025,1,31661.0,35601.0,3941,3941,3.387571428571448,0.2733524981070054,68.0,2.5,False
2025|line=40|event=757|date=20250611|station=43002,43002,20250611,2025,1,35983.0,39913.0,3931,3931,-1.8107962085308031,0.2648171275782996,67.0,-2.5,False
2025|line=40|event=758|date=20250611|station=43002,43002,20250611,2025,1,43332.0,43898.0,567,567,-2.5,0.0679333614882346,11.0,-2.6,False
2025|line=40|event=748|date=20250611|station=50009,50009,20250611,2025,1,20344.0,20743.0,400,400,1.549999999999983,0.091834323010173,9.0,1.2,False
2025|line=40|event=752|date=20250611|station=50009,50009,20250611,2025,1,25169.0,26100.0,932,932,-0.5,0.1338747274731836,22.0,-1.1,False
2025|line=40|event=753|date=20250611|station=50009,50009,20250611,2025,1,27533.0,28123.0,591,591,4.27000000000001,0.0722258225406181,22.0,1.2,False
2025|line=40|event=756|date=20250611|station=50009,50009,20250611,2025,1,31630.0,35627.0,3998,3998,0.7523997695852813,0.1793805811865778,68.0,1.1,False
2025|line=40|event=757|date=20250611|station=50009,50009,20250611,2025,1,35966.0,39933.0,3968,3968,-0.0848418246445419,0.3804865480041466,67.0,-1.1,False
2025|line=40|event=758|date=20250611|station=50009,50009,20250611,2025,1,43352.0,43905.0,554,554,-1.049999999999983,0.1226737058669089,11.0,-1.2,False
2025|line=40|event=752|date=20250611|station=51020,51020,20250611,2025,1,25862.0,26443.0,582,582,-1.4299999999999926,0.0590459552168552,22.0,-0.6,False
2025|line=40|event=752|date=20250611|station=51105,51105,20250611,2025,1,25657.0,26257.0,601,601,-1.820000000000008,0.0847073820396365,22.0,-0.9,False
2025|line=40|event=753|date=20250611|station=51105,51105,20250611,2025,1,27566.0,28123.0,558,558,4.789999999999992,0.1677732061556573,22.0,1.0,False
2025|line=40|event=757|date=20250611|station=51105,51105,20250611,2025,1,35930.0,39943.0,4014,4014,-0.0031279620853013,0.250506825018845,67.0,-1.0,False
2025|line=40|event=758|date=20250611|station=51105,51105,20250611,2025,1,43514.0,43845.0,332,332,-0.8549999999999898,0.0732994564846853,11.0,-1.0,False
2025|line=40|event=748|date=20250611|station=61008,61008,20250611,2025,1,20272.0,20407.0,136,136,-1.8550000000000184,0.1620531990216062,9.0,-1.9,False
2025|line=40|event=748|date=20250611|station=61008,61008,20250611,2025,2,20443.0,20743.0,301,301,-1.295000000000016,0.1697755311825176,9.0,-1.9,False
2025|line=40|event=752|date=20250611|station=61008,61008,20250611,2025,1,25256.0,25473.0,218,218,2.240000000000009,0.117965850483379,22.0,1.9,False
2025|line=40|event=752|date=20250611|station=61008,61008,20250611,2025,2,25614.0,25801.0,188,188,2.385000000000005,0.0930464374425589,22.0,1.9,False
2025|line=40|event=752|date=20250611|station=61008,61008,20250611,2025,3,25814.0,26095.0,282,282,2.825000000000003,0.1276354340988108,22.0,1.9,False
2025|line=40|event=752|date=20250611|station=61008,61008,20250611,2025,4,26112.0,26263.0,152,152,3.335000000000008,0.1259958553629667,22.0,1.9,False
2025|line=40|event=752|date=20250611|station=61008,61008,20250611,2025,5,26314.0,26425.0,112,112,4.215000000000003,0.0923019189889269,22.0,1.9,False
2025|line=40|event=753|date=20250611|station=61008,61008,20250611,2025,1,26848.0,26918.0,71,71,-1.3649999999999949,0.1036624254119927,22.0,-2.0,False
2025|line=40|event=753|date=20250611|station=61008,61008,20250611,2025,2,26935.0,27289.0,355,355,-0.7049999999999983,0.137727061326915,22.0,-2.0,False
2025|line=40|event=753|date=20250611|station=61008,61008,20250611,2025,3,27375.0,27652.0,278,278,-0.0150000000000005,0.1579630803291669,22.0,-2.0,False
2025|line=40|event=753|date=20250611|station=61008,61008,20250611,2025,4,27683.0,27993.0,311,311,0.5649999999999977,0.1076761190628467,22.0,-2.0,False
2025|line=40|event=754|date=20250611|station=61008,61008,20250611,2025,1,28767.0,28909.0,143,143,1.0,0.0991800044997134,5.0,0.4,False
2025|line=40|event=756|date=20250611|station=61008,61008,20250611,2025,1,31612.0,31674.0,63,63,-2.518392857142871,0.0953314954197692,68.0,-1.9,False
2025|line=40|event=756|date=20250611|station=61008,61008,20250611,2025,2,31682.0,31795.0,114,114,-2.3259821428571428,0.1580533869534172,68.0,-1.9,False
2025|line=40|event=756|date=20250611|station=61008,61008,20250611,2025,3,31798.0,31867.0,70,70,-2.350625000000008,0.0893564973909535,68.0,-1.9,False
2025|line=40|event=756|date=20250611|station=61008,61008,20250611,2025,4,31931.0,32057.0,127,127,-2.7478571428571428,0.0769243614050313,68.0,-1.9,False
2025|line=40|event=756|date=20250611|station=61008,61008,20250611,2025,5,32078.0,32545.0,468,468,-3.011517857142863,0.1565836444479388,68.0,-1.9,False
2025|line=40|event=756|date=20250611|station=61008,61008,20250611,2025,6,32587.0,32708.0,122,122,-2.8515178571428663,0.0890851101328478,68.0,-1.9,False
2025|line=40|event=756|date=20250611|station=61008,61008,20250611,2025,7,32719.0,33261.0,543,543,-2.384285714285724,0.1309663857412445,68.0,-1.9,False
2025|line=40|event=756|date=20250611|station=61008,61008,20250611,2025,8,33293.0,33371.0,79,79,-2.216071428571439,0.1428473521069559,68.0,-1.9,False
2025|line=40|event=756|date=20250611|station=61008,61008,20250611,2025,9,33418.0,33615.0,198,198,-1.7234821428571363,0.1626700976057888,68.0,-1.9,False
2025|line=40|event=756|date=20250611|station=61008,61008,20250611,2025,10,33642.0,33762.0,121,121,-1.5328571428571536,0.0850003729890759,68.0,-1.9,False
2025|line=40|event=756|date=20250611|station=61008,61008,20250611,2025,11,33797.0,34741.0,945,945,-1.3066071428571462,0.1324170613161713,68.0,-1.9,False
2025|line=40|event=756|date=20250611|station=61008,61008,20250611,2025,12,34781.0,34847.0,67,67,-1.247142857142876,0.077574458185157,68.0,-1.9,False
2025|line=40|event=756|date=20250611|station=61008,61008,20250611,2025,13,34963.0,35069.0,107,107,-1.3439285714285916,0.11469804715206,68.0,-1.9,False
2025|line=40|event=756|date=20250611|station=61008,61008,20250611,2025,14,35191.0,35275.0,85,85,-1.600178571428586,0.0860672062451745,68.0,-1.9,False
2025|line=40|event=756|date=20250611|station=61008,61008,20250611,2025,15,35296.0,35605.0,310,310,-1.867410714285711,0.1432206888000106,68.0,-1.9,False
2025|line=40|event=757|date=20250611|station=61008,61008,20250611,2025,1,36012.0,36101.0,90,90,2.209857819905224,0.1117721670372076,67.0,1.9,False
2025|line=40|event=757|date=20250611|station=61008,61008,20250611,2025,2,36146.0,36292.0,147,147,2.430545023696681,0.1104784470291894,67.0,1.9,False
2025|line=40|event=757|date=20250611|station=61008,61008,20250611,2025,3,36313.0,37207.0,895,895,3.0097867298578223,0.1481431472674866,67.0,1.9,False
2025|line=40|event=757|date=20250611|station=61008,61008,20250611,2025,4,37268.0,37383.0,116,116,3.2935781990521207,0.0732412860822367,67.0,1.9,False
2025|line=40|event=757|date=20250611|station=61008,61008,20250611,2025,5,37414.0,37651.0,238,238,3.015284360189568,0.1047424342907043,67.0,1.9,False
2025|line=40|event=757|date=20250611|station=61008,61008,20250611,2025,6,37686.0,38067.0,382,382,2.983554502369671,0.1530645684975337,67.0,1.9,False
2025|line=40|event=757|date=20250611|station=61008,61008,20250611,2025,7,38190.0,39701.0,1512,1512,2.68758293838863,0.1675623034195437,67.0,1.9,False
2025|line=40|event=757|date=20250611|station=61008,61008,20250611,2025,8,39707.0,39863.0,157,157,2.1995023696682523,0.1250654774090384,67.0,1.9,False
2025|line=40|event=758|date=20250611|station=61008,61008,20250611,2025,1,43304.0,43707.0,404,404,1.8499999999999943,0.1330487798455343,11.0,1.9,False
2025|line=40|event=758|date=20250611|station=61008,61008,20250611,2025,2,43777.0,43901.0,125,125,1.6500000000000057,0.1303679878529835,11.0,1.9,False
2025|line=40|event=752|date=20250611|station=61010,61010,20250611,2025,1,25918.0,26443.0,526,526,3.460000000000008,0.1207786862541131,22.0,0.9,False
2025|line=40|event=753|date=20250611|station=61010,61010,20250611,2025,1,26871.0,27780.0,910,910,-0.25,0.1311314263850974,22.0,-0.9,False
2025|line=40|event=757|date=20250611|station=61010,61010,20250611,2025,1,36209.0,38152.0,1944,1944,2.00134004739337,0.1777326171420126,67.0,0.9,False
2025|line=40|event=757|date=20250611|station=61010,61010,20250611,2025,2,38154.0,39600.0,1447,1447,1.3603246445497632,0.1274997428544975,67.0,0.9,False
2025|line=40|event=758|date=20250611|station=61010,61010,20250611,2025,1,43466.0,43912.0,447,447,1.2099999999999935,0.1117705522606825,11.0,0.9,False
2025|line=40|event=748|date=20250611|station=61160,61160,20250611,2025,1,20421.0,20743.0,323,323,-1.230000000000004,0.0863471059110332,9.0,-1.0,False
2025|line=40|event=752|date=20250611|station=61160,61160,20250611,2025,1,25842.0,26443.0,602,602,3.8000000000000114,0.1058106187772099,22.0,0.9,False
2025|line=40|event=753|date=20250611|station=61160,61160,20250611,2025,1,26937.0,27831.0,895,895,-0.7600000000000051,0.1328424288181986,22.0,-1.0,False
2025|line=40|event=754|date=20250611|station=61160,61160,20250611,2025,1,28893.0,29023.0,131,131,1.0600000000000025,0.0821461380817282,5.0,0.2,False
2025|line=40|event=756|date=20250611|station=61160,61160,20250611,2025,1,31790.0,35460.0,3671,3671,-1.916417050691237,0.1918396775054685,68.0,-1.0,False
2025|line=40|event=757|date=20250611|station=61160,61160,20250611,2025,1,36194.0,39600.0,3407,3407,2.122079383886259,0.2593628396851407,67.0,1.0,False
2025|line=40|event=758|date=20250611|station=61160,61160,20250611,2025,1,43490.0,43909.0,420,420,1.539999999999992,0.0664520802355024,11.0,1.0,False
2025|line=40|event=748|date=20250611|station=62151,62151,20250611,2025,1,20468.0,20743.0,276,276,0.8900000000000006,0.0738150462678626,9.0,0.6,False
2025|line=40|event=753|date=20250611|station=62151,62151,20250611,2025,1,27402.0,28123.0,722,722,1.5,0.091059193298177,22.0,0.6,False
2025|line=40|event=756|date=20250611|station=62151,62151,20250611,2025,1,31598.0,33055.0,1458,1458,0.1818709677419363,0.1032480504712447,68.0,0.6,False
2025|line=40|event=756|date=20250611|station=62151,62151,20250611,2025,2,33110.0,33590.0,481,481,0.247096774193551,0.0980296370206036,68.0,0.6,False
2025|line=40|event=756|date=20250611|station=62151,62151,20250611,2025,3,33592.0,35644.0,2053,2053,0.0437419354838652,0.1236854079109437,68.0,0.6,False
2025|line=40|event=758|date=20250611|station=62151,62151,20250611,2025,1,43660.0,43891.0,232,232,-0.9699999999999988,0.09688643978474,11.0,-0.6,False
2025|line=40|event=748|date=20250611|station=62171,62171,20250611,2025,1,20294.0,20457.0,164,164,0.8349999999999999,0.0635458091540791,9.0,0.4,False
2025|line=40|event=759|date=20250612|station=42005,42005,20250612,2025,1,8421.0,9043.0,623,623,-4.210000000000001,0.1450730566623194,21.0,-1.8,False
2025|line=40|event=759|date=20250612|station=43002,43002,20250612,2025,1,7967.0,8966.0,1000,1000,-3.8600000000000136,0.2590382691243556,21.0,-2.6,False
2025|line=40|event=760|date=20250612|station=43002,43002,20250612,2025,1,9382.0,10003.0,622,622,1.3199999999999932,0.0739842991333854,11.0,1.2,False
2025|line=40|event=761|date=20250612|station=43002,43002,20250612,2025,1,16889.0,17292.0,404,404,0.5300000000000296,0.0977487765065581,10.0,1.3,False
2025|line=14|event=23|date=20250612|station=44011,44011,20250612,2025,1,29448.0,30728.0,1281,1281,-6.047790816326531,0.1476675839116187,62.0,-4.6,True
2025|line=14|event=23|date=20250612|station=44011,44011,20250612,2025,2,30746.0,30805.0,60,60,-5.5379630102040815,0.1360265308015516,62.0,-4.6,True
2025|line=14|event=23|date=20250612|station=44011,44011,20250612,2025,3,30809.0,32514.0,1706,1706,-6.308672193877551,0.2213167379769583,62.0,-4.6,True
2025|line=14|event=23|date=20250612|station=44011,44011,20250612,2025,4,32558.0,33013.0,456,456,-5.72370280612245,0.1795088722723422,62.0,-4.6,True
2025|line=40|event=759|date=20250612|station=50009,50009,20250612,2025,1,8278.0,9002.0,725,725,-2.0600000000000023,0.1632883369133823,21.0,-1.2,False
2025|line=40|event=760|date=20250612|station=50009,50009,20250612,2025,1,9465.0,9891.0,427,427,0.8100000000000023,0.0958769475853155,11.0,0.6,False
2025|line=40|event=759|date=20250612|station=51105,51105,20250612,2025,1,8592.0,9043.0,452,452,-4.340000000000003,0.2254787180878227,21.0,-1.0,False
2025|line=40|event=759|date=20250612|station=61008,61008,20250612,2025,1,7791.0,8002.0,212,212,1.2549999999999957,0.0971033847921352,21.0,1.9,False
2025|line=40|event=759|date=20250612|station=61008,61008,20250612,2025,2,8137.0,8356.0,220,220,0.5349999999999966,0.1183005190393259,21.0,1.9,False
2025|line=40|event=759|date=20250612|station=61008,61008,20250612,2025,3,8405.0,8464.0,60,60,-0.1299999999999954,0.1066140361295076,21.0,1.9,False
2025|line=40|event=759|date=20250612|station=61008,61008,20250612,2025,4,8500.0,8584.0,85,85,-0.6750000000000114,0.1238641947153549,21.0,1.9,False
2025|line=40|event=759|date=20250612|station=61008,61008,20250612,2025,5,8604.0,8664.0,61,61,-1.1350000000000051,0.0872374232036518,21.0,1.9,False
2025|line=40|event=760|date=20250612|station=61008,61008,20250612,2025,1,9470.0,9897.0,428,428,-1.9300000000000068,0.1586859272446771,11.0,-0.9,False
2025|line=40|event=760|date=20250612|station=61008,61008,20250612,2025,2,9904.0,10003.0,100,100,-2.200000000000003,0.1044578637467264,11.0,-0.9,False
2025|line=40|event=761|date=20250612|station=61008,61008,20250612,2025,1,16894.0,17104.0,211,211,-1.4200000000000017,0.1240675123546497,10.0,-1.0,False
2025|line=40|event=760|date=20250612|station=61010,61010,20250612,2025,1,9886.0,10003.0,118,118,-1.5499999999999972,0.0636988317924998,11.0,-0.4,False
2025|line=40|event=759|date=20250612|station=61160,61160,20250612,2025,1,7822.0,8536.0,715,715,0.7600000000000051,0.2542037379127815,21.0,1.0,False
2025|line=40|event=759|date=20250612|station=61160,61160,20250612,2025,2,8571.0,8700.0,130,130,0.0600000000000022,0.0401394476990808,21.0,1.0,False
2025|line=40|event=760|date=20250612|station=61160,61160,20250612,2025,1,9874.0,10003.0,130,130,-1.7249999999999943,0.0471910978843584,11.0,-0.5,False
2025|line=40|event=761|date=20250612|station=61160,61160,20250612,2025,1,17165.0,17323.0,159,159,-1.3499999999999943,0.0676924219084696,10.0,-0.5,False
2025|line=40|event=759|date=20250612|station=62151,62151,20250612,2025,1,8012.0,8477.0,466,466,-0.6599999999999966,0.0851512181714082,21.0,-0.6,False
2025|line=40|event=759|date=20250612|station=62151,62151,20250612,2025,2,8534.0,9043.0,510,510,-0.9699999999999988,0.0779803038111644,21.0,-0.6,False
2025|line=40|event=763|date=20250613|station=42005,42005,20250613,2025,1,7522.0,7843.0,322,322,-5.204999999999998,0.0897728469297148,13.0,-0.9,False
2025|line=40|event=763|date=20250613|station=43002,43002,20250613,2025,1,7518.0,7795.0,278,278,-2.9600000000000364,0.1368206799949639,13.0,-1.3,False
2025|line=40|event=763|date=20250613|station=50009,50009,20250613,2025,1,7451.0,7843.0,393,393,-2.980000000000018,0.1112448746922826,13.0,-0.6,False
2025|line=40|event=762|date=20250613|station=51105,51105,20250613,2025,1,6600.0,6694.0,95,95,-2.030000000000001,0.0788353486714759,16.0,0.5,False
2025|line=40|event=763|date=20250613|station=51105,51105,20250613,2025,1,7482.0,7590.0,109,109,-1.4799999999999898,0.0652132399912207,13.0,-0.5,False
2025|line=40|event=763|date=20250613|station=51105,51105,20250613,2025,2,7631.0,7711.0,81,81,-1.9399999999999973,0.0588952622051725,13.0,-0.5,False
2025|line=40|event=763|date=20250613|station=51105,51105,20250613,2025,3,7735.0,7843.0,109,109,-1.4799999999999898,0.0571015199604967,13.0,-0.5,False
2025|line=40|event=762|date=20250613|station=61008,61008,20250613,2025,1,6078.0,6175.0,98,98,-2.4849999999999994,0.1249376088650019,16.0,-1.0,False
2025|line=40|event=762|date=20250613|station=61008,61008,20250613,2025,2,6187.0,6425.0,239,239,-2.950000000000003,0.1428517102540407,16.0,-1.0,False
2025|line=40|event=762|date=20250613|station=61008,61008,20250613,2025,3,6443.0,6562.0,120,120,-3.390000000000001,0.1149053858551825,16.0,-1.0,False
2025|line=40|event=763|date=20250613|station=61008,61008,20250613,2025,1,7118.0,7468.0,351,351,0.5600000000000023,0.1455237376925232,13.0,1.0,False
2025|line=40|event=763|date=20250613|station=61008,61008,20250613,2025,2,7474.0,7564.0,91,91,0.5499999999999972,0.0992297082785654,13.0,1.0,False
2025|line=40|event=762|date=20250613|station=61010,61010,20250613,2025,1,6464.0,6622.0,159,159,-4.390000000000001,0.1077889498047409,16.0,-0.5,False
2025|line=40|event=762|date=20250613|station=61010,61010,20250613,2025,2,6630.0,6763.0,134,134,-5.239999999999995,0.1362217565819645,16.0,-0.5,False
2025|line=40|event=762|date=20250613|station=61160,61160,20250613,2025,1,6394.0,6463.0,70,70,-4.310000000000002,0.0306581427460184,16.0,-0.5,False
2025|line=40|event=762|date=20250613|station=61160,61160,20250613,2025,2,6485.0,6612.0,128,128,-4.980000000000004,0.0811730332741889,16.0,-0.5,False
2025|line=40|event=762|date=20250613|station=61160,61160,20250613,2025,3,6647.0,6763.0,117,117,-5.780000000000001,0.043389156858847,16.0,-0.5,False
2025|line=32|event=71|date=20250614|station=44003,44003,20250614,2025,1,4891.0,4991.0,101,101,-2.001624203821848,0.1426546469798537,48.0,-1.5,False
2025|line=32|event=71|date=20250614|station=44003,44003,20250614,2025,2,5054.0,5139.0,86,86,-1.9137738853532933,0.1395950951902084,48.0,-1.5,False
2025|line=32|event=71|date=20250614|station=44003,44003,20250614,2025,3,5176.0,5248.0,73,73,-2.2732484076441324,0.1430036675814651,48.0,-1.5,False
2025|line=32|event=71|date=20250614|station=44003,44003,20250614,2025,4,5309.0,5440.0,132,132,-2.050366242041491,0.1470821909419024,48.0,-1.5,False
2025|line=32|event=71|date=20250614|station=44003,44003,20250614,2025,5,5594.0,5664.0,71,71,-1.8556369426733,0.1172889071141171,48.0,-1.5,False
2025|line=32|event=71|date=20250614|station=44003,44003,20250614,2025,6,5750.0,5826.0,77,77,-1.847770700638648,0.1365364035414844,48.0,-1.5,False
2025|line=32|event=71|date=20250614|station=44003,44003,20250614,2025,7,5947.0,6055.0,109,109,-2.03251592356537,0.1402138995933162,48.0,-1.5,False
2025|line=32|event=71|date=20250614|station=44003,44003,20250614,2025,8,6122.0,6253.0,132,132,-1.8952388535035425,0.1337026383091698,48.0,-1.5,False
2025|line=32|event=71|date=20250614|station=44003,44003,20250614,2025,9,6662.0,6938.0,277,277,-2.027452229300252,0.1483843912528338,48.0,-1.5,False
2025|line=32|event=71|date=20250614|station=44003,44003,20250614,2025,10,6949.0,7053.0,105,105,-1.919394904456567,0.1347189623225402,48.0,-1.5,False
2025|line=32|event=71|date=20250614|station=44003,44003,20250614,2025,11,7093.0,7171.0,79,79,-2.191656050956226,0.1192999631334076,48.0,-1.5,False
2025|line=32|event=71|date=20250614|station=44003,44003,20250614,2025,12,7314.0,7376.0,63,63,-2.056401273883239,0.1415732965006248,48.0,-1.5,False
2025|line=32|event=71|date=20250614|station=44003,44003,20250614,2025,13,7544.0,7645.0,102,102,-2.0788375796182663,0.1285840275928104,48.0,-1.5,False
2025|line=32|event=71|date=20250614|station=44011,44011,20250614,2025,1,4895.0,5050.0,156,156,-11.47079617834395,0.1328439217295424,48.0,-11.4,True
2025|line=32|event=71|date=20250614|station=44011,44011,20250614,2025,2,5082.0,5692.0,611,611,-11.057490445859871,0.1379507278803408,48.0,-11.4,True
2025|line=32|event=71|date=20250614|station=44011,44011,20250614,2025,3,5751.0,5928.0,178,178,-10.620292993630573,0.1252704368298047,48.0,-11.4,True
2025|line=32|event=71|date=20250614|station=44011,44011,20250614,2025,4,5938.0,6103.0,166,166,-10.532414012738853,0.134988765289607,48.0,-11.4,True
2025|line=32|event=71|date=20250614|station=44011,44011,20250614,2025,5,6107.0,6216.0,110,110,-10.351,0.1147838564945178,48.0,-11.4,True
2025|line=32|event=71|date=20250614|station=44011,44011,20250614,2025,6,6231.0,6975.0,745,745,-10.68295541401274,0.1624094226451923,48.0,-11.4,True
2025|line=32|event=71|date=20250614|station=44011,44011,20250614,2025,7,6978.0,7506.0,529,529,-10.8008025477707,0.1572880947347206,48.0,-11.4,True
2025|line=32|event=71|date=20250614|station=44011,44011,20250614,2025,8,7521.0,7645.0,125,125,-10.962063694267515,0.0898511993052394,48.0,-11.4,True
2025|line=40|event=765|date=20250615|station=43002,43002,20250615,2025,1,8987.0,10200.0,1214,1214,-0.0099999999999909,0.1808324560391471,27.0,1.4,False
2025|line=40|event=766|date=20250615|station=43002,43002,20250615,2025,1,26762.0,27763.0,1002,1002,2.430000000000007,0.1947617403991047,25.0,1.4,False
2025|line=40|event=765|date=20250615|station=61008,61008,20250615,2025,1,9233.0,9378.0,146,146,-32.010000000000005,0.1320614334558151,27.0,-1.0,False
2025|line=40|event=765|date=20250615|station=61008,61008,20250615,2025,2,9618.0,9780.0,163,163,-34.050000000000004,0.1272163578756488,27.0,-1.0,False
2025|line=40|event=766|date=20250615|station=61008,61008,20250615,2025,1,26283.0,26362.0,80,80,-0.8950000000000102,0.0853510994960527,25.0,-1.0,False
2025|line=40|event=766|date=20250615|station=61008,61008,20250615,2025,2,26409.0,26595.0,187,187,-1.7450000000000043,0.0896677212225626,25.0,-1.0,False
2025|line=40|event=766|date=20250615|station=61008,61008,20250615,2025,3,26724.0,26813.0,90,90,-1.0400000000000205,0.0989774081914039,25.0,-1.0,False
2025|line=40|event=766|date=20250615|station=61008,61008,20250615,2025,4,26860.0,27044.0,185,185,-1.9950000000000043,0.1381204634205889,25.0,-1.0,False
2025|line=40|event=766|date=20250615|station=61008,61008,20250615,2025,5,27239.0,27338.0,100,100,-1.490000000000009,0.0872547801078255,25.0,-1.0,False
2025|line=40|event=766|date=20250615|station=61008,61008,20250615,2025,6,27445.0,27504.0,60,60,-1.5,0.1089433899829964,25.0,-1.0,False
2025|line=40|event=765|date=20250615|station=61160,61160,20250615,2025,1,9780.0,10270.0,491,491,-2.640000000000001,0.0996161166069081,27.0,-0.5,False
2025|line=40|event=765|date=20250615|station=61160,61160,20250615,2025,2,10280.0,10603.0,324,324,-3.870000000000005,0.073524287594464,27.0,-0.5,False
2025|line=40|event=770|date=20250618|station=61008,61008,20250618,2025,1,51205.0,51640.0,436,436,4.0910576923077,0.1869199631343533,125.1,2.2,False
2025|line=40|event=770|date=20250618|station=61008,61008,20250618,2025,2,51650.0,51719.0,70,70,3.767167402269848,0.0639418906496889,125.1,2.2,False
2025|line=40|event=770|date=20250618|station=61008,61008,20250618,2025,3,51747.0,51917.0,171,171,4.0550535939470365,0.1526575319922389,125.1,2.2,False
2025|line=40|event=770|date=20250618|station=61008,61008,20250618,2025,4,52081.0,52227.0,147,147,3.256913619167719,0.1371186352541246,125.1,2.2,False
2025|line=40|event=770|date=20250618|station=61008,61008,20250618,2025,5,52290.0,52410.0,121,121,3.343697982345517,0.1100520834521177,125.1,2.2,False
2025|line=40|event=770|date=20250618|station=61008,61008,20250618,2025,6,52434.0,53878.0,1445,1445,4.043943883984866,0.2079896269100312,125.1,2.2,False
2025|line=40|event=770|date=20250618|station=61008,61008,20250618,2025,7,54138.0,54376.0,239,239,3.769962168978552,0.133131143027078,125.1,2.2,False
2025|line=40|event=770|date=20250618|station=61008,61008,20250618,2025,8,54525.0,54636.0,112,112,3.792715952080698,0.1163957261248966,125.1,2.2,False
2025|line=40|event=770|date=20250618|station=61008,61008,20250618,2025,9,54739.0,55669.0,931,931,4.254221311475405,0.1395771527725929,125.1,2.2,False
2025|line=40|event=770|date=20250618|station=61008,61008,20250618,2025,10,55688.0,56203.0,516,516,4.0760356242118405,0.139574161549914,125.1,2.2,False
2025|line=40|event=770|date=20250618|station=61008,61008,20250618,2025,11,56227.0,57338.0,1112,1112,3.934752522068109,0.138639971237309,125.1,2.2,False
2025|line=40|event=770|date=20250618|station=61008,61008,20250618,2025,12,57361.0,57621.0,261,261,3.126904161412355,0.1168925487617005,125.1,2.2,False
2025|line=40|event=770|date=20250618|station=61010,61010,20250618,2025,1,51162.0,51687.0,526,526,1.693630201765444,0.1546492027292969,125.1,1.0,False
2025|line=40|event=770|date=20250618|station=61010,61010,20250618,2025,2,51689.0,54559.0,2871,2871,1.7191393442622882,0.159617494672186,125.1,1.0,False
2025|line=40|event=770|date=20250618|station=61010,61010,20250618,2025,3,54571.0,57631.0,3061,3061,1.1808196721311504,0.1256151129720553,125.1,1.0,False
2025|line=40|event=770|date=20250618|station=61160,61160,20250618,2025,1,51260.0,54642.0,3383,3383,2.0757982345523374,0.2553792941405305,125.1,1.1,False
2025|line=40|event=770|date=20250618|station=61160,61160,20250618,2025,2,54667.0,57655.0,2989,2989,1.675255989911733,0.1769512772159877,125.1,1.1,False
2025|line=40|event=770|date=20250618|station=62151,62151,20250618,2025,1,51325.0,51718.0,394,394,0.2066860025220762,0.1205215721912666,125.1,-0.6,False
2025|line=40|event=770|date=20250618|station=62151,62151,20250618,2025,2,51773.0,51925.0,153,153,0.3847440100882693,0.0624548268444919,125.1,-0.6,False
2025|line=40|event=770|date=20250618|station=62151,62151,20250618,2025,3,51983.0,54487.0,2505,2505,0.4975788146279996,0.1061632799079974,125.1,-0.6,False
2025|line=40|event=770|date=20250618|station=62151,62151,20250618,2025,4,54546.0,55074.0,529,529,-0.3137452711223147,0.0709295507615765,125.1,-0.6,False
2025|line=40|event=770|date=20250618|station=62151,62151,20250618,2025,5,55131.0,56530.0,1400,1400,-0.8742698612862512,0.070986038989996,125.1,-0.6,False
2025|line=40|event=770|date=20250618|station=62151,62151,20250618,2025,6,56594.0,56827.0,234,234,-1.258343001261025,0.0691266439412588,125.1,-0.6,False
2025|line=40|event=770|date=20250618|station=62151,62151,20250618,2025,7,56919.0,57156.0,238,238,-1.3006179066834846,0.0593485306228337,125.1,-0.6,False
2025|line=40|event=770|date=20250618|station=62151,62151,20250618,2025,8,57212.0,58064.0,853,853,-1.0407894073139945,0.0806246133843218,125.1,-0.6,False
2025|line=13|event=15|date=20250621|station=43002,43002,20250621,2025,1,60918.0,63223.0,2306,2306,0.029959677419356,0.1745270288459936,37.0,0.4,False
2025|line=13|event=15|date=20250621|station=44003,44003,20250621,2025,1,61055.0,63126.0,2072,2072,-5.9638659274241945,0.129845921481543,37.0,-5.5,True
2025|line=13|event=15|date=20250621|station=44011,44011,20250621,2025,1,61118.0,63139.0,2022,2022,0.5113145161290316,0.1239109280401722,37.0,1.1,False
2025|line=13|event=15|date=20250621|station=53095,53095,20250621,2025,1,61432.0,62820.0,1389,1389,2.1866451612913806,0.1869694464129217,37.0,1.8,False
2025|line=13|event=17|date=20250623|station=44003,44003,20250623,2025,1,27680.0,28570.0,891,891,6.216754654422402,0.1563929289575286,62.88333333333333,5.9,True
2025|line=13|event=17|date=20250623|station=44003,44003,20250623,2025,2,28635.0,29337.0,703,703,5.726249681203626,0.1547908579125315,62.88333333333333,5.9,True
2025|line=13|event=17|date=20250623|station=44003,44003,20250623,2025,3,29347.0,30084.0,738,738,5.403458301450883,0.1536025581417896,62.88333333333333,5.9,True
2025|line=13|event=17|date=20250623|station=44003,44003,20250623,2025,4,30163.0,31264.0,1102,1102,5.674917112984986,0.1541215120897169,62.88333333333333,5.9,True
2025|line=13|event=17|date=20250623|station=44011,44011,20250623,2025,1,27680.0,28350.0,671,671,-1.4187821984187707,0.1303027106568802,62.88333333333333,-1.2,False
2025|line=13|event=17|date=20250623|station=44011,44011,20250623,2025,2,28359.0,30706.0,2348,2348,-1.3173144605967866,0.148807419962911,62.88333333333333,-1.2,False
2025|line=13|event=17|date=20250623|station=44011,44011,20250623,2025,3,30742.0,30982.0,241,241,-0.7570071410354503,0.0963764153264242,62.88333333333333,-1.2,False
2025|line=13|event=17|date=20250623|station=44011,44011,20250623,2025,4,31040.0,31241.0,202,202,-0.8482402448355012,0.138005525812084,62.88333333333333,-1.2,False
2025|line=13|event=17|date=20250623|station=53095,53095,20250623,2025,1,27695.0,31307.0,3613,3613,-0.1976664116300526,0.2221096478330419,62.88333333333333,-1.9,False
2025|line=27|event=57|date=20250626|station=61010,61010,20250626,2025,1,79782.0,79881.0,100,100,-0.8649999999999949,0.0971693377769981,4.0,-1.9,False
2025|line=27|event=57|date=20250626|station=61160,61160,20250626,2025,1,79733.0,79888.0,156,156,-0.8499999999999943,0.0502132564612281,4.0,-1.6,False
2025|line=27|event=58|date=20250629|station=41008,41008,20250629,2025,1,54025.0,54110.0,86,86,0.4354521829521616,0.1532149414139257,150.0,-0.6,False
2025|line=27|event=58|date=20250629|station=41008,41008,20250629,2025,2,54151.0,54212.0,62,62,0.1942671517671783,0.1529336865439584,150.0,-0.6,False
2025|line=27|event=58|date=20250629|station=41008,41008,20250629,2025,3,54423.0,54498.0,76,76,-1.0586330561330328,0.1537810230512497,150.0,-0.6,False
2025|line=27|event=58|date=20250629|station=41008,41008,20250629,2025,4,54818.0,54877.0,60,60,-0.5226559251559308,0.0940784767860729,150.0,-0.6,False
2025|line=27|event=58|date=20250629|station=41008,41008,20250629,2025,5,55521.0,55600.0,80,80,-0.4400675675675529,0.1978303910703196,150.0,-0.6,False
2025|line=27|event=58|date=20250629|station=41008,41008,20250629,2025,6,55686.0,55749.0,64,64,-0.1916995841995685,0.1001581769335383,150.0,-0.6,False
2025|line=27|event=58|date=20250629|station=41008,41008,20250629,2025,7,56053.0,56120.0,68,68,-0.2855353430353204,0.1243409539833216,150.0,-0.6,False
2025|line=27|event=58|date=20250629|station=41008,41008,20250629,2025,8,56129.0,56192.0,64,64,-0.4763045738045548,0.1467245221526646,150.0,-0.6,False
2025|line=27|event=58|date=20250629|station=41008,41008,20250629,2025,9,56531.0,56617.0,87,87,0.6593970893970891,0.1363080243488762,150.0,-0.6,False
2025|line=27|event=58|date=20250629|station=41008,41008,20250629,2025,10,56660.0,56766.0,107,107,0.1279521829521854,0.1686502112419283,150.0,-0.6,False
2025|line=27|event=58|date=20250629|station=41008,41008,20250629,2025,11,56849.0,56927.0,79,79,0.4361330561330589,0.1309346201310776,150.0,-0.6,False
2025|line=27|event=58|date=20250629|station=41008,41008,20250629,2025,12,57681.0,57848.0,168,168,1.2870218295218478,0.1483508530223518,150.0,-0.6,False
2025|line=27|event=58|date=20250629|station=41008,41008,20250629,2025,13,57972.0,58055.0,84,84,1.1744334719334688,0.1490674192517248,150.0,-0.6,False
2025|line=27|event=58|date=20250629|station=41008,41008,20250629,2025,14,58387.0,58803.0,417,417,1.2683887733887786,0.1654061534580184,150.0,-0.6,False
2025|line=27|event=58|date=20250629|station=41008,41008,20250629,2025,15,58897.0,58981.0,85,85,0.6348128898128778,0.1103501551605434,150.0,-0.6,False
2025|line=27|event=58|date=20250629|station=41008,41008,20250629,2025,16,59123.0,59213.0,91,91,1.0524324324324257,0.1080533124996422,150.0,-0.6,False
2025|line=27|event=58|date=20250629|station=41008,41008,20250629,2025,17,59281.0,59483.0,203,203,1.1302079002078926,0.1247520092440363,150.0,-0.6,False
2025|line=27|event=58|date=20250629|station=41008,41008,20250629,2025,18,59592.0,59711.0,120,120,1.042406444906419,0.1350774667475707,150.0,-0.6,False
2025|line=27|event=58|date=20250629|station=41008,41008,20250629,2025,19,59724.0,59903.0,180,180,0.9657224532224404,0.1217118840236307,150.0,-0.6,False
2025|line=27|event=58|date=20250629|station=41008,41008,20250629,2025,20,60128.0,60428.0,301,301,0.0908939708939726,0.1112636114016992,150.0,-0.6,False
2025|line=27|event=58|date=20250629|station=41008,41008,20250629,2025,21,60519.0,60813.0,295,295,0.396860706860707,0.1500440988167166,150.0,-0.6,False
2025|line=27|event=58|date=20250629|station=41008,41008,20250629,2025,22,60946.0,61072.0,127,127,-0.2867047817047989,0.1159005572516174,150.0,-0.6,False
2025|line=27|event=58|date=20250629|station=41008,41008,20250629,2025,23,61162.0,61440.0,279,279,0.5002598752598999,0.1219351665051006,150.0,-0.6,False
2025|line=27|event=58|date=20250629|station=41008,41008,20250629,2025,24,61516.0,62999.0,1484,1484,0.2703170478170307,0.2410098590815501,150.0,-0.6,False
2025|line=27|event=58|date=20250629|station=61004,61004,20250629,2025,1,54473.0,62572.0,8100,8100,8.976454002079002,0.4393885347119542,150.0,8.3,True
2025|line=5|event=1224|date=20250804|station=32001,32001,20250804,2025,1,38208.0,39140.0,933,933,-13.401182978723398,0.1215426317121986,74.0,-13.2,True
2025|line=5|event=1224|date=20250804|station=32001,32001,20250804,2025,2,39180.0,39445.0,266,266,-13.36586170212766,0.1344147919004839,74.0,-13.2,True
2025|line=5|event=1224|date=20250804|station=32001,32001,20250804,2025,3,39588.0,39745.0,158,158,-13.271278723404263,0.0628522545662029,74.0,-13.2,True
2025|line=5|event=1224|date=20250804|station=32001,32001,20250804,2025,4,39821.0,40668.0,848,848,-13.524304255319151,0.1091179365906966,74.0,-13.2,True
2025|line=5|event=1224|date=20250804|station=32001,32001,20250804,2025,5,40750.0,41242.0,493,493,-13.602731914893624,0.1110031180893305,74.0,-13.2,True
2025|line=5|event=1224|date=20250804|station=32001,32001,20250804,2025,6,41307.0,41563.0,257,257,-13.47844680851064,0.1148810061149496,74.0,-13.2,True
2025|line=5|event=1224|date=20250804|station=32001,32001,20250804,2025,7,41594.0,41821.0,228,228,-13.28337234042553,0.1381952903931854,74.0,-13.2,True
2025|line=5|event=1224|date=20250804|station=32011,32011,20250804,2025,1,38193.0,40796.0,2604,2604,-14.599204787234044,0.2198179086605245,74.0,-13.9,True
2025|line=5|event=1224|date=20250804|station=32011,32011,20250804,2025,2,40826.0,41825.0,1000,1000,-14.822071808510636,0.1260896756699926,74.0,-13.9,True
2025|line=5|event=1224|date=20250804|station=32019,32019,20250804,2025,1,38140.0,39042.0,903,903,-2.618514893617021,0.1798107927224455,74.0,-2.8,False
2025|line=5|event=1224|date=20250804|station=32019,32019,20250804,2025,2,39073.0,39483.0,411,411,-2.496034042553192,0.1147597691836105,74.0,-2.8,False
2025|line=5|event=1224|date=20250804|station=32019,32019,20250804,2025,3,39515.0,39936.0,422,422,-2.423682978723404,0.1163747374785809,74.0,-2.8,False
2025|line=5|event=1224|date=20250804|station=32019,32019,20250804,2025,4,40373.0,41838.0,1466,1466,-2.5872148936170216,0.108636941827927,74.0,-2.8,False
2025|line=5|event=1224|date=20250804|station=41004,41004,20250804,2025,1,38251.0,38969.0,719,719,-2.977680851063829,0.0686742564914574,74.0,-3.1,True
2025|line=5|event=1224|date=20250804|station=41004,41004,20250804,2025,2,39007.0,39222.0,216,216,-3.0898037234042555,0.0824028183537301,74.0,-3.1,True
2025|line=5|event=1224|date=20250804|station=41004,41004,20250804,2025,3,39277.0,39439.0,163,163,-2.9977361702127663,0.0616560326302487,74.0,-3.1,True
2025|line=5|event=1224|date=20250804|station=41004,41004,20250804,2025,4,39447.0,41811.0,2365,2365,-3.5659585106382976,0.1834841598931393,74.0,-3.1,True
2025|line=5|event=1224|date=20250804|station=41011,41011,20250804,2025,1,38198.0,38320.0,123,123,-3.8636765957446855,0.0284189482897652,74.0,-4.1,True
2025|line=5|event=1224|date=20250804|station=41011,41011,20250804,2025,2,38337.0,39932.0,1596,1596,-4.41073191489361,0.0948452533768107,74.0,-4.1,True
2025|line=5|event=1224|date=20250804|station=41011,41011,20250804,2025,3,40300.0,41778.0,1479,1479,-4.109974468085106,0.071705001209271,74.0,-4.1,True
2025|line=41|event=913|date=20250805|station=42005,42005,20250805,2025,1,29705.0,29776.0,72,72,4.345804932735426,0.0447389825237836,71.45,4.9,True
2025|line=41|event=913|date=20250805|station=42005,42005,20250805,2025,2,29779.0,33632.0,3854,3854,3.998943946188337,0.171610162984596,71.45,4.9,True
2025|line=41|event=914|date=20250805|station=42005,42005,20250805,2025,1,43344.0,51010.0,7667,7667,-4.3729576084293065,0.3013864564238308,132.68333333333334,-4.8,True
2025|line=41|event=913|date=20250805|station=50008,50008,20250805,2025,1,29547.0,32416.0,2870,2870,1.0361014573991056,0.218826863593188,71.45,1.6,False
2025|line=41|event=913|date=20250805|station=50008,50008,20250805,2025,2,32452.0,33764.0,1313,1313,1.4113508968609878,0.2125613355823362,71.45,1.6,False
2025|line=41|event=914|date=20250805|station=50008,50008,20250805,2025,1,43217.0,51106.0,7890,7890,-1.8137656211712816,0.4484789805254411,132.68333333333334,-1.5,False
2025|line=41|event=913|date=20250805|station=50023,50023,20250805,2025,1,29538.0,33760.0,4223,4223,0.472500000000025,0.4034150141850763,71.45,1.3,False
2025|line=41|event=914|date=20250805|station=50023,50023,20250805,2025,1,43201.0,45932.0,2732,2732,-1.828969002695373,0.2922863779009716,132.68333333333334,-1.3,False
2025|line=41|event=914|date=20250805|station=50023,50023,20250805,2025,2,51025.0,51105.0,81,81,-1.6078436657681436,0.0751544254500671,132.68333333333334,-1.3,False
2025|line=41|event=912|date=20250805|station=51224,51224,20250805,2025,1,25442.0,26303.0,862,862,-2.270236593059934,0.1008982156535517,203.0833333333333,-1.1,False
2025|line=41|event=913|date=20250805|station=51224,51224,20250805,2025,1,29599.0,33681.0,4083,4083,-1.4850549327354088,0.1943311776791601,71.45,-1.1,False
2025|line=41|event=914|date=20250805|station=51224,51224,20250805,2025,1,43190.0,45924.0,2735,2735,-0.0707718696397989,0.1544882822410467,132.68333333333334,1.0,False
2025|line=41|event=914|date=20250805|station=51224,51224,20250805,2025,2,45961.0,50990.0,5030,5030,-0.172523278608196,0.2554210098377491,132.68333333333334,1.0,False
2025|line=41|event=914|date=20250805|station=51224,51224,20250805,2025,3,51028.0,51104.0,77,77,0.8774430286694326,0.1099629019601274,132.68333333333334,1.0,False
2025|line=36|event=244|date=20250806|station=32001,32001,20250806,2025,1,48336.0,48405.0,70,70,90.25500000000002,0.0752022814220719,2.4833333333333334,84.6,True
2025|line=41|event=917|date=20250806|station=36001,36001,20250806,2025,1,57323.0,57391.0,69,69,0.5230103092762874,0.147037317175089,61.45,0.4,False
2025|line=41|event=917|date=20250806|station=36001,36001,20250806,2025,2,57578.0,57651.0,74,74,0.6002268041265779,0.1233089989374925,61.45,0.4,False
2025|line=41|event=916|date=20250806|station=42005,42005,20250806,2025,1,51290.0,51521.0,232,232,0.5399999999999991,0.0266878793344866,10.316666666666666,4.6,True
2025|line=41|event=915|date=20250806|station=50008,50008,20250806,2025,1,32901.0,35294.0,2394,2394,-0.7794028871391099,0.1488664151797512,79.46666666666667,-1.5,False
2025|line=41|event=915|date=20250806|station=50008,50008,20250806,2025,2,35311.0,37612.0,2302,2302,-1.2786942257217824,0.1272540675267466,79.46666666666667,-1.5,False
2025|line=41|event=916|date=20250806|station=50008,50008,20250806,2025,1,51324.0,51875.0,552,552,1.2699999999999996,0.1139495242708474,10.316666666666666,1.5,False
2025|line=41|event=917|date=20250806|station=50008,50008,20250806,2025,1,55173.0,56492.0,1320,1320,1.0920463917525751,0.1321008082661972,61.45,1.4,False
2025|line=41|event=917|date=20250806|station=50008,50008,20250806,2025,2,56615.0,58798.0,2184,2184,1.3959226804123723,0.1399167053501082,61.45,1.4,False
2025|line=41|event=915|date=20250806|station=50023,50023,20250806,2025,1,32896.0,37611.0,4716,4716,-0.6395931758530082,0.3187731440532759,79.46666666666667,-1.2,False
2025|line=41|event=916|date=20250806|station=50023,50023,20250806,2025,1,51317.0,51874.0,558,558,0.8199999999999932,0.1116844040326408,10.316666666666666,1.2,False
2025|line=41|event=917|date=20250806|station=50023,50023,20250806,2025,1,55165.0,56465.0,1301,1301,0.6904072164948047,0.1517657999022495,61.45,1.2,False
2025|line=41|event=917|date=20250806|station=50023,50023,20250806,2025,2,56634.0,57680.0,1047,1047,1.0640257731958511,0.0865755370434655,61.45,1.2,False
2025|line=41|event=917|date=20250806|station=50023,50023,20250806,2025,3,57701.0,58795.0,1095,1095,1.4145979381443112,0.1103520563750522,61.45,1.2,False
2025|line=41|event=915|date=20250806|station=51105,51105,20250806,2025,1,32901.0,37639.0,4739,4739,0.3670482535836754,0.1860290375324474,79.46666666666667,0.6,False
2025|line=41|event=915|date=20250806|station=51224,51224,20250806,2025,1,32889.0,37609.0,4721,4721,0.6733898647284491,0.1903650601854278,79.46666666666667,1.0,False
2025|line=41|event=916|date=20250806|station=51224,51224,20250806,2025,1,51305.0,51871.0,567,567,-0.6599999999999966,0.1146120878667035,10.316666666666666,-1.0,False
2025|line=41|event=917|date=20250806|station=51224,51224,20250806,2025,1,55157.0,56496.0,1340,1340,-0.7068801546391796,0.1592540073083861,61.45,-1.0,False
2025|line=41|event=917|date=20250806|station=51224,51224,20250806,2025,2,56640.0,57706.0,1067,1067,-0.5010386597938066,0.1224364337810061,61.45,-1.0,False
2025|line=41|event=917|date=20250806|station=51224,51224,20250806,2025,3,57773.0,58792.0,1020,1020,-0.6469420103092887,0.145497230615872,61.45,-1.0,False
2025|line=41|event=920|date=20250807|station=42005,42005,20250807,2025,1,5611.0,6086.0,476,476,3.933784814323612,0.1274875823333259,47.23333333333333,4.9,True
2025|line=41|event=920|date=20250807|station=42005,42005,20250807,2025,2,6122.0,8221.0,2100,2100,3.316752320954908,0.1154255049871519,47.23333333333333,4.9,True
2025|line=41|event=921|date=20250807|station=42005,42005,20250807,2025,1,11012.0,11175.0,164,164,-5.807858701979049,0.0931320566181556,168.96666666666667,-4.6,True
2025|line=41|event=920|date=20250807|station=50008,50008,20250807,2025,1,5497.0,8268.0,2772,2772,1.3192349137931032,0.13944062328397,47.23333333333333,1.6,False
2025|line=41|event=921|date=20250807|station=50008,50008,20250807,2025,1,11181.0,11273.0,93,93,-3.4567986030267743,0.0606833266468708,168.96666666666667,-1.5,False
2025|line=41|event=921|date=20250807|station=50008,50008,20250807,2025,2,11334.0,12535.0,1202,1202,-4.873857440822661,0.1142452066177782,168.96666666666667,-1.5,False
2025|line=41|event=920|date=20250807|station=50023,50023,20250807,2025,1,5492.0,8269.0,2778,2778,1.2840484084880472,0.1786497301145558,47.23333333333333,1.3,False
2025|line=41|event=921|date=20250807|station=50023,50023,20250807,2025,1,11158.0,14556.0,3399,3399,-6.089130772215697,0.4748923349464602,168.96666666666667,-1.2,False
2025|line=41|event=921|date=20250807|station=50023,50023,20250807,2025,2,14674.0,15114.0,441,441,-6.490929375242558,0.0777611393911153,168.96666666666667,-1.2,False
2025|line=41|event=921|date=20250807|station=50023,50023,20250807,2025,3,15153.0,18885.0,3733,3733,-6.376212650368643,0.1562637537641014,168.96666666666667,-1.2,False
2025|line=41|event=921|date=20250807|station=50023,50023,20250807,2025,4,18906.0,20319.0,1414,1414,-4.590616026387295,0.1508287211969983,168.96666666666667,-1.2,False
2025|line=41|event=920|date=20250807|station=51224,51224,20250807,2025,1,5758.0,5823.0,66,66,-1.7023922413793289,0.1357672770743311,47.23333333333333,-1.1,False
2025|line=41|event=920|date=20250807|station=51224,51224,20250807,2025,2,5829.0,5945.0,117,117,-1.8687068965517424,0.0932213665067418,47.23333333333333,-1.1,False
2025|line=41|event=920|date=20250807|station=51224,51224,20250807,2025,3,5952.0,7985.0,2034,2034,-1.945409482758606,0.2031433049854327,47.23333333333333,-1.1,False
2025|line=41|event=922|date=20250808|station=42005,42005,20250808,2025,1,37999.0,38527.0,529,529,4.159999999999997,0.1920467646990065,12.683333333333334,5.1,True
2025|line=41|event=923|date=20250808|station=42005,42005,20250808,2025,1,51036.0,51625.0,590,590,-10.46,0.1859869238984629,28.516666666666666,-9.1,True
2025|line=41|event=923|date=20250808|station=42005,42005,20250808,2025,2,51638.0,52312.0,675,675,-10.020000000000003,0.2515040845143327,28.516666666666666,-9.1,True
2025|line=41|event=924|date=20250808|station=42005,42005,20250808,2025,1,52977.0,54547.0,1571,1571,9.552811059907832,0.2420044823255358,44.13333333333333,8.9,True
2025|line=41|event=924|date=20250808|station=42005,42005,20250808,2025,2,54616.0,54891.0,276,276,6.706947004608296,0.18200337476101,44.13333333333333,8.9,True
2025|line=41|event=924|date=20250808|station=42005,42005,20250808,2025,3,54937.0,55257.0,321,321,7.67841013824885,0.1415409442760682,44.13333333333333,8.9,True
2025|line=41|event=922|date=20250808|station=50008,50008,20250808,2025,1,37864.0,38563.0,700,700,1.0199999999999996,0.1332929858824801,12.683333333333334,1.6,False
2025|line=41|event=923|date=20250808|station=50008,50008,20250808,2025,1,50962.0,51652.0,691,691,-2.9200000000000017,0.2397181750262162,28.516666666666666,-2.9,False
2025|line=41|event=923|date=20250808|station=50008,50008,20250808,2025,2,51911.0,52019.0,109,109,-6.240000000000002,0.0489437037647404,28.516666666666666,-2.9,False
2025|line=41|event=923|date=20250808|station=50008,50008,20250808,2025,3,52026.0,52325.0,300,300,-7.390000000000004,0.2232286821302446,28.516666666666666,-2.9,False
2025|line=41|event=924|date=20250808|station=50008,50008,20250808,2025,1,52778.0,52862.0,85,85,2.818057426444522,0.0926742599450166,44.13333333333333,2.8,False
2025|line=41|event=924|date=20250808|station=50008,50008,20250808,2025,2,53064.0,53276.0,213,213,-0.7936547323644092,0.1488700429166964,44.13333333333333,2.8,False
2025|line=41|event=924|date=20250808|station=50008,50008,20250808,2025,3,53371.0,53470.0,100,100,1.4547341368309112,0.0548348720461644,44.13333333333333,2.8,False
2025|line=41|event=924|date=20250808|station=50008,50008,20250808,2025,4,53487.0,54410.0,924,924,3.064122651542004,0.1124971020033848,44.13333333333333,2.8,False
2025|line=41|event=924|date=20250808|station=50008,50008,20250808,2025,5,54540.0,54619.0,80,80,1.4806930166607586,0.0758034500091281,44.13333333333333,2.8,False
2025|line=41|event=924|date=20250808|station=50008,50008,20250808,2025,6,54851.0,55048.0,198,198,5.3770258773484585,0.0657010356421104,44.13333333333333,2.8,False
2025|line=41|event=924|date=20250808|station=50008,50008,20250808,2025,7,55259.0,55339.0,81,81,3.044987593052109,0.0554416621699906,44.13333333333333,2.8,False
2025|line=41|event=922|date=20250808|station=50023,50023,20250808,2025,1,37855.0,38562.0,708,708,0.5600000000000023,0.1218883192596276,12.683333333333334,1.4,False
2025|line=41|event=923|date=20250808|station=50023,50023,20250808,2025,1,51534.0,51609.0,76,76,-1.5049999999999957,0.0573054742862368,28.516666666666666,-2.4,False
2025|line=41|event=923|date=20250808|station=50023,50023,20250808,2025,2,51910.0,51983.0,74,74,-6.259999999999991,0.0438356013163276,28.516666666666666,-2.4,False
2025|line=41|event=923|date=20250808|station=50023,50023,20250808,2025,3,52067.0,52320.0,254,254,-7.639999999999986,0.1564361661018676,28.516666666666666,-2.4,False
2025|line=41|event=924|date=20250808|station=50023,50023,20250808,2025,1,53025.0,53158.0,134,134,-2.492349344204172,0.1213280784295894,44.13333333333333,2.4,False
2025|line=41|event=924|date=20250808|station=50023,50023,20250808,2025,2,53443.0,54377.0,935,935,2.8184065934065643,0.1792052262760622,44.13333333333333,2.4,False
2025|line=41|event=924|date=20250808|station=50023,50023,20250808,2025,3,54825.0,54931.0,107,107,5.600717830556505,0.0887717109813608,44.13333333333333,2.4,False
2025|line=41|event=924|date=20250808|station=50023,50023,20250808,2025,4,54938.0,55014.0,77,77,5.193844381425038,0.0490497954048612,44.13333333333333,2.4,False
2025|line=41|event=924|date=20250808|station=50023,50023,20250808,2025,5,55201.0,55337.0,137,137,2.2024778447358813,0.0512488285643347,44.13333333333333,2.4,False
2025|line=41|event=923|date=20250808|station=51224,51224,20250808,2025,1,51002.0,51495.0,494,494,1.4250000000000114,0.175399936770571,28.516666666666666,2.0,False
2025|line=41|event=923|date=20250808|station=51224,51224,20250808,2025,2,51515.0,52323.0,809,809,2.9099999999999966,0.2160248564844818,28.516666666666666,2.0,False
2025|line=41|event=924|date=20250808|station=51224,51224,20250808,2025,1,52740.0,52853.0,114,114,-1.666650124069463,0.1395924325233006,44.13333333333333,-1.9,False
2025|line=41|event=924|date=20250808|station=51224,51224,20250808,2025,2,52952.0,53962.0,1011,1011,-0.8326019142148198,0.1466624488270499,44.13333333333333,-1.9,False
2025|line=41|event=924|date=20250808|station=51224,51224,20250808,2025,3,53982.0,54432.0,451,451,-1.6266501240694708,0.1651197152108366,44.13333333333333,-1.9,False
2025|line=41|event=924|date=20250808|station=51224,51224,20250808,2025,4,54449.0,54614.0,166,166,-0.809748316199915,0.1097394427987628,44.13333333333333,-1.9,False
2025|line=41|event=924|date=20250808|station=51224,51224,20250808,2025,5,54667.0,55336.0,670,670,-1.929751861042149,0.1470785217012955,44.13333333333333,-1.9,False
2025|line=41|event=925|date=20250809|station=42005,42005,20250809,2025,1,7645.0,7989.0,345,345,2.52,0.099224669098875,8.916666666666666,4.5,True
2025|line=41|event=927|date=20250809|station=42005,42005,20250809,2025,1,10825.0,10905.0,81,81,10.079999999999998,0.0483348813735479,7.2,9.1,True
2025|line=41|event=928|date=20250809|station=42005,42005,20250809,2025,1,11981.0,12321.0,341,341,10.150000000000002,0.1806828831400681,12.5,11.6,True
2025|line=41|event=929|date=20250809|station=42005,42005,20250809,2025,1,14239.0,14959.0,721,721,-9.649542659492695,0.248888771996682,62.0,-9.3,True
2025|line=41|event=929|date=20250809|station=42005,42005,20250809,2025,2,14973.0,17424.0,2452,2452,-7.837895849346656,0.3794104909683479,62.0,-9.3,True
2025|line=41|event=930|date=20250809|station=42005,42005,20250809,2025,1,18123.0,18946.0,824,824,-6.615,0.4086242004057486,20.58333333333333,-9.1,True
2025|line=41|event=931|date=20250809|station=42005,42005,20250809,2025,1,19705.0,20978.0,1274,1274,-5.535000000000001,0.2659519086338517,29.85,-9.1,True
2025|line=41|event=932|date=20250809|station=42005,42005,20250809,2025,1,21987.0,22225.0,239,239,-8.145,0.1430696849642836,20.866666666666667,-9.4,True
2025|line=41|event=932|date=20250809|station=42005,42005,20250809,2025,2,22283.0,22814.0,532,532,-6.085000000000001,0.1002008799414266,20.866666666666667,-9.4,True
2025|line=41|event=933|date=20250809|station=42005,42005,20250809,2025,1,23491.0,23609.0,119,119,-4.459999999999997,0.0599596432216775,21.58333333333333,-9.5,True
2025|line=41|event=933|date=20250809|station=42005,42005,20250809,2025,2,23632.0,24281.0,650,650,-4.534999999999997,0.1711629008982543,21.58333333333333,-9.5,True
2025|line=41|event=934|date=20250809|station=42005,42005,20250809,2025,1,34746.0,35774.0,1029,1029,-11.07,0.2082679213306061,23.266666666666666,-9.2,True
2025|line=41|event=935|date=20250809|station=42005,42005,20250809,2025,1,37043.0,38705.0,1663,1663,-8.218003613369465,0.1636272503141591,33.78333333333333,-9.5,True
2025|line=41|event=936|date=20250809|station=42005,42005,20250809,2025,1,40099.0,41029.0,931,931,-9.729999999999997,0.2969850542112199,22.8,-9.0,True
2025|line=41|event=939|date=20250809|station=42005,42005,20250809,2025,1,51145.0,52677.0,1533,1533,-9.21875,0.4729728510018752,34.36666666666667,-10.1,True
2025|line=41|event=940|date=20250809|station=42005,42005,20250809,2025,1,54153.0,55040.0,888,888,-8.485,0.3039662532716282,19.4,-9.3,True
2025|line=41|event=941|date=20250809|station=42005,42005,20250809,2025,1,60365.0,61474.0,1110,1110,-12.659999999999997,0.3912794355833433,25.916666666666668,-9.4,True
2025|line=41|event=925|date=20250809|station=50008,50008,20250809,2025,1,7562.0,8020.0,459,459,1.0999999999999996,0.104376859136641,8.916666666666666,1.4,False
2025|line=41|event=927|date=20250809|station=50008,50008,20250809,2025,1,10563.0,10909.0,347,347,3.77,0.1173486329955602,7.2,2.9,False
2025|line=41|event=928|date=20250809|station=50008,50008,20250809,2025,1,11735.0,12359.0,625,625,4.0200000000000005,0.2153246028759793,12.5,3.7,True
2025|line=41|event=929|date=20250809|station=50008,50008,20250809,2025,1,13973.0,14360.0,388,388,-3.855922367409685,0.180105888375522,62.0,-3.0,True
2025|line=41|event=929|date=20250809|station=50008,50008,20250809,2025,2,14390.0,14515.0,126,126,-4.347598001537279,0.1004837984393368,62.0,-3.0,True
2025|line=41|event=929|date=20250809|station=50008,50008,20250809,2025,3,17525.0,17606.0,82,82,-2.897375096079938,0.0567012323807057,62.0,-3.0,True
2025|line=41|event=930|date=20250809|station=50008,50008,20250809,2025,1,17960.0,18176.0,217,217,-2.47,0.0775090651786144,20.58333333333333,-2.9,False
2025|line=41|event=930|date=20250809|station=50008,50008,20250809,2025,2,18203.0,18325.0,123,123,-1.4500000000000002,0.0582130718230873,20.58333333333333,-2.9,False
2025|line=41|event=930|date=20250809|station=50008,50008,20250809,2025,3,18500.0,18837.0,338,338,1.46,0.095982427214363,20.58333333333333,-2.9,False
2025|line=41|event=931|date=20250809|station=50008,50008,20250809,2025,1,19556.0,19851.0,296,296,-1.775,0.1036459325535368,29.85,-2.9,False
2025|line=41|event=931|date=20250809|station=50008,50008,20250809,2025,2,19881.0,20849.0,969,969,0.6300000000000003,0.1622459410335759,29.85,-2.9,False
2025|line=41|event=931|date=20250809|station=50008,50008,20250809,2025,3,20873.0,20978.0,106,106,3.52,0.0493671300687557,29.85,-2.9,False
2025|line=41|event=932|date=20250809|station=50008,50008,20250809,2025,1,22131.0,22205.0,75,75,0.0,0.0492270582644406,20.866666666666667,-3.0,True
2025|line=41|event=932|date=20250809|station=50008,50008,20250809,2025,2,22235.0,22519.0,285,285,0.1600000000000001,0.1323002315403022,20.866666666666667,-3.0,True
2025|line=41|event=932|date=20250809|station=50008,50008,20250809,2025,3,22547.0,22690.0,144,144,0.9849999999999994,0.072307299766782,20.866666666666667,-3.0,True
2025|line=41|event=933|date=20250809|station=50008,50008,20250809,2025,1,23278.0,23446.0,169,169,-3.389999999999999,0.0989430022488562,21.58333333333333,-3.0,True
2025|line=41|event=933|date=20250809|station=50008,50008,20250809,2025,2,23473.0,23640.0,168,168,-3.84,0.0904192070744634,21.58333333333333,-3.0,True
2025|line=41|event=933|date=20250809|station=50008,50008,20250809,2025,3,23700.0,23807.0,108,108,-2.620000000000001,0.0637978303087135,21.58333333333333,-3.0,True
2025|line=41|event=933|date=20250809|station=50008,50008,20250809,2025,4,23839.0,23898.0,60,60,-1.8850000000000016,0.0517090277095224,21.58333333333333,-3.0,True
2025|line=41|event=933|date=20250809|station=50008,50008,20250809,2025,5,23910.0,24001.0,92,92,-1.2699999999999996,0.0732821388469833,21.58333333333333,-3.0,True
2025|line=41|event=933|date=20250809|station=50008,50008,20250809,2025,6,24068.0,24193.0,126,126,-0.1949999999999967,0.0664069668908701,21.58333333333333,-3.0,True
2025|line=41|event=934|date=20250809|station=50008,50008,20250809,2025,1,34634.0,35802.0,1169,1169,-4.27,0.1928465009948096,23.266666666666666,-2.9,False
2025|line=41|event=935|date=20250809|station=50008,50008,20250809,2025,1,36844.0,38760.0,1917,1917,-4.192215447154474,0.3095126136429486,33.78333333333333,-3.0,True
2025|line=41|event=936|date=20250809|station=50008,50008,20250809,2025,1,39820.0,40497.0,678,678,-3.6149999999999984,0.2140299392572426,22.8,-2.9,False
2025|line=41|event=936|date=20250809|station=50008,50008,20250809,2025,2,40511.0,40657.0,147,147,-1.5449999999999982,0.0555187547656702,22.8,-2.9,False
2025|line=41|event=936|date=20250809|station=50008,50008,20250809,2025,3,40670.0,40825.0,156,156,-0.6099999999999994,0.0784574404659863,22.8,-2.9,False
2025|line=41|event=939|date=20250809|station=50008,50008,20250809,2025,1,50879.0,52558.0,1680,1680,-4.635795556552964,0.3609936908873059,34.36666666666667,-3.2,True
2025|line=41|event=940|date=20250809|station=50008,50008,20250809,2025,1,54002.0,54945.0,944,944,-0.8399999999999963,0.1767394089379433,19.4,-3.0,True
2025|line=41|event=941|date=20250809|station=50008,50008,20250809,2025,1,60695.0,61493.0,799,799,-8.990000000000002,0.4468557416032946,25.916666666666668,-3.0,True
2025|line=41|event=925|date=20250809|station=50023,50023,20250809,2025,1,7545.0,8026.0,482,482,0.75,0.1015390383072305,8.916666666666666,1.2,False
2025|line=41|event=927|date=20250809|station=50023,50023,20250809,2025,1,10552.0,10908.0,357,357,3.414999999999964,0.1916508173202509,7.2,2.4,False
2025|line=41|event=928|date=20250809|station=50023,50023,20250809,2025,1,11692.0,12317.0,626,626,3.629999999999996,0.2861907300336072,12.5,3.1,True
2025|line=41|event=929|date=20250809|station=50023,50023,20250809,2025,1,13962.0,14350.0,389,389,-3.591101716628259,0.1115239706279249,62.0,-2.5,False
2025|line=41|event=930|date=20250809|station=50023,50023,20250809,2025,1,17961.0,18296.0,336,336,-1.3450000000000273,0.0971581796329469,20.58333333333333,-2.4,False
2025|line=41|event=930|date=20250809|station=50023,50023,20250809,2025,2,18435.0,18789.0,355,355,2.3449999999999704,0.0963951725120197,20.58333333333333,-2.4,False
2025|line=41|event=931|date=20250809|station=50023,50023,20250809,2025,1,19535.0,19825.0,291,291,-1.4300000000000068,0.0665644123218775,29.85,-2.4,False
2025|line=41|event=931|date=20250809|station=50023,50023,20250809,2025,2,19878.0,20483.0,606,606,0.3100000000000023,0.1165374018973665,29.85,-2.4,False
2025|line=41|event=931|date=20250809|station=50023,50023,20250809,2025,3,20489.0,20751.0,263,263,1.8500000000000227,0.0821430843994771,29.85,-2.4,False
2025|line=41|event=931|date=20250809|station=50023,50023,20250809,2025,4,20868.0,20978.0,111,111,4.410000000000025,0.0343568679793964,29.85,-2.4,False
2025|line=41|event=932|date=20250809|station=50023,50023,20250809,2025,1,22107.0,22249.0,143,143,1.4099999999999682,0.0972526034910692,20.866666666666667,-2.5,False
2025|line=41|event=932|date=20250809|station=50023,50023,20250809,2025,2,22257.0,22513.0,257,257,0.9099999999999682,0.1631979313206741,20.866666666666667,-2.5,False
2025|line=41|event=932|date=20250809|station=50023,50023,20250809,2025,3,22517.0,22627.0,111,111,1.599999999999966,0.0836870967177348,20.866666666666667,-2.5,False
2025|line=41|event=933|date=20250809|station=50023,50023,20250809,2025,1,23282.0,23403.0,122,122,-3.300000000000012,0.1069175879794574,21.58333333333333,-2.5,False
2025|line=41|event=933|date=20250809|station=50023,50023,20250809,2025,2,23436.0,23613.0,178,178,-4.180000000000007,0.1066387667384864,21.58333333333333,-2.5,False
2025|line=41|event=933|date=20250809|station=50023,50023,20250809,2025,3,23678.0,23795.0,118,118,-2.925000000000012,0.0616916728230493,21.58333333333333,-2.5,False
2025|line=41|event=933|date=20250809|station=50023,50023,20250809,2025,4,23885.0,23977.0,93,93,-1.3600000000000136,0.0783184951364288,21.58333333333333,-2.5,False
2025|line=41|event=933|date=20250809|station=50023,50023,20250809,2025,5,24027.0,24193.0,167,167,-0.2700000000000386,0.0881641726591922,21.58333333333333,-2.5,False
2025|line=41|event=934|date=20250809|station=50023,50023,20250809,2025,1,34918.0,35798.0,881,881,-3.979999999999961,0.2696495243339942,23.266666666666666,-2.4,False
2025|line=41|event=935|date=20250809|station=50023,50023,20250809,2025,1,36919.0,38697.0,1779,1779,-4.1384846431797655,0.3800017231016578,33.78333333333333,-2.5,False
2025|line=41|event=936|date=20250809|station=50023,50023,20250809,2025,1,39818.0,40482.0,665,665,-2.3700000000000045,0.2042072845098711,22.8,-2.4,False
2025|line=41|event=936|date=20250809|station=50023,50023,20250809,2025,2,40490.0,40825.0,336,336,1.1099999999999568,0.0583663611652754,22.8,-2.4,False
2025|line=41|event=939|date=20250809|station=50023,50023,20250809,2025,1,50857.0,52539.0,1683,1683,-3.2171903052064863,0.3422535550192682,34.36666666666667,-2.7,False
2025|line=41|event=940|date=20250809|station=50023,50023,20250809,2025,1,53988.0,54959.0,972,972,-0.0299999999999727,0.2274471392582745,19.4,-2.4,False
2025|line=41|event=941|date=20250809|station=50023,50023,20250809,2025,1,60707.0,61228.0,522,522,-8.96999999999997,0.3119101729282243,25.916666666666668,-2.5,False
2025|line=41|event=941|date=20250809|station=50023,50023,20250809,2025,2,61235.0,61322.0,88,88,-10.024999999999975,0.0353081186861409,25.916666666666668,-2.5,False
2025|line=41|event=941|date=20250809|station=50023,50023,20250809,2025,3,61334.0,61476.0,143,143,-11.129999999999995,0.0329251860392719,25.916666666666668,-2.5,False
2025|line=41|event=928|date=20250809|station=51020,51020,20250809,2025,1,12111.0,12360.0,250,250,-1.8700000000000043,0.0707156087686138,12.5,-1.0,False
2025|line=41|event=932|date=20250809|station=51020,51020,20250809,2025,1,22263.0,22423.0,161,161,2.1500000000000057,0.0928888390092686,20.866666666666667,0.8,False
2025|line=41|event=932|date=20250809|station=51020,51020,20250809,2025,2,22526.0,22640.0,115,115,4.010000000000005,0.0592265855062363,20.866666666666667,0.8,False
2025|line=41|event=932|date=20250809|station=51020,51020,20250809,2025,3,22682.0,23032.0,351,351,4.590000000000003,0.1026767786636485,20.866666666666667,0.8,False
2025|line=41|event=933|date=20250809|station=51020,51020,20250809,2025,1,23842.0,24421.0,580,580,4.700000000000003,0.164217154376813,21.58333333333333,0.8,False
2025|line=41|event=934|date=20250809|station=51020,51020,20250809,2025,1,35520.0,35837.0,318,318,2.930000000000007,0.0662439088147899,23.266666666666666,0.8,False
2025|line=41|event=927|date=20250809|station=51105,51105,20250809,2025,1,10548.0,10732.0,185,185,-1.6200000000000043,0.0968923614290513,7.2,-1.2,False
2025|line=41|event=927|date=20250809|station=51105,51105,20250809,2025,2,10740.0,10932.0,193,193,-1.5500000000000114,0.0787193734165321,7.2,-1.2,False
2025|line=41|event=928|date=20250809|station=51105,51105,20250809,2025,1,11789.0,12075.0,287,287,-1.509999999999991,0.1788011319769961,12.5,-1.6,False
2025|line=41|event=929|date=20250809|station=51105,51105,20250809,2025,1,13963.0,14337.0,375,375,1.6259441455290895,0.1240756844179158,62.0,1.3,False
2025|line=41|event=929|date=20250809|station=51105,51105,20250809,2025,2,14339.0,14649.0,311,311,1.870481680758388,0.093561717993923,62.0,1.3,False
2025|line=41|event=929|date=20250809|station=51105,51105,20250809,2025,3,14677.0,16122.0,1446,1446,1.0443588265436858,0.1915000369035706,62.0,1.3,False
2025|line=41|event=929|date=20250809|station=51105,51105,20250809,2025,4,16125.0,17034.0,910,910,0.5023654880860846,0.1709151228942883,62.0,1.3,False
2025|line=41|event=929|date=20250809|station=51105,51105,20250809,2025,5,17078.0,17618.0,541,541,0.8039994875736483,0.1060841706370247,62.0,1.3,False
2025|line=41|event=930|date=20250809|station=51105,51105,20250809,2025,1,18802.0,18941.0,140,140,3.674999999999997,0.1019387291920432,20.58333333333333,1.2,False
2025|line=41|event=930|date=20250809|station=51105,51105,20250809,2025,2,18957.0,19147.0,191,191,5.159999999999997,0.0867935183419531,20.58333333333333,1.2,False
2025|line=41|event=931|date=20250809|station=51105,51105,20250809,2025,1,20375.0,21287.0,913,913,4.879999999999996,0.1933692693458706,29.85,1.2,False
2025|line=41|event=932|date=20250809|station=51105,51105,20250809,2025,1,22596.0,22794.0,199,199,3.8299999999999983,0.1743486845153607,20.866666666666667,1.3,False
2025|line=41|event=932|date=20250809|station=51105,51105,20250809,2025,2,22820.0,22926.0,107,107,4.88000000000001,0.0613905348209989,20.866666666666667,1.3,False
2025|line=41|event=933|date=20250809|station=51105,51105,20250809,2025,1,23752.0,23934.0,183,183,4.914999999999992,0.0614978473348211,21.58333333333333,1.3,False
2025|line=41|event=933|date=20250809|station=51105,51105,20250809,2025,2,23937.0,24086.0,150,150,5.240000000000009,0.1057971507426075,21.58333333333333,1.3,False
2025|line=41|event=933|date=20250809|station=51105,51105,20250809,2025,3,24119.0,24339.0,221,221,6.155000000000001,0.0868562579187878,21.58333333333333,1.3,False
2025|line=41|event=933|date=20250809|station=51105,51105,20250809,2025,4,24361.0,24487.0,127,127,7.495000000000003,0.1041051826095369,21.58333333333333,1.3,False
2025|line=41|event=934|date=20250809|station=51105,51105,20250809,2025,1,34645.0,35814.0,1170,1170,1.460000000000008,0.201845627579811,23.266666666666666,1.2,False
2025|line=41|event=935|date=20250809|station=51105,51105,20250809,2025,1,37154.0,38529.0,1376,1376,2.101812330623304,0.1742184829548115,33.78333333333333,1.3,False
2025|line=41|event=936|date=20250809|station=51105,51105,20250809,2025,1,39810.0,40216.0,407,407,0.9699999999999988,0.0864633749352552,22.8,1.2,False
2025|line=41|event=936|date=20250809|station=51105,51105,20250809,2025,2,40223.0,40825.0,603,603,-0.6500000000000057,0.1543999017623406,22.8,1.2,False
2025|line=41|event=939|date=20250809|station=51105,51105,20250809,2025,1,50847.0,52535.0,1689,1689,-0.2240148114901359,0.3698500253224416,34.36666666666667,1.4,False
2025|line=41|event=939|date=20250809|station=51105,51105,20250809,2025,2,52584.0,52784.0,201,201,-1.9571409335727168,0.1991719253157362,34.36666666666667,1.4,False
2025|line=41|event=925|date=20250809|station=51224,51224,20250809,2025,1,7903.0,7975.0,73,73,-3.9399999999999977,0.0537276644256769,8.916666666666666,-1.0,False
2025|line=41|event=926|date=20250809|station=51224,51224,20250809,2025,1,9013.0,9251.0,239,239,0.8199999999999932,0.1142033858807806,8.35,2.0,False
2025|line=41|event=926|date=20250809|station=51224,51224,20250809,2025,2,9276.0,9461.0,186,186,0.9099999999999966,0.0946676052762514,8.35,2.0,False
2025|line=41|event=927|date=20250809|station=51224,51224,20250809,2025,1,10545.0,10717.0,173,173,-2.710000000000008,0.1408974527504407,7.2,-1.9,False
2025|line=41|event=927|date=20250809|station=51224,51224,20250809,2025,2,10750.0,10908.0,159,159,-3.4499999999999886,0.0644039184718817,7.2,-1.9,False
2025|line=41|event=928|date=20250809|station=51224,51224,20250809,2025,1,11660.0,12356.0,697,697,-1.9000000000000057,0.1760734506896135,12.5,-2.5,False
2025|line=41|event=929|date=20250809|station=51224,51224,20250809,2025,1,13938.0,14529.0,592,592,1.6910126825519,0.1212302654395509,62.0,2.0,False
2025|line=41|event=929|date=20250809|station=51224,51224,20250809,2025,2,14554.0,15234.0,681,681,0.9689469638739469,0.1720954009069782,62.0,2.0,False
2025|line=41|event=929|date=20250809|station=51224,51224,20250809,2025,3,15245.0,16218.0,974,974,0.3890680245964688,0.2398519414242658,62.0,2.0,False
2025|line=41|event=929|date=20250809|station=51224,51224,20250809,2025,4,16220.0,16432.0,213,213,0.5331360491929331,0.0950252877355964,62.0,2.0,False
2025|line=41|event=929|date=20250809|station=51224,51224,20250809,2025,5,16439.0,16879.0,441,441,1.138097617217511,0.104539585619323,62.0,2.0,False
2025|line=41|event=929|date=20250809|station=51224,51224,20250809,2025,6,16884.0,17604.0,721,721,1.9560030745580264,0.1349108153881642,62.0,2.0,False
2025|line=41|event=930|date=20250809|station=51224,51224,20250809,2025,1,18485.0,18632.0,148,148,3.430000000000007,0.1147306282200522,20.58333333333333,2.0,False
2025|line=41|event=930|date=20250809|station=51224,51224,20250809,2025,2,18647.0,18904.0,258,258,4.180000000000007,0.1134544118757581,20.58333333333333,2.0,False
2025|line=41|event=930|date=20250809|station=51224,51224,20250809,2025,3,18962.0,19123.0,162,162,5.695000000000022,0.076266579217094,20.58333333333333,2.0,False
2025|line=41|event=931|date=20250809|station=51224,51224,20250809,2025,1,20344.0,20884.0,541,541,5.284999999999997,0.1395220623790123,29.85,2.0,False
2025|line=41|event=931|date=20250809|station=51224,51224,20250809,2025,2,20912.0,21006.0,95,95,6.094999999999999,0.101889877999524,29.85,2.0,False
2025|line=41|event=931|date=20250809|station=51224,51224,20250809,2025,3,21052.0,21193.0,142,142,6.594999999999999,0.1070812847979377,29.85,2.0,False
2025|line=41|event=932|date=20250809|station=51224,51224,20250809,2025,1,22281.0,22525.0,245,245,3.9799999999999898,0.1017100396154768,20.866666666666667,2.0,False
2025|line=41|event=932|date=20250809|station=51224,51224,20250809,2025,2,22568.0,22784.0,217,217,4.789999999999992,0.12196464411495,20.866666666666667,2.0,False
2025|line=41|event=932|date=20250809|station=51224,51224,20250809,2025,3,22791.0,22973.0,183,183,5.610000000000014,0.1110576774578509,20.866666666666667,2.0,False
2025|line=41|event=933|date=20250809|station=51224,51224,20250809,2025,1,23784.0,23926.0,143,143,5.7900000000000205,0.0867401838383356,21.58333333333333,2.0,False
2025|line=41|event=933|date=20250809|station=51224,51224,20250809,2025,2,23965.0,24349.0,385,385,6.660000000000025,0.1149818277752124,21.58333333333333,2.0,False
2025|line=41|event=933|date=20250809|station=51224,51224,20250809,2025,3,24352.0,24473.0,122,122,7.54000000000002,0.0803486862634407,21.58333333333333,2.0,False
2025|line=41|event=934|date=20250809|station=51224,51224,20250809,2025,1,34656.0,35800.0,1145,1145,2.710000000000008,0.1396166331028078,23.266666666666666,2.0,False
2025|line=41|event=935|date=20250809|station=51224,51224,20250809,2025,1,36798.0,38773.0,1976,1976,1.6427439024390085,0.1998778448462881,33.78333333333333,2.0,False
2025|line=41|event=936|date=20250809|station=51224,51224,20250809,2025,1,40014.0,41030.0,1017,1017,3.039999999999992,0.1545188713566475,22.8,1.9,False
2025|line=41|event=939|date=20250809|station=51224,51224,20250809,2025,1,50826.0,52518.0,1693,1693,2.1698159784560005,0.3177812352032056,34.36666666666667,2.2,False
2025|line=41|event=939|date=20250809|station=51224,51224,20250809,2025,2,52554.0,52839.0,286,286,0.7915855026930103,0.1453815405696377,34.36666666666667,2.2,False
2025|line=41|event=940|date=20250809|station=51224,51224,20250809,2025,1,53981.0,54809.0,829,829,0.6500000000000057,0.1655779936003517,19.4,2.0,False
2025|line=41|event=941|date=20250809|station=51224,51224,20250809,2025,1,60855.0,61420.0,566,566,2.2949999999999875,0.1698197667586581,25.916666666666668,2.0,False
2025|line=41|event=942|date=20250810|station=42005,42005,20250810,2025,1,8086.0,8397.0,312,312,3.465,0.066927874536469,7.983333333333333,4.6,True
2025|line=41|event=943|date=20250810|station=42005,42005,20250810,2025,1,10908.0,11362.0,455,455,-10.79,0.1011850130982321,13.15,-9.0,True
2025|line=41|event=946|date=20250810|station=42005,42005,20250810,2025,1,25965.0,26952.0,988,988,9.43,0.3888846418180105,22.95,8.7,True
2025|line=41|event=947|date=20250810|station=42005,42005,20250810,2025,1,27698.0,28407.0,710,710,9.53,0.1934781461254016,17.866666666666667,8.6,True
2025|line=41|event=948|date=20250810|station=42005,42005,20250810,2025,1,29157.0,29364.0,208,208,8.059999999999995,0.0771485120094397,20.666666666666668,9.9,True
2025|line=41|event=948|date=20250810|station=42005,42005,20250810,2025,2,29369.0,29880.0,512,512,9.095,0.1170846529534556,20.666666666666668,9.9,True
2025|line=41|event=949|date=20250810|station=42005,42005,20250810,2025,1,30383.0,31559.0,1177,1177,5.819999999999993,0.2491613977691285,23.98333333333333,9.2,True
2025|line=41|event=950|date=20250810|station=42005,42005,20250810,2025,1,32211.0,32290.0,80,80,6.649699953660793,0.0492720944381174,32.86666666666667,8.8,True
2025|line=41|event=950|date=20250810|station=42005,42005,20250810,2025,2,32341.0,32999.0,659,659,7.870706672845223,0.1571855506734867,32.86666666666667,8.8,True
2025|line=41|event=950|date=20250810|station=42005,42005,20250810,2025,3,33015.0,33795.0,781,781,7.565009267840594,0.1307461449303912,32.86666666666667,8.8,True
2025|line=41|event=951|date=20250810|station=42005,42005,20250810,2025,1,34647.0,35422.0,776,776,10.689999999999998,0.2636224956667395,18.85,9.6,True
2025|line=41|event=952|date=20250810|station=42005,42005,20250810,2025,1,38114.0,38206.0,93,93,9.210625,0.0476418407535228,42.4,10.1,True
2025|line=41|event=952|date=20250810|station=42005,42005,20250810,2025,2,38219.0,40119.0,1901,1901,9.238750000000003,0.3532318269770829,42.4,10.1,True
2025|line=41|event=953|date=20250810|station=42005,42005,20250810,2025,1,41132.0,42519.0,1388,1388,7.93869815092453,0.3981359901175423,30.216666666666665,8.8,True
2025|line=41|event=954|date=20250810|station=42005,42005,20250810,2025,1,44527.0,45878.0,1352,1352,8.119842078451349,0.1901735820055818,30.05,9.1,True
2025|line=41|event=955|date=20250810|station=42005,42005,20250810,2025,1,52012.0,53532.0,1521,1521,7.649257831325308,0.2280427983171964,31.35,8.8,True
2025|line=41|event=956|date=20250810|station=42005,42005,20250810,2025,1,54532.0,55256.0,725,725,10.6,0.1897028674967507,19.116666666666667,10.1,True
2025|line=41|event=957|date=20250810|station=42005,42005,20250810,2025,1,59851.0,60046.0,196,196,4.469999999999999,0.0804488554614081,6.916666666666667,4.9,True
2025|line=41|event=942|date=20250810|station=50008,50008,20250810,2025,1,7996.0,8393.0,398,398,1.09,0.1000815782084302,7.983333333333333,1.5,False
2025|line=41|event=943|date=20250810|station=50008,50008,20250810,2025,1,10682.0,11048.0,367,367,-3.790000000000001,0.0978180062189978,13.15,-2.9,False
2025|line=41|event=943|date=20250810|station=50008,50008,20250810,2025,2,11112.0,11383.0,272,272,-4.270000000000001,0.1029328347828356,13.15,-2.9,False
2025|line=41|event=946|date=20250810|station=50008,50008,20250810,2025,1,25729.0,26221.0,493,493,2.5500000000000007,0.0998143129396943,22.95,2.8,False
2025|line=41|event=946|date=20250810|station=50008,50008,20250810,2025,2,26230.0,26313.0,84,84,1.4750000000000014,0.0662075305819963,22.95,2.8,False
2025|line=41|event=946|date=20250810|station=50008,50008,20250810,2025,3,26353.0,26733.0,381,381,-0.0799999999999983,0.1491245650342426,22.95,2.8,False
2025|line=41|event=947|date=20250810|station=50008,50008,20250810,2025,1,27454.0,28190.0,737,737,3.2399999999999984,0.2439812168436541,17.866666666666667,2.8,False
2025|line=41|event=947|date=20250810|station=50008,50008,20250810,2025,2,28262.0,28445.0,184,184,3.5799999999999983,0.1011917097629269,17.866666666666667,2.8,False
2025|line=41|event=948|date=20250810|station=50008,50008,20250810,2025,1,29223.0,29910.0,688,688,7.710000000000001,0.1618192157798942,20.666666666666668,3.2,True
2025|line=41|event=949|date=20250810|station=50008,50008,20250810,2025,1,30366.0,30656.0,291,291,3.0050000000000026,0.1234232551247705,23.98333333333333,2.9,False
2025|line=41|event=949|date=20250810|station=50008,50008,20250810,2025,2,30660.0,31033.0,374,374,3.325000000000003,0.1829290487517715,23.98333333333333,2.9,False
2025|line=41|event=949|date=20250810|station=50008,50008,20250810,2025,3,31066.0,31574.0,509,509,4.575000000000003,0.1495738024384444,23.98333333333333,2.9,False
2025|line=41|event=950|date=20250810|station=50008,50008,20250810,2025,1,32232.0,32817.0,586,586,4.546766682113066,0.1492740436763752,32.86666666666667,2.8,False
2025|line=41|event=950|date=20250810|station=50008,50008,20250810,2025,2,32886.0,33650.0,765,765,5.3154008341056525,0.2003573074632801,32.86666666666667,2.8,False
2025|line=41|event=951|date=20250810|station=50008,50008,20250810,2025,1,34448.0,35452.0,1005,1005,4.730000000000004,0.3407819929455351,18.85,3.1,True
2025|line=41|event=952|date=20250810|station=50008,50008,20250810,2025,1,38066.0,39997.0,1932,1932,5.4152833454810505,0.4063348354411918,42.4,3.2,True
2025|line=41|event=953|date=20250810|station=50008,50008,20250810,2025,1,40884.0,41728.0,845,845,3.99098950524737,0.2416744687867857,30.216666666666665,2.8,False
2025|line=41|event=953|date=20250810|station=50008,50008,20250810,2025,2,41738.0,42600.0,863,863,3.171189405297348,0.2533306354238129,30.216666666666665,2.8,False
2025|line=41|event=954|date=20250810|station=50008,50008,20250810,2025,1,44255.0,45985.0,1731,1731,3.3187035150280124,0.1891722978828588,30.05,2.9,False
2025|line=41|event=955|date=20250810|station=50008,50008,20250810,2025,1,51795.0,52174.0,380,380,2.971945783132533,0.1190271965514452,31.35,2.8,False
2025|line=41|event=955|date=20250810|station=50008,50008,20250810,2025,2,52179.0,53594.0,1416,1416,2.420066265060236,0.3647440492633239,31.35,2.8,False
2025|line=41|event=956|date=20250810|station=50008,50008,20250810,2025,1,54261.0,55289.0,1029,1029,4.309999999999995,0.3079937276336453,19.116666666666667,3.2,True
2025|line=41|event=957|date=20250810|station=50008,50008,20250810,2025,1,59721.0,59961.0,241,241,1.365000000000002,0.0493683318216579,6.916666666666667,1.6,False
2025|line=41|event=942|date=20250810|station=50023,50023,20250810,2025,1,7982.0,8292.0,311,311,0.6899999999999977,0.0828272027262477,7.983333333333333,1.2,False
2025|line=41|event=943|date=20250810|station=50023,50023,20250810,2025,1,10670.0,11380.0,711,711,-3.2100000000000364,0.1113557914824203,13.15,-2.4,False
2025|line=41|event=946|date=20250810|station=50023,50023,20250810,2025,1,25708.0,26171.0,464,464,1.5400000000000205,0.1083759774428209,22.95,2.3,False
2025|line=41|event=946|date=20250810|station=50023,50023,20250810,2025,2,26332.0,26733.0,402,402,-2.019999999999982,0.1765051775923297,22.95,2.3,False
2025|line=41|event=947|date=20250810|station=50023,50023,20250810,2025,1,27446.0,28014.0,569,569,2.3700000000000045,0.108664721096867,17.866666666666667,2.3,False
2025|line=41|event=947|date=20250810|station=50023,50023,20250810,2025,2,28054.0,28444.0,391,391,2.509999999999991,0.1018003540305064,17.866666666666667,2.3,False
2025|line=41|event=948|date=20250810|station=50023,50023,20250810,2025,1,29183.0,29924.0,742,742,7.7099999999999795,0.1976030390569534,20.666666666666668,2.6,False
2025|line=41|event=949|date=20250810|station=50023,50023,20250810,2025,1,30745.0,31009.0,265,265,2.890000000000043,0.0752341218642734,23.98333333333333,2.4,False
2025|line=41|event=949|date=20250810|station=50023,50023,20250810,2025,2,31055.0,31489.0,435,435,4.240000000000009,0.1466297489661351,23.98333333333333,2.4,False
2025|line=41|event=950|date=20250810|station=50023,50023,20250810,2025,1,32274.0,32796.0,523,523,4.660602409638557,0.1423000997066542,32.86666666666667,2.3,False
2025|line=41|event=950|date=20250810|station=50023,50023,20250810,2025,2,32874.0,33601.0,728,728,5.380067191844319,0.1838434214684101,32.86666666666667,2.3,False
2025|line=41|event=951|date=20250810|station=50023,50023,20250810,2025,1,34445.0,35450.0,1006,1006,4.319999999999993,0.3552556380108581,18.85,2.5,False
2025|line=41|event=952|date=20250810|station=50023,50023,20250810,2025,1,38078.0,39997.0,1920,1920,4.830746173469379,0.411679721014317,42.4,2.7,False
2025|line=41|event=953|date=20250810|station=50023,50023,20250810,2025,1,40864.0,41605.0,742,742,3.4519702648675548,0.1549334657403779,30.216666666666665,2.3,False
2025|line=41|event=953|date=20250810|station=50023,50023,20250810,2025,2,41745.0,42597.0,853,853,2.6143828085956784,0.3100376988128925,30.216666666666665,2.3,False
2025|line=41|event=954|date=20250810|station=50023,50023,20250810,2025,1,44253.0,45984.0,1732,1732,2.8011003565970327,0.2112967829177213,30.05,2.4,False
2025|line=41|event=955|date=20250810|station=50023,50023,20250810,2025,1,51783.0,53084.0,1302,1302,1.208791566265063,0.3038209468585951,31.35,2.3,False
2025|line=41|event=955|date=20250810|station=50023,50023,20250810,2025,2,53089.0,53593.0,505,505,2.8643518072289567,0.2259442987485967,31.35,2.3,False
2025|line=41|event=956|date=20250810|station=50023,50023,20250810,2025,1,54256.0,55286.0,1031,1031,4.0,0.4065026353250821,19.116666666666667,2.7,False
2025|line=41|event=957|date=20250810|station=50023,50023,20250810,2025,1,59700.0,59936.0,237,237,1.160000000000025,0.068350456199017,6.916666666666667,1.3,False
2025|line=41|event=951|date=20250810|station=51020,51020,20250810,2025,1,34984.0,35224.0,241,241,-1.8900000000000148,0.0469289572746697,18.85,-0.8,False
2025|line=41|event=952|date=20250810|station=51020,51020,20250810,2025,1,37771.0,38824.0,1054,1054,1.5830912900874523,0.306628483240191,42.4,-0.8,False
2025|line=41|event=952|date=20250810|station=51020,51020,20250810,2025,2,39123.0,39894.0,772,772,-0.3690388119533452,0.1143425300111917,42.4,-0.8,False
2025|line=41|event=954|date=20250810|station=51020,51020,20250810,2025,1,44433.0,45704.0,1272,1272,-1.0181291390728404,0.1648731370693833,30.05,-0.7,False
2025|line=41|event=942|date=20250810|station=51105,51105,20250810,2025,1,8210.0,8442.0,233,233,-1.3599999999999994,0.0628379848455232,7.983333333333333,-0.6,False
2025|line=41|event=943|date=20250810|station=51105,51105,20250810,2025,1,10662.0,11142.0,481,481,0.4399999999999977,0.1193912672214128,13.15,1.2,False
2025|line=41|event=948|date=20250810|station=51105,51105,20250810,2025,1,29023.0,29671.0,649,649,-1.7099999999999935,0.1712815395658881,20.666666666666668,-1.3,False
2025|line=41|event=949|date=20250810|station=51105,51105,20250810,2025,1,30258.0,30715.0,458,458,-0.7249999999999943,0.1293556525846322,23.98333333333333,-1.2,False
2025|line=41|event=949|date=20250810|station=51105,51105,20250810,2025,2,30763.0,31042.0,280,280,-0.6749999999999972,0.0897394128847856,23.98333333333333,-1.2,False
2025|line=41|event=949|date=20250810|station=51105,51105,20250810,2025,3,31047.0,31300.0,254,254,-0.4949999999999903,0.0873767350508741,23.98333333333333,-1.2,False
2025|line=41|event=950|date=20250810|station=51105,51105,20250810,2025,1,32234.0,32808.0,575,575,-2.1706209453197545,0.1489733296912246,32.86666666666667,-1.2,False
2025|line=41|event=950|date=20250810|station=51105,51105,20250810,2025,2,32847.0,33002.0,156,156,-3.158518303985176,0.0750817026186746,32.86666666666667,-1.2,False
2025|line=41|event=950|date=20250810|station=51105,51105,20250810,2025,3,33043.0,33433.0,391,391,-2.243204355885084,0.090171533458947,32.86666666666667,-1.2,False
2025|line=41|event=950|date=20250810|station=51105,51105,20250810,2025,4,33444.0,33573.0,130,130,-1.5733561167747894,0.0651044805384756,32.86666666666667,-1.2,False
2025|line=41|event=951|date=20250810|station=51105,51105,20250810,2025,1,34439.0,35485.0,1047,1047,-1.8649999999999949,0.1699911217516902,18.85,-1.3,False
2025|line=41|event=952|date=20250810|station=51105,51105,20250810,2025,1,37873.0,38522.0,650,650,-2.131562500000001,0.2110031462633392,42.4,-1.4,False
2025|line=41|event=952|date=20250810|station=51105,51105,20250810,2025,2,38535.0,38674.0,140,140,-0.9501940597667726,0.0721739605824756,42.4,-1.4,False
2025|line=41|event=952|date=20250810|station=51105,51105,20250810,2025,3,38684.0,40302.0,1619,1619,-0.012255830903797,0.2835685862212936,42.4,-1.4,False
2025|line=41|event=953|date=20250810|station=51105,51105,20250810,2025,1,40877.0,41907.0,1031,1031,-0.4674612693653159,0.1833110770047527,30.216666666666665,-1.2,False
2025|line=41|event=953|date=20250810|station=51105,51105,20250810,2025,2,41968.0,42611.0,644,644,-0.8547501249375244,0.1073943649076561,30.216666666666665,-1.2,False
2025|line=41|event=954|date=20250810|station=51105,51105,20250810,2025,1,44318.0,45889.0,1572,1572,-1.352385379521138,0.2639756950008072,30.05,-1.2,False
2025|line=41|event=955|date=20250810|station=51105,51105,20250810,2025,1,51790.0,53605.0,1816,1816,-0.9699999999999988,0.2424522528158712,31.35,-1.2,False
2025|line=41|event=956|date=20250810|station=51105,51105,20250810,2025,1,54216.0,55302.0,1087,1087,-1.1700000000000017,0.3972128417324122,19.116666666666667,-1.4,False
2025|line=41|event=957|date=20250810|station=51105,51105,20250810,2025,1,59774.0,59900.0,127,127,-0.7999999999999972,0.0906565881329455,6.916666666666667,-0.7,False
2025|line=41|event=942|date=20250810|station=51224,51224,20250810,2025,1,8266.0,8384.0,119,119,-1.704999999999984,0.0727476053902994,7.983333333333333,-1.0,False
2025|line=41|event=943|date=20250810|station=51224,51224,20250810,2025,1,10709.0,10894.0,186,186,0.9099999999999966,0.0909929861488084,13.15,1.9,False
2025|line=41|event=943|date=20250810|station=51224,51224,20250810,2025,2,10917.0,11135.0,219,219,0.2600000000000193,0.1122276514601738,13.15,1.9,False
2025|line=41|event=946|date=20250810|station=51224,51224,20250810,2025,1,25688.0,25758.0,71,71,-1.8100000000000025,0.079719895031793,22.95,-1.9,False
2025|line=41|event=946|date=20250810|station=51224,51224,20250810,2025,2,25781.0,25864.0,84,84,-1.3249999999999886,0.0894947198811934,22.95,-1.9,False
2025|line=41|event=946|date=20250810|station=51224,51224,20250810,2025,3,25872.0,26733.0,862,862,0.1299999999999954,0.1458101634862006,22.95,-1.9,False
2025|line=41|event=947|date=20250810|station=51224,51224,20250810,2025,1,27436.0,27618.0,183,183,-1.3599999999999852,0.093408156874863,17.866666666666667,-1.9,False
2025|line=41|event=947|date=20250810|station=51224,51224,20250810,2025,2,27625.0,28164.0,540,540,-0.3299999999999841,0.1255374264252023,17.866666666666667,-1.9,False
2025|line=41|event=948|date=20250810|station=51224,51224,20250810,2025,1,28770.0,29362.0,593,593,-1.5800000000000125,0.1473394497519498,20.666666666666668,-2.1,False
2025|line=41|event=948|date=20250810|station=51224,51224,20250810,2025,2,29368.0,29671.0,304,304,-0.5300000000000011,0.0830380514588955,20.666666666666668,-2.1,False
2025|line=41|event=949|date=20250810|station=51224,51224,20250810,2025,1,30191.0,31300.0,1110,1110,0.2399999999999806,0.1339741909425494,23.98333333333333,-2.0,False
2025|line=41|event=950|date=20250810|station=51224,51224,20250810,2025,1,32215.0,33536.0,1322,1322,-2.7361631139944222,0.3580500258038314,32.86666666666667,-1.9,False
2025|line=41|event=951|date=20250810|station=51224,51224,20250810,2025,1,34385.0,35458.0,1074,1074,-2.259999999999991,0.1432822189204289,18.85,-2.1,False
2025|line=41|event=953|date=20250810|station=51224,51224,20250810,2025,1,40842.0,42597.0,1756,1756,-1.6547663668166308,0.207315825437372,30.216666666666665,-1.9,False
2025|line=41|event=954|date=20250810|station=51224,51224,20250810,2025,1,44233.0,45981.0,1749,1749,-2.379271523178801,0.1996925848720505,30.05,-2.0,False
2025|line=41|event=955|date=20250810|station=51224,51224,20250810,2025,1,51763.0,53592.0,1830,1830,-2.0700421686747177,0.2141026395367581,31.35,-1.9,False
2025|line=41|event=956|date=20250810|station=51224,51224,20250810,2025,1,54188.0,55092.0,905,905,-1.789999999999992,0.145363699457444,19.116666666666667,-2.2,False
2025|line=41|event=956|date=20250810|station=51224,51224,20250810,2025,2,55099.0,55285.0,187,187,-2.0,0.0869160707350428,19.116666666666667,-2.2,False
2025|line=41|event=957|date=20250810|station=51224,51224,20250810,2025,1,59690.0,60011.0,322,322,-0.8800000000000239,0.0936832062780564,6.916666666666667,-1.0,False
2025|line=41|event=958|date=20250811|station=42005,42005,20250811,2025,1,7348.0,11082.0,3735,3735,2.5094177494483887,0.3686851455297097,65.1,4.7,True
2025|line=41|event=959|date=20250811|station=42005,42005,20250811,2025,1,20748.0,27978.0,7231,7231,3.96628688952729,0.4980571822601056,124.6,5.1,True
2025|line=41|event=965|date=20250811|station=42005,42005,20250811,2025,1,36076.0,36937.0,862,862,3.4000000000000057,0.0992499055978743,21.0,2.0,False
2025|line=41|event=966|date=20250811|station=42005,42005,20250811,2025,1,39187.0,39361.0,175,175,1.6300000000000026,0.0558147187142882,8.516666666666667,1.0,False
2025|line=41|event=967|date=20250811|station=42005,42005,20250811,2025,1,41011.0,46813.0,5803,5803,1.366886837498015,0.2347060291557507,102.13333333333334,2.2,False
2025|line=41|event=969|date=20250811|station=42005,42005,20250811,2025,1,61287.0,61363.0,77,77,2.2950000000000017,0.0486686165467723,6.45,2.6,False
2025|line=41|event=970|date=20250811|station=42005,42005,20250811,2025,1,62049.0,62319.0,271,271,-2.450000000000003,0.0786184244213187,9.533333333333331,-2.3,False
2025|line=41|event=971|date=20250811|station=42005,42005,20250811,2025,1,64841.0,66267.0,1427,1427,4.519999999999996,0.1463438762581737,27.85,4.7,True
2025|line=41|event=959|date=20250811|station=50008,50008,20250811,2025,1,20631.0,21222.0,592,592,0.9157939409767586,0.1129380910486853,124.6,1.6,False
2025|line=41|event=959|date=20250811|station=50008,50008,20250811,2025,2,21255.0,24408.0,3154,3154,-0.648436928702008,0.4102752223851341,124.6,1.6,False
2025|line=41|event=959|date=20250811|station=50008,50008,20250811,2025,3,24456.0,25323.0,868,868,1.9449451553930537,0.1265934048462816,124.6,1.6,False
2025|line=41|event=959|date=20250811|station=50008,50008,20250811,2025,4,25327.0,28047.0,2721,2721,0.7094176025071803,0.2642622443804934,124.6,1.6,False
2025|line=41|event=967|date=20250811|station=50008,50008,20250811,2025,1,40862.0,46938.0,6077,6077,0.4211539073690922,0.2369398274142384,102.13333333333334,0.7,False
2025|line=41|event=969|date=20250811|station=50008,50008,20250811,2025,1,61270.0,61418.0,149,149,2.085000000000001,0.1208961983553368,6.45,0.8,False
2025|line=41|event=970|date=20250811|station=50008,50008,20250811,2025,1,61928.0,62049.0,122,122,-0.5649999999999977,0.0476249996992751,9.533333333333331,-0.7,False
2025|line=41|event=971|date=20250811|station=50008,50008,20250811,2025,1,64670.0,66282.0,1613,1613,1.2299999999999969,0.3041064458171509,27.85,1.5,False
2025|line=41|event=958|date=20250811|station=50023,50023,20250811,2025,1,7242.0,8321.0,1080,1080,0.4169036528560923,0.1044063484658691,65.1,1.2,False
2025|line=41|event=958|date=20250811|station=50023,50023,20250811,2025,2,8323.0,11086.0,2764,2764,0.5231576366757054,0.3354831787598754,65.1,1.2,False
2025|line=41|event=959|date=20250811|station=50023,50023,20250811,2025,1,20615.0,20960.0,346,346,0.7544424131626783,0.0974642609594973,124.6,1.3,False
2025|line=41|event=958|date=20250811|station=51105,51105,20250811,2025,1,7359.0,10805.0,3447,3447,-0.8332422162294648,0.2779323835256087,65.1,-0.6,False
2025|line=41|event=959|date=20250811|station=51105,51105,20250811,2025,1,24404.0,24503.0,100,100,-2.141097218594936,0.059877339666861,124.6,-0.7,False
2025|line=41|event=959|date=20250811|station=51105,51105,20250811,2025,2,24550.0,28075.0,3526,3526,-0.1436468399059833,0.385952978109091,124.6,-0.7,False
2025|line=41|event=958|date=20250811|station=51224,51224,20250811,2025,1,7948.0,9173.0,1226,1226,-1.503751532238283,0.159576770005008,65.1,-1.0,False
2025|line=41|event=958|date=20250811|station=51224,51224,20250811,2025,2,9195.0,10805.0,1611,1611,-2.023999754841867,0.1160872886888247,65.1,-1.0,False
2025|line=41|event=971|date=20250811|station=51224,51224,20250811,2025,1,64655.0,66275.0,1621,1621,-0.6799999999999784,0.2551925987062735,27.85,-1.0,False
2025|line=41|event=972|date=20250812|station=42005,42005,20250812,2025,1,20578.0,21539.0,962,962,-3.4349999999999987,0.1816090526820284,18.98333333333333,-4.6,True
2025|line=41|event=975|date=20250812|station=42005,42005,20250812,2025,1,42425.0,43091.0,667,667,10.54,0.1223338778415779,17.333333333333332,9.8,True
2025|line=41|event=976|date=20250812|station=42005,42005,20250812,2025,1,44011.0,44075.0,65,65,1.3049999999999995,0.0592889772789893,5.816666666666666,2.6,False
2025|line=41|event=972|date=20250812|station=50008,50008,20250812,2025,1,20505.0,20753.0,249,249,-0.5,0.1263237759610414,18.98333333333333,-1.5,False
2025|line=41|event=972|date=20250812|station=50008,50008,20250812,2025,2,20783.0,21366.0,584,584,0.360000000000003,0.1334246172095733,18.98333333333333,-1.5,False
2025|line=41|event=975|date=20250812|station=50008,50008,20250812,2025,1,42154.0,43123.0,970,970,3.0700000000000003,0.1131754369570651,17.333333333333332,3.1,True
2025|line=41|event=976|date=20250812|station=50008,50008,20250812,2025,1,43896.0,44029.0,134,134,0.6899999999999977,0.0865709125108453,5.816666666666666,0.8,False
2025|line=41|event=975|date=20250812|station=50023,50023,20250812,2025,1,42153.0,43121.0,969,969,2.519999999999982,0.1445966516565243,17.333333333333332,2.6,False
2025|line=41|event=976|date=20250812|station=50023,50023,20250812,2025,1,43866.0,43956.0,91,91,0.6200000000000045,0.0384942376868107,5.816666666666666,0.7,False
2025|line=41|event=972|date=20250812|station=51020,51020,20250812,2025,1,21358.0,21606.0,249,249,2.549999999999997,0.0887367102361814,18.98333333333333,0.4,False
2025|line=41|event=975|date=20250812|station=51020,51020,20250812,2025,1,42727.0,43169.0,443,443,-1.6300000000000097,0.0673337132337999,17.333333333333332,-0.8,False
2025|line=41|event=972|date=20250812|station=51105,51105,20250812,2025,1,21177.0,21589.0,413,413,1.9300000000000068,0.0753876347734556,18.98333333333333,0.6,False
2025|line=41|event=975|date=20250812|station=51105,51105,20250812,2025,1,42280.0,43137.0,858,858,-1.8349999999999933,0.1225544585210394,17.333333333333332,-1.3,False
2025|line=41|event=972|date=20250812|station=51224,51224,20250812,2025,1,21281.0,21577.0,297,297,3.030000000000001,0.1112210706173852,18.98333333333333,1.0,False
2025|line=41|event=975|date=20250812|station=51224,51224,20250812,2025,1,42173.0,43119.0,947,947,-2.4000000000000057,0.1022809944349532,17.333333333333332,-2.1,False
2025|line=41|event=976|date=20250812|station=51224,51224,20250812,2025,1,43855.0,44090.0,236,236,-0.6299999999999955,0.1247498512835053,5.816666666666666,-0.6,False
2025|line=41|event=979|date=20250813|station=42005,42005,20250813,2025,1,12751.0,14530.0,1780,1780,4.0768925805136575,0.1970498230851979,37.3,5.1,True
2025|line=41|event=980|date=20250813|station=42005,42005,20250813,2025,1,21848.0,23624.0,1777,1777,3.589360158311344,0.1918951616392581,34.983333333333334,4.5,True
2025|line=41|event=981|date=20250813|station=42005,42005,20250813,2025,1,24632.0,26944.0,2313,2313,-4.071317408613826,0.2711613806481291,43.06666666666667,-5.2,True
2025|line=41|event=983|date=20250813|station=42005,42005,20250813,2025,1,48965.0,49170.0,206,206,2.780000000000001,0.0474259381515366,9.916666666666666,2.3,False
2025|line=41|event=984|date=20250813|station=42005,42005,20250813,2025,1,50748.0,51122.0,375,375,2.5500000000000043,0.1005062687151329,12.616666666666667,2.4,False
2025|line=41|event=985|date=20250813|station=42005,42005,20250813,2025,1,55598.0,56225.0,628,628,4.619999999999997,0.1276820026795854,15.15,5.2,True
2025|line=41|event=979|date=20250813|station=50008,50008,20250813,2025,1,12535.0,13817.0,1283,1283,1.546302486750916,0.1760793470930798,37.3,1.6,False
2025|line=41|event=979|date=20250813|station=50008,50008,20250813,2025,2,13844.0,14658.0,815,815,2.062111699959233,0.1544567600177565,37.3,1.6,False
2025|line=41|event=980|date=20250813|station=50008,50008,20250813,2025,1,21681.0,22958.0,1278,1278,1.7897625329815303,0.2303983779059156,34.983333333333334,1.4,False
2025|line=41|event=980|date=20250813|station=50008,50008,20250813,2025,2,22960.0,23712.0,753,753,1.3661213720316638,0.1610785987237666,34.983333333333334,1.4,False
2025|line=41|event=981|date=20250813|station=50008,50008,20250813,2025,1,24502.0,27013.0,2512,2512,-1.982033116178069,0.2271772056216295,43.06666666666667,-1.7,False
2025|line=41|event=984|date=20250813|station=50008,50008,20250813,2025,1,50667.0,51160.0,494,494,0.9400000000000048,0.1629261606023047,12.616666666666667,0.8,False
2025|line=41|event=985|date=20250813|station=50008,50008,20250813,2025,1,55396.0,56249.0,854,854,1.365000000000002,0.2172233166189073,15.15,1.6,False
2025|line=41|event=979|date=20250813|station=50023,50023,20250813,2025,1,12597.0,14616.0,2020,2020,1.6246351406441022,0.4165287682421391,37.3,1.4,False
2025|line=41|event=980|date=20250813|station=50023,50023,20250813,2025,1,21663.0,23709.0,2047,2047,1.4374274406332006,0.3310314748920593,34.983333333333334,1.2,False
2025|line=41|event=981|date=20250813|station=50023,50023,20250813,2025,1,24494.0,27018.0,2525,2525,-1.5245385450597269,0.2544050901786479,43.06666666666667,-1.4,False
2025|line=41|event=985|date=20250813|station=50023,50023,20250813,2025,1,55395.0,56246.0,852,852,1.079999999999984,0.2487287593734015,15.15,1.4,False
2025|line=41|event=980|date=20250813|station=51105,51105,20250813,2025,1,21715.0,23735.0,2021,2021,-0.6934740545294602,0.2835532744717282,34.983333333333334,-0.6,False
2025|line=41|event=981|date=20250813|station=51105,51105,20250813,2025,1,24501.0,27036.0,2536,2536,0.6665553745928321,0.1464140290104954,43.06666666666667,0.7,False
2025|line=41|event=979|date=20250813|station=51224,51224,20250813,2025,1,12696.0,14446.0,1751,1751,-2.026200570729713,0.2105767227371719,37.3,-1.1,False
2025|line=41|event=980|date=20250813|station=51224,51224,20250813,2025,1,21654.0,23706.0,2053,2053,-0.4186257695690472,0.3033964968801138,34.983333333333334,-1.0,False
2025|line=41|event=981|date=20250813|station=51224,51224,20250813,2025,1,24491.0,27016.0,2526,2526,-0.1051610568223111,0.4085889024454427,43.06666666666667,1.1,False
2025|line=41|event=983|date=20250813|station=51224,51224,20250813,2025,1,48743.0,48996.0,254,254,-0.5699999999999932,0.0952075728212279,9.916666666666666,-0.5,False
2025|line=41|event=983|date=20250813|station=51224,51224,20250813,2025,2,49040.0,49175.0,136,136,-0.700000000000017,0.1124802271452699,9.916666666666666,-0.5,False
2025|line=41|event=984|date=20250813|station=51224,51224,20250813,2025,1,50492.0,50867.0,376,376,-0.5400000000000205,0.1676353845711246,12.616666666666667,-0.5,False
2025|line=41|event=985|date=20250813|station=51224,51224,20250813,2025,1,55539.0,56216.0,678,678,-0.9499999999999886,0.1367597467491728,15.15,-1.1,False
2025|line=41|event=986|date=20250814|station=42005,42005,20250814,2025,1,6030.0,6205.0,176,176,-4.936157979769597,0.0774683025055234,115.93333333333334,-4.7,True
2025|line=41|event=986|date=20250814|station=42005,42005,20250814,2025,2,6231.0,6810.0,580,580,-5.6164747822422,0.0796361076906641,115.93333333333334,-4.7,True
2025|line=41|event=986|date=20250814|station=50008,50008,20250814,2025,1,5826.0,8566.0,2741,2741,-0.4156026973869053,0.4772632902665759,115.93333333333334,-1.5,False
2025|line=41|event=986|date=20250814|station=50008,50008,20250814,2025,2,8601.0,8674.0,74,74,1.2680415847148083,0.0701678857118886,115.93333333333334,-1.5,False
2025|line=41|event=986|date=20250814|station=50008,50008,20250814,2025,3,8688.0,10191.0,1504,1504,-0.2561084574318606,0.1828188722492824,115.93333333333334,-1.5,False
2025|line=41|event=986|date=20250814|station=50008,50008,20250814,2025,4,10247.0,10986.0,740,740,-0.4578224220286557,0.1085854592026843,115.93333333333334,-1.5,False
2025|line=41|event=986|date=20250814|station=50008,50008,20250814,2025,5,10997.0,12531.0,1535,1535,-1.6181680247260442,0.3370774572441358,115.93333333333334,-1.5,False
2025|line=41|event=986|date=20250814|station=50008,50008,20250814,2025,6,12542.0,12702.0,161,161,-1.4320342792919334,0.0879945139814919,115.93333333333334,-1.5,False
2025|line=41|event=986|date=20250814|station=50023,50023,20250814,2025,1,8502.0,12702.0,4201,4201,-0.0877858949143046,0.4031470062300127,115.93333333333334,-1.2,False
2025|line=41|event=991|date=20250815|station=42005,42005,20250815,2025,1,80794.0,81021.0,228,228,4.869999999999997,0.0812769014767824,8.0,4.8,True
2025|line=41|event=991|date=20250815|station=50008,50008,20250815,2025,1,80634.0,81044.0,411,411,1.8150000000000048,0.058625308382908,8.0,1.5,False
2025|line=41|event=991|date=20250815|station=50023,50023,20250815,2025,1,80623.0,81041.0,419,419,1.6000000000000227,0.0471654915314644,8.0,1.3,False
2025|line=41|event=991|date=20250815|station=51105,51105,20250815,2025,1,80632.0,81019.0,388,388,-0.5100000000000051,0.0821959522406736,8.0,-0.6,False
2025|line=41|event=991|date=20250815|station=51224,51224,20250815,2025,1,80607.0,81037.0,431,431,-0.8099999999999739,0.1073017751584104,8.0,-1.0,False
2025|line=41|event=994|date=20250816|station=42005,42005,20250816,2025,1,17338.0,18238.0,901,901,3.824999999999996,0.2354543882179507,19.08333333333333,4.6,True
2025|line=41|event=994|date=20250816|station=50008,50008,20250816,2025,1,17224.0,18215.0,992,992,1.2950000000000017,0.1141734609474292,19.08333333333333,1.5,False
2025|line=41|event=994|date=20250816|station=50023,50023,20250816,2025,1,17214.0,18206.0,993,993,0.8999999999999773,0.0995596272489818,19.08333333333333,1.2,False
2025|line=41|event=994|date=20250816|station=51105,51105,20250816,2025,1,17370.0,18332.0,963,963,-0.7399999999999949,0.1625971140373189,19.08333333333333,-0.6,False
2025|line=41|event=994|date=20250816|station=51224,51224,20250816,2025,1,17219.0,18299.0,1081,1081,-0.9499999999999886,0.1336581769287623,19.08333333333333,-1.0,False
2025|line=41|event=999|date=20250825|station=41011,41011,20250825,2025,1,41019.0,41359.0,341,341,1.6500000000000057,0.0661309510694722,11.566666666666666,0.9,False
2025|line=41|event=999|date=20250825|station=43002,43002,20250825,2025,1,40797.0,41296.0,500,500,-0.7099999999999795,0.0941608350939623,11.566666666666666,-0.6,False
2025|line=41|event=999|date=20250825|station=50008,50008,20250825,2025,1,40731.0,40822.0,92,92,-11.829999999999998,0.0510734188249533,11.566666666666666,-11.8,True
2025|line=41|event=999|date=20250825|station=50008,50008,20250825,2025,2,40884.0,41316.0,433,433,-10.22,0.1204480195034079,11.566666666666666,-11.8,True
2025|line=41|event=999|date=20250825|station=50023,50023,20250825,2025,1,40716.0,41314.0,599,599,-8.439999999999998,0.1409181795434775,11.566666666666666,-9.8,True
2025|line=41|event=999|date=20250825|station=51020,51020,20250825,2025,1,40851.0,41332.0,482,482,3.620000000000005,0.1472569076095763,11.566666666666666,3.0,True
2025|line=41|event=999|date=20250825|station=51105,51105,20250825,2025,1,40722.0,41322.0,601,601,3.75,0.1243219900216591,11.566666666666666,5.0,True
2025|line=41|event=999|date=20250825|station=51224,51224,20250825,2025,1,40679.0,41303.0,625,625,6.700000000000017,0.105945300157722,11.566666666666666,8.0,True
2025|line=40|event=776|date=20250914|station=42005,42005,20250914,2025,1,30463.0,30693.0,231,231,2.990000000000002,0.0822762290920585,8.45,1.8,False
2025|line=40|event=780|date=20250914|station=42005,42005,20250914,2025,1,35721.0,36996.0,1276,1276,-0.5244060475161945,0.081068124293301,35.96666666666667,-1.8,False
2025|line=40|event=781|date=20250914|station=42005,42005,20250914,2025,1,40025.0,40946.0,922,922,-2.8200000000000003,0.0712532878654547,23.33333333333333,-1.8,False
2025|line=40|event=783|date=20250914|station=42005,42005,20250914,2025,1,48993.0,51697.0,2705,2705,-1.9782426238900044,0.1355358017545971,55.18333333333333,-1.8,False
2025|line=40|event=785|date=20250914|station=42005,42005,20250914,2025,1,60367.0,60769.0,403,403,-3.75,0.1515839551017552,11.566666666666666,-1.8,False
2025|line=40|event=771|date=20250914|station=43002,43002,20250914,2025,1,6981.0,10728.0,3748,3748,-0.6023124683223386,0.4870231292148134,63.23333333333333,1.2,False
2025|line=40|event=772|date=20250914|station=43002,43002,20250914,2025,1,12465.0,14260.0,1796,1796,0.5675485799700937,0.289905652657377,30.866666666666667,1.3,False
2025|line=40|event=773|date=20250914|station=43002,43002,20250914,2025,1,20426.0,23385.0,2960,2960,-2.073839674702356,0.2244080977499617,54.85,-1.2,False
2025|line=40|event=774|date=20250914|station=43002,43002,20250914,2025,1,25112.0,26076.0,965,965,0.3100000000000023,0.0967078096724335,21.73333333333333,-1.2,False
2025|line=40|event=776|date=20250914|station=43002,43002,20250914,2025,1,30278.0,30674.0,397,397,3.019999999999982,0.0514963062957704,8.45,2.5,False
2025|line=40|event=780|date=20250914|station=43002,43002,20250914,2025,1,35096.0,37159.0,2064,2064,-2.6613066954643614,0.0705661459044667,35.96666666666667,-2.6,False
2025|line=40|event=781|date=20250914|station=43002,43002,20250914,2025,1,39622.0,40923.0,1302,1302,-2.680000000000007,0.1334849052267147,23.33333333333333,-2.5,False
2025|line=40|event=782|date=20250914|station=43002,43002,20250914,2025,1,41435.0,42264.0,830,830,-2.5299999999999727,0.1277308238876431,15.316666666666666,-2.5,False
2025|line=40|event=783|date=20250914|station=43002,43002,20250914,2025,1,48759.0,51975.0,3217,3217,-2.270378115153221,0.178556488974713,55.18333333333333,-2.6,False
2025|line=40|event=785|date=20250914|station=43002,43002,20250914,2025,1,60211.0,60745.0,535,535,-3.1200000000000045,0.0655575188974456,11.566666666666666,-2.5,False
2025|line=40|event=787|date=20250914|station=43002,43002,20250914,2025,1,62522.0,64181.0,1660,1660,-2.1299999999999955,0.1306834676684544,28.883333333333333,-2.5,False
2025|line=40|event=776|date=20250914|station=50008,50008,20250914,2025,1,30442.0,30693.0,252,252,1.370000000000001,0.1442368607058313,8.45,0.4,False
2025|line=40|event=787|date=20250914|station=50008,50008,20250914,2025,1,62686.0,64202.0,1517,1517,-1.759999999999998,0.2142269110137732,28.883333333333333,-0.4,False
2025|line=40|event=781|date=20250914|station=51020,51020,20250914,2025,1,39649.0,39893.0,245,245,-0.5650000000000119,0.0560297385885357,23.33333333333333,-0.6,False
2025|line=40|event=781|date=20250914|station=51020,51020,20250914,2025,2,40261.0,40921.0,661,661,-0.8150000000000119,0.0956783652146201,23.33333333333333,-0.6,False
2025|line=40|event=782|date=20250914|station=51020,51020,20250914,2025,1,41574.0,41777.0,204,204,-0.9300000000000068,0.047022841723189,15.316666666666666,-0.6,False
2025|line=40|event=782|date=20250914|station=51020,51020,20250914,2025,2,42075.0,42275.0,201,201,-1.0900000000000034,0.0473886838549917,15.316666666666666,-0.6,False
2025|line=40|event=776|date=20250914|station=51105,51105,20250914,2025,1,30502.0,30693.0,192,192,2.4599999999999937,0.0619760017093759,8.45,0.9,False
2025|line=40|event=781|date=20250914|station=51105,51105,20250914,2025,1,39749.0,40946.0,1198,1198,-0.9099999999999966,0.1995865118982809,23.33333333333333,-1.0,False
2025|line=40|event=782|date=20250914|station=51105,51105,20250914,2025,1,41633.0,42286.0,654,654,-1.1949999999999932,0.1174869831056748,15.316666666666666,-0.9,False
2025|line=40|event=783|date=20250914|station=51105,51105,20250914,2025,1,48764.0,49793.0,1030,1030,-0.9229203666571096,0.175555854854232,55.18333333333333,-1.0,False
2025|line=40|event=783|date=20250914|station=51105,51105,20250914,2025,2,49805.0,52020.0,2216,2216,-0.3907949011744591,0.1901480821109503,55.18333333333333,-1.0,False
2025|line=40|event=771|date=20250914|station=61008,61008,20250914,2025,1,7035.0,7148.0,114,114,-1.406135960466301,0.1369485011932416,63.23333333333333,-0.9,False
2025|line=40|event=771|date=20250914|station=61008,61008,20250914,2025,2,7176.0,7282.0,107,107,-1.491035225544849,0.1020879184235371,63.23333333333333,-0.9,False
2025|line=40|event=771|date=20250914|station=61008,61008,20250914,2025,3,7345.0,7430.0,86,86,-1.396082742017228,0.0961867165210092,63.23333333333333,-0.9,False
2025|line=40|event=771|date=20250914|station=61008,61008,20250914,2025,4,7644.0,7938.0,295,295,-1.1578598580841373,0.1287802192073414,63.23333333333333,-0.9,False
2025|line=40|event=771|date=20250914|station=61008,61008,20250914,2025,5,7940.0,8306.0,367,367,-0.754489356310188,0.1128790149419653,63.23333333333333,-0.9,False
2025|line=40|event=771|date=20250914|station=61008,61008,20250914,2025,6,8333.0,8456.0,124,124,-0.8517631779016739,0.087632716653632,63.23333333333333,-0.9,False
2025|line=40|event=771|date=20250914|station=61008,61008,20250914,2025,7,8487.0,8733.0,247,247,-1.018641662442988,0.1175858942593921,63.23333333333333,-0.9,False
2025|line=40|event=771|date=20250914|station=61008,61008,20250914,2025,8,8757.0,8849.0,93,93,-1.3307184490623456,0.0784356625399184,63.23333333333333,-0.9,False
2025|line=40|event=771|date=20250914|station=61008,61008,20250914,2025,9,8889.0,8983.0,95,95,-1.2166573745565188,0.1193474318862745,63.23333333333333,-0.9,False
2025|line=40|event=771|date=20250914|station=61008,61008,20250914,2025,10,9030.0,9130.0,101,101,-1.3733882412569756,0.1188385332172527,63.23333333333333,-0.9,False
2025|line=40|event=771|date=20250914|station=61008,61008,20250914,2025,11,9303.0,9373.0,71,71,-1.1637810440952876,0.0685559876111309,63.23333333333333,-0.9,False
2025|line=40|event=771|date=20250914|station=61008,61008,20250914,2025,12,9405.0,9613.0,209,209,-1.654273948302091,0.1319923215102468,63.23333333333333,-0.9,False
2025|line=40|event=771|date=20250914|station=61008,61008,20250914,2025,13,9648.0,9867.0,220,220,-1.5935282564622495,0.1322217555058155,63.23333333333333,-0.9,False
2025|line=40|event=771|date=20250914|station=61008,61008,20250914,2025,14,9923.0,10168.0,246,246,-1.5419899898631542,0.1049170492075238,63.23333333333333,-0.9,False
2025|line=40|event=771|date=20250914|station=61008,61008,20250914,2025,15,10187.0,10369.0,183,183,-1.3032742017232692,0.1051058971905748,63.23333333333333,-0.9,False
2025|line=40|event=771|date=20250914|station=61008,61008,20250914,2025,16,10421.0,10722.0,302,302,-1.3671319057273337,0.1154255458110791,63.23333333333333,-0.9,False
2025|line=40|event=772|date=20250914|station=61008,61008,20250914,2025,1,12646.0,12774.0,129,129,-0.95767563527653,0.1161561024726863,30.866666666666667,-1.0,False
2025|line=40|event=772|date=20250914|station=61008,61008,20250914,2025,2,12803.0,13110.0,308,308,-0.5583208769307362,0.1430630866991201,30.866666666666667,-1.0,False
2025|line=40|event=772|date=20250914|station=61008,61008,20250914,2025,3,13288.0,13474.0,187,187,0.1332859990034904,0.100102752198514,30.866666666666667,-1.0,False
2025|line=40|event=772|date=20250914|station=61008,61008,20250914,2025,4,13505.0,13627.0,123,123,0.4405705032386748,0.0905498336898819,30.866666666666667,-1.0,False
2025|line=40|event=772|date=20250914|station=61008,61008,20250914,2025,5,13754.0,13827.0,74,74,-0.1123193821624255,0.1392871552380806,30.866666666666667,-1.0,False
2025|line=40|event=772|date=20250914|station=61008,61008,20250914,2025,6,14135.0,14204.0,70,70,-1.538423019431974,0.0548718468760553,30.866666666666667,-1.0,False
2025|line=40|event=773|date=20250914|station=61008,61008,20250914,2025,1,20288.0,20355.0,68,68,1.4593181818181904,0.0946691626894468,54.85,0.9,False
2025|line=40|event=773|date=20250914|station=61008,61008,20250914,2025,2,20542.0,20718.0,177,177,1.830146674411857,0.127442908636116,54.85,0.9,False
2025|line=40|event=773|date=20250914|station=61008,61008,20250914,2025,3,21014.0,21285.0,272,272,-1.1190335463258734,0.1652994399096987,54.85,0.9,False
2025|line=40|event=773|date=20250914|station=61008,61008,20250914,2025,4,21346.0,21536.0,191,191,-1.7804792332268278,0.1672942261117598,54.85,0.9,False
2025|line=40|event=773|date=20250914|station=61008,61008,20250914,2025,5,21555.0,21732.0,178,178,-0.9891250363055448,0.0708793166183877,54.85,0.9,False
2025|line=40|event=773|date=20250914|station=61008,61008,20250914,2025,6,21913.0,21988.0,76,76,1.065767499273896,0.1193354314188666,54.85,0.9,False
2025|line=40|event=773|date=20250914|station=61008,61008,20250914,2025,7,22014.0,22085.0,72,72,2.007540662213195,0.0750237095196486,54.85,0.9,False
2025|line=40|event=773|date=20250914|station=61008,61008,20250914,2025,8,22106.0,22179.0,74,74,1.9455699970955609,0.0796994725436243,54.85,0.9,False
2025|line=40|event=773|date=20250914|station=61008,61008,20250914,2025,9,22411.0,22528.0,118,118,-3.495391373801908,0.1127928622929227,54.85,0.9,False
2025|line=40|event=773|date=20250914|station=61008,61008,20250914,2025,10,22547.0,22635.0,89,89,-2.699578855649144,0.1228583860051353,54.85,0.9,False
2025|line=40|event=773|date=20250914|station=61008,61008,20250914,2025,11,22672.0,22992.0,321,321,-2.3558684286959,0.1572724815783083,54.85,0.9,False
2025|line=40|event=773|date=20250914|station=61008,61008,20250914,2025,12,23105.0,23202.0,98,98,-0.3335949753122236,0.0853085138600585,54.85,0.9,False
2025|line=40|event=773|date=20250914|station=61008,61008,20250914,2025,13,23236.0,23469.0,234,234,-0.016091344757477,0.1517479445339063,54.85,0.9,False
2025|line=40|event=776|date=20250914|station=61008,61008,20250914,2025,1,30231.0,30435.0,205,205,-1.5499999999999972,0.0911372946425164,8.45,-1.9,False
2025|line=40|event=780|date=20250914|station=61008,61008,20250914,2025,1,35073.0,35168.0,96,96,1.7462872570194463,0.0945354307696529,35.96666666666667,1.9,False
2025|line=40|event=780|date=20250914|station=61008,61008,20250914,2025,2,35212.0,35328.0,117,117,1.7284017278617796,0.0886721102273985,35.96666666666667,1.9,False
2025|line=40|event=780|date=20250914|station=61008,61008,20250914,2025,3,35372.0,35507.0,136,136,1.8407321814254944,0.0947379502233123,35.96666666666667,1.9,False
2025|line=40|event=780|date=20250914|station=61008,61008,20250914,2025,4,35517.0,36240.0,724,724,1.8564730021598308,0.1203534014912095,35.96666666666667,1.9,False
2025|line=40|event=780|date=20250914|station=61008,61008,20250914,2025,5,36249.0,36768.0,520,520,1.883276457883369,0.1399981585702833,35.96666666666667,1.9,False
2025|line=40|event=780|date=20250914|station=61008,61008,20250914,2025,6,36800.0,37049.0,250,250,2.081768898488121,0.186170222702997,35.96666666666667,1.9,False
2025|line=40|event=781|date=20250914|station=61008,61008,20250914,2025,1,39719.0,40252.0,534,534,1.8199999999999927,0.1516361479503346,23.33333333333333,1.9,False
2025|line=40|event=781|date=20250914|station=61008,61008,20250914,2025,2,40287.0,40866.0,580,580,2.1499999999999915,0.120208813080512,23.33333333333333,1.9,False
2025|line=40|event=782|date=20250914|station=61008,61008,20250914,2025,1,41402.0,41575.0,174,174,1.940000000000012,0.1085406800024614,15.316666666666666,1.9,False
2025|line=40|event=782|date=20250914|station=61008,61008,20250914,2025,2,41605.0,42015.0,411,411,2.0600000000000023,0.1501526195072086,15.316666666666666,1.9,False
2025|line=40|event=782|date=20250914|station=61008,61008,20250914,2025,3,42037.0,42146.0,110,110,1.710000000000008,0.0870009490733523,15.316666666666666,1.9,False
2025|line=40|event=782|date=20250914|station=61008,61008,20250914,2025,4,42164.0,42267.0,104,104,1.4750000000000083,0.106524479009998,15.316666666666666,1.9,False
2025|line=40|event=783|date=20250914|station=61008,61008,20250914,2025,1,48733.0,48862.0,130,130,1.934496562589516,0.1024844452555762,55.18333333333333,2.0,False
2025|line=40|event=783|date=20250914|station=61008,61008,20250914,2025,2,48867.0,48943.0,77,77,2.121044113434536,0.091657724375937,55.18333333333333,2.0,False
2025|line=40|event=783|date=20250914|station=61008,61008,20250914,2025,3,48954.0,49018.0,65,65,1.739745058722434,0.0737569532466763,55.18333333333333,2.0,False
2025|line=40|event=783|date=20250914|station=61008,61008,20250914,2025,4,49029.0,50137.0,1109,1109,2.203874248066456,0.1755478523670204,55.18333333333333,2.0,False
2025|line=40|event=783|date=20250914|station=61008,61008,20250914,2025,5,50146.0,50604.0,459,459,2.6889501575479926,0.1563227928380294,55.18333333333333,2.0,False
2025|line=40|event=783|date=20250914|station=61008,61008,20250914,2025,6,50613.0,51974.0,1362,1362,2.917614580349479,0.2275816286751199,55.18333333333333,2.0,False
2025|line=40|event=785|date=20250914|station=61008,61008,20250914,2025,1,60133.0,60602.0,470,470,2.219999999999999,0.1069506650515057,11.566666666666666,1.9,False
2025|line=40|event=787|date=20250914|station=61008,61008,20250914,2025,1,62616.0,64176.0,1561,1561,3.0250000000000057,0.1697001314684965,28.883333333333333,1.9,False
2025|line=40|event=771|date=20250914|station=61010,61010,20250914,2025,1,7307.0,7423.0,117,117,-0.9485656360871816,0.0963256554505544,63.23333333333333,-0.4,False
2025|line=40|event=771|date=20250914|station=61010,61010,20250914,2025,2,7432.0,7564.0,133,133,-1.1192650785605451,0.1068689399321712,63.23333333333333,-0.4,False
2025|line=40|event=771|date=20250914|station=61010,61010,20250914,2025,3,7598.0,10011.0,2414,2414,-1.1991434363912958,0.1678470265243452,63.23333333333333,-0.4,False
2025|line=40|event=771|date=20250914|station=61010,61010,20250914,2025,4,10018.0,10444.0,427,427,-0.6589761784085226,0.1122545660441509,63.23333333333333,-0.4,False
2025|line=40|event=776|date=20250914|station=61010,61010,20250914,2025,1,30249.0,30693.0,445,445,-0.8100000000000023,0.1154009369984659,8.45,-0.9,False
2025|line=40|event=780|date=20250914|station=61010,61010,20250914,2025,1,35176.0,35334.0,159,159,0.9217926565874848,0.1010665172893795,35.96666666666667,0.9,False
2025|line=40|event=780|date=20250914|station=61010,61010,20250914,2025,2,35340.0,36683.0,1344,1344,0.9524298056155658,0.1346966163944069,35.96666666666667,0.9,False
2025|line=40|event=780|date=20250914|station=61010,61010,20250914,2025,3,36829.0,37042.0,214,214,0.8101511879049497,0.1430948327276782,35.96666666666667,0.9,False
2025|line=40|event=781|date=20250914|station=61010,61010,20250914,2025,1,39699.0,39768.0,70,70,0.8300000000000125,0.0883290700719121,23.33333333333333,0.9,False
2025|line=40|event=781|date=20250914|station=61010,61010,20250914,2025,2,39787.0,40946.0,1160,1160,1.1899999999999975,0.1301271630435947,23.33333333333333,0.9,False
2025|line=40|event=782|date=20250914|station=61010,61010,20250914,2025,1,41667.0,42276.0,610,610,1.3799999999999957,0.1405419953337179,15.316666666666666,0.9,False
2025|line=40|event=783|date=20250914|station=61010,61010,20250914,2025,1,48776.0,51981.0,3206,3206,1.0556989401317765,0.147165482650339,55.18333333333333,0.9,False
2025|line=40|event=785|date=20250914|station=61010,61010,20250914,2025,1,60608.0,60732.0,125,125,2.240000000000009,0.0586587115958311,11.566666666666666,0.9,False
2025|line=40|event=771|date=20250914|station=61160,61160,20250914,2025,1,7288.0,7556.0,269,269,-0.9746654840344604,0.0525505820638175,63.23333333333333,-0.5,False
2025|line=40|event=771|date=20250914|station=61160,61160,20250914,2025,2,7560.0,10453.0,2894,2894,-1.28631208819057,0.1800038426703621,63.23333333333333,-0.5,False
2025|line=40|event=774|date=20250914|station=61160,61160,20250914,2025,1,25252.0,26284.0,1033,1033,0.8200000000000074,0.1401096169658486,21.73333333333333,0.5,False
2025|line=40|event=776|date=20250914|station=61160,61160,20250914,2025,1,30323.0,30668.0,346,346,-1.1400000000000006,0.0611202325249678,8.45,-1.0,False
2025|line=40|event=780|date=20250914|station=61160,61160,20250914,2025,1,35113.0,37155.0,2043,2043,1.3271231101511916,0.143621948652963,35.96666666666667,1.0,False
2025|line=40|event=781|date=20250914|station=61160,61160,20250914,2025,1,39710.0,40946.0,1237,1237,1.4199999999999875,0.1746558781572491,23.33333333333333,1.0,False
2025|line=40|event=782|date=20250914|station=61160,61160,20250914,2025,1,41616.0,42279.0,664,664,1.7600000000000051,0.1274318998007272,15.316666666666666,1.0,False
2025|line=40|event=783|date=20250914|station=61160,61160,20250914,2025,1,48781.0,51988.0,3208,3208,1.1922114007447675,0.1642409362560347,55.18333333333333,1.0,False
2025|line=40|event=785|date=20250914|station=61160,61160,20250914,2025,1,60523.0,60769.0,247,247,3.305000000000007,0.0591719500972536,11.566666666666666,1.0,False
2025|line=40|event=776|date=20250914|station=62151,62151,20250914,2025,1,30306.0,30527.0,222,222,0.7550000000000097,0.1031374963081701,8.45,0.6,False
2025|line=40|event=776|date=20250914|station=62151,62151,20250914,2025,2,30545.0,30693.0,149,149,0.9350000000000024,0.0786072963564255,8.45,0.6,False
2025|line=40|event=783|date=20250914|station=62151,62151,20250914,2025,1,48747.0,49737.0,991,991,-0.6426625608708179,0.0956958242750933,55.18333333333333,-0.6,False
2025|line=40|event=783|date=20250914|station=62151,62151,20250914,2025,2,49797.0,50673.0,877,877,-0.5886193067888854,0.0827495887242541,55.18333333333333,-0.6,False
2025|line=40|event=783|date=20250914|station=62151,62151,20250914,2025,3,50753.0,50972.0,220,220,-0.55668361501003,0.1180803693832487,55.18333333333333,-0.6,False
2025|line=40|event=783|date=20250914|station=62151,62151,20250914,2025,4,50985.0,51457.0,473,473,-0.5227012317387505,0.0802503595824611,55.18333333333333,-0.6,False
2025|line=40|event=783|date=20250914|station=62151,62151,20250914,2025,5,51517.0,51737.0,221,221,-0.5914408478945887,0.0920500619893601,55.18333333333333,-0.6,False
2025|line=40|event=783|date=20250914|station=62151,62151,20250914,2025,6,51801.0,51986.0,186,186,-0.5928179604697732,0.158296090500797,55.18333333333333,-0.6,False
2025|line=40|event=785|date=20250914|station=62151,62151,20250914,2025,1,60130.0,60657.0,528,528,-0.4600000000000079,0.083021913982243,11.566666666666666,-0.6,False
2025|line=40|event=789|date=20250915|station=42005,42005,20250915,2025,1,4804.0,4972.0,169,169,-0.8249999999999957,0.1164453874197735,27.98333333333333,1.8,False
2025|line=40|event=789|date=20250915|station=42005,42005,20250915,2025,2,5122.0,5285.0,164,164,1.375,0.0735187052495196,27.98333333333333,1.8,False
2025|line=40|event=789|date=20250915|station=42005,42005,20250915,2025,3,5328.0,5483.0,156,156,1.2349999999999994,0.0875460183163076,27.98333333333333,1.8,False
2025|line=40|event=789|date=20250915|station=42005,42005,20250915,2025,4,5539.0,6031.0,493,493,0.8850000000000051,0.2003376665792824,27.98333333333333,1.8,False
2025|line=40|event=790|date=20250915|station=42005,42005,20250915,2025,1,7232.0,7328.0,97,97,2.5600000000000023,0.0909252533270194,24.016666666666666,1.8,False
2025|line=40|event=790|date=20250915|station=42005,42005,20250915,2025,2,7408.0,7493.0,86,86,2.8700000000000045,0.0655757346274387,24.016666666666666,1.8,False
2025|line=40|event=790|date=20250915|station=42005,42005,20250915,2025,3,7665.0,7958.0,294,294,1.0749999999999955,0.2350791711471007,24.016666666666666,1.8,False
2025|line=40|event=790|date=20250915|station=42005,42005,20250915,2025,4,8031.0,8278.0,248,248,-0.1700000000000017,0.2122893703278826,24.016666666666666,1.8,False
2025|line=40|event=790|date=20250915|station=42005,42005,20250915,2025,5,8324.0,8427.0,104,104,0.4200000000000017,0.0691052047845021,24.016666666666666,1.8,False
2025|line=40|event=792|date=20250915|station=42005,42005,20250915,2025,1,10587.0,10758.0,172,172,-1.3699999999999903,0.1238654307741032,19.366666666666667,1.7,False
2025|line=40|event=792|date=20250915|station=42005,42005,20250915,2025,2,10867.0,10969.0,103,103,-0.8849999999999909,0.06109274289535,19.366666666666667,1.7,False
2025|line=40|event=792|date=20250915|station=42005,42005,20250915,2025,3,11239.0,11322.0,84,84,-0.4599999999999937,0.0961324300314201,19.366666666666667,1.7,False
2025|line=40|event=792|date=20250915|station=42005,42005,20250915,2025,4,11512.0,11584.0,73,73,0.5250000000000057,0.04207347488998,19.366666666666667,1.7,False
2025|line=40|event=793|date=20250915|station=42005,42005,20250915,2025,1,12627.0,12998.0,372,372,2.390000000000001,0.1711882473746132,11.933333333333334,1.7,False
2025|line=40|event=793|date=20250915|station=42005,42005,20250915,2025,2,13051.0,13118.0,68,68,1.5200000000000031,0.0469884201929105,11.933333333333334,1.7,False
2025|line=40|event=793|date=20250915|station=42005,42005,20250915,2025,3,13150.0,13228.0,79,79,2.25,0.0622338366435732,11.933333333333334,1.7,False
2025|line=40|event=794|date=20250915|station=42005,42005,20250915,2025,1,18932.0,19165.0,234,234,3.2550000000000026,0.1198085358355141,16.65,1.7,False
2025|line=40|event=789|date=20250915|station=43002,43002,20250915,2025,1,4808.0,6111.0,1304,1304,1.2899999999999636,0.1565384627696092,27.98333333333333,2.5,False
2025|line=40|event=790|date=20250915|station=43002,43002,20250915,2025,1,7161.0,7353.0,193,193,3.0600000000000023,0.1157183736698776,24.016666666666666,2.5,False
2025|line=40|event=790|date=20250915|station=43002,43002,20250915,2025,2,7403.0,7489.0,87,87,1.9300000000000068,0.0365066057988098,24.016666666666666,2.5,False
2025|line=40|event=790|date=20250915|station=43002,43002,20250915,2025,3,7537.0,7606.0,70,70,0.7799999999999727,0.0500495713876358,24.016666666666666,2.5,False
2025|line=40|event=790|date=20250915|station=43002,43002,20250915,2025,4,7611.0,7942.0,332,332,0.0899999999999749,0.2119964162187213,24.016666666666666,2.5,False
2025|line=40|event=790|date=20250915|station=43002,43002,20250915,2025,5,8030.0,8103.0,74,74,-1.3999999999999773,0.0792539345854356,24.016666666666666,2.5,False
2025|line=40|event=791|date=20250915|station=43002,43002,20250915,2025,1,9291.0,9901.0,611,611,3.160000000000025,0.1376584313786558,19.28333333333333,2.5,False
2025|line=40|event=791|date=20250915|station=43002,43002,20250915,2025,2,9917.0,10034.0,118,118,3.6000000000000227,0.1022380360748468,19.28333333333333,2.5,False
2025|line=40|event=791|date=20250915|station=43002,43002,20250915,2025,3,10067.0,10212.0,146,146,3.1100000000000136,0.1314333585190155,19.28333333333333,2.5,False
2025|line=40|event=791|date=20250915|station=43002,43002,20250915,2025,4,10218.0,10325.0,108,108,2.590000000000032,0.1259153809997979,19.28333333333333,2.5,False
2025|line=40|event=792|date=20250915|station=43002,43002,20250915,2025,1,10652.0,10745.0,94,94,2.2800000000000296,0.0679127462413064,19.366666666666667,2.4,False
2025|line=40|event=792|date=20250915|station=43002,43002,20250915,2025,2,10781.0,10863.0,83,83,1.75,0.0746083729134019,19.366666666666667,2.4,False
2025|line=40|event=792|date=20250915|station=43002,43002,20250915,2025,3,11130.0,11189.0,60,60,2.0,0.0521098915893807,19.366666666666667,2.4,False
2025|line=40|event=792|date=20250915|station=43002,43002,20250915,2025,4,11230.0,11371.0,142,142,2.490000000000009,0.1243108967279888,19.366666666666667,2.4,False
2025|line=40|event=792|date=20250915|station=43002,43002,20250915,2025,5,11403.0,11657.0,255,255,3.5,0.100752576535459,19.366666666666667,2.4,False
2025|line=40|event=793|date=20250915|station=43002,43002,20250915,2025,1,12675.0,12820.0,146,146,3.6899999999999977,0.0950010252091425,11.933333333333334,2.5,False
2025|line=40|event=793|date=20250915|station=43002,43002,20250915,2025,2,12922.0,13227.0,306,306,5.430000000000007,0.1116213107254263,11.933333333333334,2.5,False
2025|line=40|event=794|date=20250915|station=43002,43002,20250915,2025,1,18440.0,19187.0,748,748,3.805000000000007,0.208374087481948,16.65,2.5,False
2025|line=40|event=795|date=20250915|station=43002,43002,20250915,2025,1,20047.0,20922.0,876,876,5.509999999999991,0.1368783662054112,22.4,2.5,False
2025|line=40|event=802|date=20250915|station=43002,43002,20250915,2025,1,40067.0,40515.0,449,449,1.8999999999999773,0.175064969533573,11.55,1.3,False
2025|line=40|event=803|date=20250915|station=43002,43002,20250915,2025,1,44445.0,44517.0,73,73,1.75,0.0402643420287326,3.566666666666667,1.2,False
2025|line=40|event=804|date=20250915|station=43002,43002,20250915,2025,1,45972.0,46963.0,992,992,-4.0,0.1399825140423494,20.58333333333333,-2.5,False
2025|line=40|event=805|date=20250915|station=43002,43002,20250915,2025,1,47394.0,48362.0,969,969,-2.8600000000000136,0.2945608410156909,23.366666666666667,-2.5,False
2025|line=40|event=806|date=20250915|station=43002,43002,20250915,2025,1,49425.0,50203.0,779,779,-2.2999999999999545,0.1547814928917833,25.816666666666663,-2.5,False
2025|line=40|event=807|date=20250915|station=43002,43002,20250915,2025,1,50718.0,51549.0,832,832,-3.0600000000000023,0.1222652483309801,15.5,-2.5,False
2025|line=40|event=791|date=20250915|station=50008,50008,20250915,2025,1,9265.0,9372.0,108,108,0.620000000000001,0.0901697300535023,19.28333333333333,0.4,False
2025|line=40|event=791|date=20250915|station=50008,50008,20250915,2025,2,9396.0,9513.0,118,118,1.5,0.1110682947406992,19.28333333333333,0.4,False
2025|line=40|event=791|date=20250915|station=50008,50008,20250915,2025,3,9567.0,9655.0,89,89,0.1099999999999994,0.0772277493100253,19.28333333333333,0.4,False
2025|line=40|event=791|date=20250915|station=50008,50008,20250915,2025,4,9720.0,9835.0,116,116,1.4450000000000005,0.0793642540153767,19.28333333333333,0.4,False
2025|line=40|event=791|date=20250915|station=50008,50008,20250915,2025,5,9932.0,10032.0,101,101,0.120000000000001,0.0723367909445069,19.28333333333333,0.4,False
2025|line=40|event=791|date=20250915|station=50008,50008,20250915,2025,6,10071.0,10255.0,185,185,0.4100000000000001,0.1369222170812996,19.28333333333333,0.4,False
2025|line=40|event=794|date=20250915|station=50008,50008,20250915,2025,1,18555.0,18736.0,182,182,1.1999999999999993,0.0941470016637904,16.65,0.4,False
2025|line=40|event=794|date=20250915|station=50008,50008,20250915,2025,2,18773.0,18911.0,139,139,1.5500000000000007,0.0736509229499597,16.65,0.4,False
2025|line=40|event=791|date=20250915|station=51020,51020,20250915,2025,1,9224.0,9379.0,156,156,0.4950000000000045,0.0977725187838357,19.28333333333333,0.6,False
2025|line=40|event=791|date=20250915|station=51020,51020,20250915,2025,2,9717.0,10340.0,624,624,0.2300000000000039,0.1640570120733335,19.28333333333333,0.6,False
2025|line=40|event=794|date=20250915|station=51020,51020,20250915,2025,1,18662.0,19212.0,551,551,-0.1299999999999954,0.3522159786946029,16.65,0.6,False
2025|line=40|event=804|date=20250915|station=51020,51020,20250915,2025,1,46675.0,47008.0,334,334,-1.5550000000000068,0.0639153797177809,20.58333333333333,-0.6,False
2025|line=40|event=789|date=20250915|station=51105,51105,20250915,2025,1,4773.0,5330.0,558,558,1.5200000000000102,0.1604246564846374,27.98333333333333,1.0,False
2025|line=40|event=789|date=20250915|station=51105,51105,20250915,2025,2,5332.0,6013.0,682,682,1.3800000000000097,0.2000023722653513,27.98333333333333,1.0,False
2025|line=40|event=789|date=20250915|station=51105,51105,20250915,2025,3,6017.0,6108.0,92,92,0.1750000000000113,0.07433240052476,27.98333333333333,1.0,False
2025|line=40|event=790|date=20250915|station=51105,51105,20250915,2025,1,7156.0,7221.0,66,66,1.6099999999999994,0.0403037739881928,24.016666666666666,0.9,False
2025|line=40|event=790|date=20250915|station=51105,51105,20250915,2025,2,7248.0,7339.0,92,92,2.1049999999999898,0.0506076215358296,24.016666666666666,0.9,False
2025|line=40|event=790|date=20250915|station=51105,51105,20250915,2025,3,7386.0,7480.0,95,95,1.3900000000000006,0.0731470195820927,24.016666666666666,0.9,False
2025|line=40|event=790|date=20250915|station=51105,51105,20250915,2025,4,7627.0,7735.0,109,109,-0.7999999999999972,0.0779155648385929,24.016666666666666,0.9,False
2025|line=40|event=790|date=20250915|station=51105,51105,20250915,2025,5,7794.0,7932.0,139,139,0.2399999999999948,0.0684249873558892,24.016666666666666,0.9,False
2025|line=40|event=790|date=20250915|station=51105,51105,20250915,2025,6,8136.0,8327.0,192,192,-0.6200000000000045,0.1556120030076323,24.016666666666666,0.9,False
2025|line=40|event=790|date=20250915|station=51105,51105,20250915,2025,7,8331.0,8410.0,80,80,-0.1550000000000011,0.0542694735995101,24.016666666666666,0.9,False
2025|line=40|event=790|date=20250915|station=51105,51105,20250915,2025,8,8452.0,8514.0,63,63,0.75,0.0438386606234329,24.016666666666666,0.9,False
2025|line=40|event=792|date=20250915|station=51105,51105,20250915,2025,1,11279.0,11343.0,65,65,-1.5200000000000102,0.063666656750754,19.366666666666667,0.9,False
2025|line=40|event=792|date=20250915|station=51105,51105,20250915,2025,2,11401.0,11608.0,208,208,-0.5349999999999966,0.066686595854579,19.366666666666667,0.9,False
2025|line=40|event=793|date=20250915|station=51105,51105,20250915,2025,1,12681.0,12786.0,106,106,2.6650000000000063,0.1269326630978056,11.933333333333334,0.9,False
2025|line=40|event=793|date=20250915|station=51105,51105,20250915,2025,2,12951.0,13185.0,235,235,5.174999999999997,0.1609488533263967,11.933333333333334,0.9,False
2025|line=40|event=804|date=20250915|station=51105,51105,20250915,2025,1,46548.0,46987.0,440,440,-3.574999999999996,0.2069057536129757,20.58333333333333,-1.0,False
2025|line=40|event=805|date=20250915|station=51105,51105,20250915,2025,1,47600.0,47674.0,75,75,-2.039999999999999,0.0404584094537478,23.366666666666667,-0.9,False
2025|line=40|event=805|date=20250915|station=51105,51105,20250915,2025,2,47715.0,48177.0,463,463,-2.690000000000005,0.1170863829542632,23.366666666666667,-0.9,False
2025|line=40|event=805|date=20250915|station=51105,51105,20250915,2025,3,48180.0,48356.0,177,177,-2.0700000000000003,0.0650916859723228,23.366666666666667,-0.9,False
2025|line=40|event=806|date=20250915|station=51105,51105,20250915,2025,1,48871.0,49474.0,604,604,1.7199999999999989,0.0989959158843322,25.816666666666663,-0.9,False
2025|line=40|event=806|date=20250915|station=51105,51105,20250915,2025,2,49515.0,50102.0,588,588,1.0899999999999963,0.2080882576524995,25.816666666666663,-0.9,False
2025|line=40|event=807|date=20250915|station=51105,51105,20250915,2025,1,51256.0,51569.0,314,314,-3.2250000000000085,0.129578535100441,15.5,-0.9,False
2025|line=40|event=789|date=20250915|station=61008,61008,20250915,2025,1,4808.0,5366.0,559,559,-1.4649999999999892,0.2530874172897415,27.98333333333333,-1.9,False
2025|line=40|event=789|date=20250915|station=61008,61008,20250915,2025,2,5467.0,5554.0,88,88,-0.7049999999999841,0.1214066451657342,27.98333333333333,-1.9,False
2025|line=40|event=789|date=20250915|station=61008,61008,20250915,2025,3,5580.0,5788.0,209,209,-0.8549999999999898,0.1325263074331746,27.98333333333333,-1.9,False
2025|line=40|event=789|date=20250915|station=61008,61008,20250915,2025,4,5834.0,6125.0,292,292,-2.2949999999999875,0.1480769994058108,27.98333333333333,-1.9,False
2025|line=40|event=789|date=20250915|station=61008,61008,20250915,2025,5,6142.0,6279.0,138,138,-3.114999999999995,0.1006753460025581,27.98333333333333,-1.9,False
2025|line=40|event=790|date=20250915|station=61008,61008,20250915,2025,1,7727.0,7789.0,63,63,-3.1899999999999977,0.0778543785944659,24.016666666666666,-1.9,False
2025|line=40|event=790|date=20250915|station=61008,61008,20250915,2025,2,7823.0,7953.0,131,131,-2.8400000000000034,0.1070684500376853,24.016666666666666,-1.9,False
2025|line=40|event=790|date=20250915|station=61008,61008,20250915,2025,3,8046.0,8133.0,88,88,-4.950000000000003,0.1426611386863042,24.016666666666666,-1.9,False
2025|line=40|event=790|date=20250915|station=61008,61008,20250915,2025,4,8136.0,8247.0,112,112,-4.665000000000006,0.1279660531202278,24.016666666666666,-1.9,False
2025|line=40|event=791|date=20250915|station=61008,61008,20250915,2025,1,9384.0,9491.0,108,108,-2.4399999999999977,0.115625599979063,19.28333333333333,-1.9,False
2025|line=40|event=791|date=20250915|station=61008,61008,20250915,2025,2,9658.0,9722.0,65,65,-2.7900000000000063,0.0594130012731199,19.28333333333333,-1.9,False
2025|line=40|event=791|date=20250915|station=61008,61008,20250915,2025,3,9818.0,10002.0,185,185,-2.4000000000000057,0.1046202782585437,19.28333333333333,-1.9,False
2025|line=40|event=791|date=20250915|station=61008,61008,20250915,2025,4,10047.0,10185.0,139,139,-3.0400000000000063,0.1357085884617718,19.28333333333333,-1.9,False
2025|line=40|event=791|date=20250915|station=61008,61008,20250915,2025,5,10252.0,10340.0,89,89,-4.359999999999999,0.1161199901462772,19.28333333333333,-1.9,False
2025|line=40|event=792|date=20250915|station=61008,61008,20250915,2025,1,11253.0,11337.0,85,85,-4.4950000000000045,0.1190582097286739,19.366666666666667,-1.8,False
2025|line=40|event=792|date=20250915|station=61008,61008,20250915,2025,2,11385.0,11537.0,153,153,-3.7150000000000176,0.1165092145834279,19.366666666666667,-1.8,False
2025|line=40|event=794|date=20250915|station=61008,61008,20250915,2025,1,18461.0,18628.0,168,168,-3.2249999999999943,0.1388921460437931,16.65,-1.9,False
2025|line=40|event=794|date=20250915|station=61008,61008,20250915,2025,2,18708.0,18842.0,135,135,-3.269999999999996,0.1000366983632747,16.65,-1.9,False
2025|line=40|event=794|date=20250915|station=61008,61008,20250915,2025,3,18917.0,19043.0,127,127,-2.480000000000004,0.1130447066220477,16.65,-1.9,False
2025|line=40|event=794|date=20250915|station=61008,61008,20250915,2025,4,19077.0,19189.0,113,113,-2.780000000000001,0.0876877917282938,16.65,-1.9,False
2025|line=40|event=795|date=20250915|station=61008,61008,20250915,2025,1,19700.0,19759.0,60,60,-3.2150000000000034,0.0739667831406867,22.4,-1.9,False
2025|line=40|event=795|date=20250915|station=61008,61008,20250915,2025,2,19799.0,19888.0,90,90,-2.75,0.0956001013160229,22.4,-1.9,False
2025|line=40|event=795|date=20250915|station=61008,61008,20250915,2025,3,19932.0,20374.0,443,443,-2.3299999999999983,0.1855515945762144,22.4,-1.9,False
2025|line=40|event=795|date=20250915|station=61008,61008,20250915,2025,4,20387.0,20518.0,132,132,-1.875,0.1256447152844504,22.4,-1.9,False
2025|line=40|event=795|date=20250915|station=61008,61008,20250915,2025,5,20560.0,20672.0,113,113,-1.0900000000000034,0.1160653188451,22.4,-1.9,False
2025|line=40|event=801|date=20250915|station=61008,61008,20250915,2025,1,26341.0,26437.0,97,97,-1.3199999999999932,0.109726793483952,2.466666666666667,-1.9,False
2025|line=40|event=802|date=20250915|station=61008,61008,20250915,2025,1,39860.0,40087.0,228,228,-1.1200000000000043,0.1199201881023357,11.55,-1.0,False
2025|line=40|event=802|date=20250915|station=61008,61008,20250915,2025,2,40135.0,40374.0,240,240,-1.0999999999999943,0.0887147377914754,11.55,-1.0,False
2025|line=40|event=803|date=20250915|station=61008,61008,20250915,2025,1,44341.0,44483.0,143,143,-0.5700000000000074,0.1157757690490634,3.566666666666667,-0.9,False
2025|line=40|event=804|date=20250915|station=61008,61008,20250915,2025,1,45827.0,45887.0,61,61,2.2849999999999966,0.0872233322245532,20.58333333333333,1.9,False
2025|line=40|event=804|date=20250915|station=61008,61008,20250915,2025,2,45921.0,46107.0,187,187,1.605000000000004,0.1064555307624598,20.58333333333333,1.9,False
2025|line=40|event=804|date=20250915|station=61008,61008,20250915,2025,3,46149.0,46223.0,75,75,0.8250000000000028,0.1010705079019951,20.58333333333333,1.9,False
2025|line=40|event=804|date=20250915|station=61008,61008,20250915,2025,4,46314.0,46710.0,397,397,-0.2049999999999983,0.1088005730537056,20.58333333333333,1.9,False
2025|line=40|event=805|date=20250915|station=61008,61008,20250915,2025,1,47301.0,47607.0,307,307,1.3599999999999994,0.1333464727606179,23.366666666666667,1.9,False
2025|line=40|event=805|date=20250915|station=61008,61008,20250915,2025,2,47683.0,48169.0,487,487,-0.5400000000000063,0.1620633802424859,23.366666666666667,1.9,False
2025|line=40|event=805|date=20250915|station=61008,61008,20250915,2025,3,48171.0,48426.0,256,256,-0.2150000000000034,0.1566141947264913,23.366666666666667,1.9,False
2025|line=40|event=805|date=20250915|station=61008,61008,20250915,2025,4,48473.0,48551.0,79,79,0.9899999999999948,0.0776141972534558,23.366666666666667,1.9,False
2025|line=40|event=806|date=20250915|station=61008,61008,20250915,2025,1,49050.0,49117.0,68,68,4.515000000000001,0.0446770158973358,25.816666666666663,1.9,False
2025|line=40|event=806|date=20250915|station=61008,61008,20250915,2025,2,49160.0,49453.0,294,294,5.215000000000003,0.1113905609914073,25.816666666666663,1.9,False
2025|line=40|event=806|date=20250915|station=61008,61008,20250915,2025,3,49594.0,49973.0,380,380,4.390000000000001,0.1307748110184067,25.816666666666663,1.9,False
2025|line=40|event=806|date=20250915|station=61008,61008,20250915,2025,4,49979.0,50102.0,124,124,4.049999999999997,0.1112751169785374,25.816666666666663,1.9,False
2025|line=40|event=807|date=20250915|station=61008,61008,20250915,2025,1,50697.0,50939.0,243,243,0.835000000000008,0.1306167582007289,15.5,1.9,False
2025|line=40|event=807|date=20250915|station=61008,61008,20250915,2025,2,50966.0,51075.0,110,110,0.3050000000000068,0.0832311518560686,15.5,1.9,False
2025|line=40|event=807|date=20250915|station=61008,61008,20250915,2025,3,51108.0,51183.0,76,76,-0.1249999999999857,0.0620383225321575,15.5,1.9,False
2025|line=40|event=790|date=20250915|station=61010,61010,20250915,2025,1,7503.0,7577.0,75,75,-3.194999999999993,0.1613890040671663,24.016666666666666,-0.9,False
2025|line=40|event=790|date=20250915|station=61010,61010,20250915,2025,2,7580.0,7639.0,60,60,-2.884999999999991,0.109549324463663,24.016666666666666,-0.9,False
2025|line=40|event=790|date=20250915|station=61010,61010,20250915,2025,3,7730.0,7963.0,234,234,-3.5049999999999955,0.2288795890590583,24.016666666666666,-0.9,False
2025|line=40|event=790|date=20250915|station=61010,61010,20250915,2025,4,7995.0,8197.0,203,203,-3.085000000000008,0.1572559034585778,24.016666666666666,-0.9,False
2025|line=40|event=790|date=20250915|station=61010,61010,20250915,2025,5,8204.0,8406.0,203,203,-3.115000000000009,0.1789402678834712,24.016666666666666,-0.9,False
2025|line=40|event=790|date=20250915|station=61010,61010,20250915,2025,6,8416.0,8514.0,99,99,-3.9749999999999934,0.084934557161782,24.016666666666666,-0.9,False
2025|line=40|event=793|date=20250915|station=61010,61010,20250915,2025,1,12726.0,12831.0,106,106,-3.170000000000016,0.1084929037206873,11.933333333333334,-0.9,False
2025|line=40|event=793|date=20250915|station=61010,61010,20250915,2025,2,12874.0,13002.0,129,129,-3.969999999999999,0.1170677401493497,11.933333333333334,-0.9,False
2025|line=40|event=793|date=20250915|station=61010,61010,20250915,2025,3,13045.0,13142.0,98,98,-3.440000000000026,0.0912881966084377,11.933333333333334,-0.9,False
2025|line=40|event=794|date=20250915|station=61010,61010,20250915,2025,1,18946.0,19212.0,267,267,-2.800000000000012,0.1438107651495516,16.65,-0.9,False
2025|line=40|event=795|date=20250915|station=61010,61010,20250915,2025,1,19880.0,20022.0,143,143,-1.5900000000000034,0.1299742856828972,22.4,-0.9,False
2025|line=40|event=795|date=20250915|station=61010,61010,20250915,2025,2,20024.0,20425.0,402,402,-1.5,0.1094016088916628,22.4,-0.9,False
2025|line=40|event=795|date=20250915|station=61010,61010,20250915,2025,3,20742.0,20819.0,78,78,-1.6699999999999875,0.0820688084054395,22.4,-0.9,False
2025|line=40|event=795|date=20250915|station=61010,61010,20250915,2025,4,20852.0,20966.0,115,115,-2.1399999999999864,0.1159516332952236,22.4,-0.9,False
2025|line=40|event=801|date=20250915|station=61010,61010,20250915,2025,1,26360.0,26459.0,100,100,-1.0699999999999932,0.0984236060842305,2.466666666666667,-0.9,False
2025|line=40|event=804|date=20250915|station=61010,61010,20250915,2025,1,46381.0,46964.0,584,584,3.0600000000000023,0.1348449412879008,20.58333333333333,0.9,False
2025|line=40|event=805|date=20250915|station=61010,61010,20250915,2025,1,47759.0,48448.0,690,690,1.9199999999999875,0.1301900855387466,23.366666666666667,0.9,False
2025|line=40|event=807|date=20250915|station=61010,61010,20250915,2025,1,50693.0,51568.0,876,876,0.3650000000000091,0.1397852917236568,15.5,0.9,False
2025|line=40|event=789|date=20250915|station=61160,61160,20250915,2025,1,4769.0,5113.0,345,345,0.0400000000000062,0.1820820807923415,27.98333333333333,-1.0,False
2025|line=40|event=789|date=20250915|station=61160,61160,20250915,2025,2,5117.0,5505.0,389,389,-0.2599999999999909,0.1559658155047874,27.98333333333333,-1.0,False
2025|line=40|event=789|date=20250915|station=61160,61160,20250915,2025,3,5555.0,5756.0,202,202,0.4100000000000108,0.1133004486528913,27.98333333333333,-1.0,False
2025|line=40|event=789|date=20250915|station=61160,61160,20250915,2025,4,5901.0,6098.0,198,198,2.680000000000007,0.0631239171498677,27.98333333333333,-1.0,False
2025|line=40|event=790|date=20250915|station=61160,61160,20250915,2025,1,7259.0,7330.0,72,72,-3.3300000000000125,0.0855754546740188,24.016666666666666,-1.0,False
2025|line=40|event=790|date=20250915|station=61160,61160,20250915,2025,2,7483.0,7571.0,89,89,-3.990000000000009,0.0954756858901692,24.016666666666666,-1.0,False
2025|line=40|event=790|date=20250915|station=61160,61160,20250915,2025,3,7613.0,7718.0,106,106,-2.940000000000012,0.1170253455959983,24.016666666666666,-1.0,False
2025|line=40|event=790|date=20250915|station=61160,61160,20250915,2025,4,7810.0,7939.0,130,130,-4.460000000000008,0.058193251258825,24.016666666666666,-1.0,False
2025|line=40|event=790|date=20250915|station=61160,61160,20250915,2025,5,8025.0,8088.0,64,64,-2.730000000000018,0.0516975621763886,24.016666666666666,-1.0,False
2025|line=40|event=790|date=20250915|station=61160,61160,20250915,2025,6,8137.0,8202.0,66,66,-3.8100000000000014,0.0855566680550476,24.016666666666666,-1.0,False
2025|line=40|event=790|date=20250915|station=61160,61160,20250915,2025,7,8222.0,8284.0,63,63,-3.2900000000000063,0.06638757627547,24.016666666666666,-1.0,False
2025|line=40|event=791|date=20250915|station=61160,61160,20250915,2025,1,9538.0,9620.0,83,83,-2.2249999999999943,0.0685250184810387,19.28333333333333,-1.0,False
2025|line=40|event=791|date=20250915|station=61160,61160,20250915,2025,2,9903.0,10004.0,102,102,-2.2549999999999955,0.0576193257875941,19.28333333333333,-1.0,False
2025|line=40|event=791|date=20250915|station=61160,61160,20250915,2025,3,10105.0,10192.0,88,88,-1.924999999999983,0.1360123781385728,19.28333333333333,-1.0,False
2025|line=40|event=793|date=20250915|station=61160,61160,20250915,2025,1,12655.0,12761.0,107,107,-4.804999999999993,0.0645730425471306,11.933333333333334,-0.9,False
2025|line=40|event=793|date=20250915|station=61160,61160,20250915,2025,2,12953.0,13139.0,187,187,-6.794999999999988,0.1048930021890571,11.933333333333334,-0.9,False
2025|line=40|event=794|date=20250915|station=61160,61160,20250915,2025,1,18945.0,19212.0,268,268,-3.3599999999999994,0.1317630844612501,16.65,-0.9,False
2025|line=40|event=801|date=20250915|station=61160,61160,20250915,2025,1,26386.0,26456.0,71,71,-1.9950000000000043,0.0875247250928219,2.466666666666667,-1.0,False
2025|line=40|event=804|date=20250915|station=61160,61160,20250915,2025,1,46403.0,46976.0,574,574,4.52000000000001,0.2185433109456278,20.58333333333333,1.0,False
2025|line=40|event=805|date=20250915|station=61160,61160,20250915,2025,1,47722.0,48356.0,635,635,3.3500000000000227,0.1744381268078233,23.366666666666667,1.0,False
2025|line=40|event=807|date=20250915|station=61160,61160,20250915,2025,1,50708.0,51544.0,837,837,1.0500000000000114,0.1566370887224265,15.5,1.0,False
2025|line=40|event=791|date=20250915|station=62151,62151,20250915,2025,1,9233.0,10063.0,831,831,0.0,0.1413409785312888,19.28333333333333,0.6,False
2025|line=40|event=794|date=20250915|station=62151,62151,20250915,2025,1,18249.0,18389.0,141,141,0.5300000000000011,0.0755691840957202,16.65,0.6,False
2025|line=40|event=794|date=20250915|station=62151,62151,20250915,2025,2,18453.0,18613.0,161,161,0.3500000000000085,0.0845945072404409,16.65,0.6,False
2025|line=40|event=794|date=20250915|station=62151,62151,20250915,2025,3,18655.0,18911.0,257,257,-0.1700000000000017,0.0918751520171478,16.65,0.6,False
2025|line=40|event=795|date=20250915|station=62151,62151,20250915,2025,1,19811.0,20537.0,727,727,1.039999999999992,0.1116135131227324,22.4,0.6,False
2025|line=40|event=795|date=20250915|station=62151,62151,20250915,2025,2,20614.0,20773.0,160,160,1.1799999999999926,0.0900331351942986,22.4,0.6,False
2025|line=40|event=800|date=20250915|station=62151,62151,20250915,2025,1,25600.0,25670.0,71,71,-0.539999999999992,0.0759407560040035,2.2666666666666666,-0.6,False
2025|line=40|event=804|date=20250915|station=62151,62151,20250915,2025,1,45924.0,46020.0,97,97,-0.4000000000000057,0.0729195964035374,20.58333333333333,-0.6,False
2025|line=40|event=804|date=20250915|station=62151,62151,20250915,2025,2,46078.0,46710.0,633,633,-0.0799999999999983,0.0877641503493103,20.58333333333333,-0.6,False
2025|line=40|event=807|date=20250915|station=62151,62151,20250915,2025,1,51035.0,51247.0,213,213,-0.9699999999999988,0.0764125156568149,15.5,-0.6,False
2025|line=40|event=807|date=20250915|station=62151,62151,20250915,2025,2,51336.0,51575.0,240,240,-1.1899999999999975,0.0878036207878092,15.5,-0.6,False
2025|line=23|event=50|date=20250916|station=32019,32019,20250916,2025,1,53490.0,54338.0,849,849,1.18029355149182,0.1724182420839019,65.68333333333334,1.1,False
2025|line=23|event=50|date=20250916|station=32019,32019,20250916,2025,2,54790.0,57367.0,2578,2578,1.1611260827718954,0.1122198977252785,65.68333333333334,1.1,False
2025|line=23|event=50|date=20250916|station=41006,41006,20250916,2025,1,53547.0,53900.0,354,354,5.505988931665058,0.1045564106500015,65.68333333333334,5.4,True
2025|line=23|event=50|date=20250916|station=41006,41006,20250916,2025,2,53938.0,57362.0,3425,3425,5.612964388835422,0.2285140003582254,65.68333333333334,5.4,True
2025|line=40|event=817|date=20250916|station=42005,42005,20250916,2025,1,13299.0,13439.0,141,141,-0.6550000000000011,0.0963415168122785,9.983333333333333,-0.9,False
2025|line=40|event=817|date=20250916|station=42005,42005,20250916,2025,2,13441.0,13809.0,369,369,-0.7950000000000017,0.1071295919939763,9.983333333333333,-0.9,False
2025|line=40|event=821|date=20250916|station=42005,42005,20250916,2025,1,28465.0,29270.0,806,806,4.350000000000001,0.122058090683609,22.23333333333333,1.7,False
2025|line=40|event=824|date=20250916|station=42005,42005,20250916,2025,1,32403.0,33370.0,968,968,-1.0,0.1941662732484149,21.65,0.5,False
2025|line=40|event=827|date=20250916|station=42005,42005,20250916,2025,1,39498.0,39839.0,342,342,3.119999999999997,0.1190571552313497,29.53333333333333,1.8,False
2025|line=40|event=827|date=20250916|station=42005,42005,20250916,2025,2,39907.0,40648.0,742,742,3.68,0.1187871635891218,29.53333333333333,1.8,False
2025|line=40|event=830|date=20250916|station=42005,42005,20250916,2025,1,62030.0,62295.0,266,266,-2.6750000000000043,0.0651887473460024,8.766666666666667,-1.7,False
2025|line=40|event=816|date=20250916|station=43002,43002,20250916,2025,1,5616.0,6547.0,932,932,1.599999999999966,0.155327844796888,17.05,1.2,False
2025|line=40|event=817|date=20250916|station=43002,43002,20250916,2025,1,13307.0,13757.0,451,451,-1.5400000000000205,0.114568400627069,9.983333333333333,-1.3,False
2025|line=40|event=818|date=20250916|station=43002,43002,20250916,2025,1,22684.0,23393.0,710,710,-1.6299999999999957,0.2079824527028776,22.78333333333333,-2.5,False
2025|line=40|event=818|date=20250916|station=43002,43002,20250916,2025,2,23441.0,23507.0,67,67,-0.5900000000000318,0.0985980794677375,22.78333333333333,-2.5,False
2025|line=40|event=818|date=20250916|station=43002,43002,20250916,2025,3,23579.0,23783.0,205,205,-1.2200000000000273,0.1453678537622856,22.78333333333333,-2.5,False
2025|line=40|event=819|date=20250916|station=43002,43002,20250916,2025,1,27017.0,27124.0,108,108,3.150000000000034,0.0421578990048568,4.2,2.4,False
2025|line=40|event=820|date=20250916|station=43002,43002,20250916,2025,1,27394.0,27609.0,216,216,-2.5049999999999955,0.1226087220492478,5.133333333333334,-2.5,False
2025|line=40|event=821|date=20250916|station=43002,43002,20250916,2025,1,28005.0,29248.0,1244,1244,2.269999999999982,0.1215994882232086,22.23333333333333,2.4,False
2025|line=40|event=822|date=20250916|station=43002,43002,20250916,2025,1,29706.0,30022.0,317,317,3.3500000000000227,0.1461900781680623,20.816666666666663,2.5,False
2025|line=40|event=822|date=20250916|station=43002,43002,20250916,2025,2,30047.0,30358.0,312,312,3.75,0.1083275465030243,20.816666666666663,2.5,False
2025|line=40|event=822|date=20250916|station=43002,43002,20250916,2025,3,30388.0,30737.0,350,350,4.439999999999998,0.0966019238544612,20.816666666666663,2.5,False
2025|line=40|event=823|date=20250916|station=43002,43002,20250916,2025,1,31102.0,31807.0,706,706,3.0299999999999727,0.0841304250673469,13.566666666666666,2.5,False
2025|line=40|event=824|date=20250916|station=43002,43002,20250916,2025,1,32669.0,33364.0,696,696,1.6800000000000068,0.1204776520935517,21.65,0.7,False
2025|line=40|event=827|date=20250916|station=43002,43002,20250916,2025,1,39103.0,39860.0,758,758,3.1899999999999977,0.1112371198923514,29.53333333333333,2.5,False
2025|line=40|event=827|date=20250916|station=43002,43002,20250916,2025,2,39885.0,40625.0,741,741,3.770000000000039,0.1457585334959079,29.53333333333333,2.5,False
2025|line=40|event=829|date=20250916|station=43002,43002,20250916,2025,1,43222.0,43483.0,262,262,-0.6899999999999977,0.048777835067031,5.733333333333333,-0.6,False
2025|line=40|event=830|date=20250916|station=43002,43002,20250916,2025,1,61832.0,62273.0,442,442,-2.3999999999999773,0.1115768953492206,8.766666666666667,-2.5,False
2025|line=40|event=827|date=20250916|station=50008,50008,20250916,2025,1,39070.0,39818.0,749,749,1.0149999999999937,0.1166819600071043,29.53333333333333,0.4,False
2025|line=40|event=827|date=20250916|station=50008,50008,20250916,2025,2,39887.0,40594.0,708,708,1.1049999999999969,0.1637582139460982,29.53333333333333,0.4,False
2025|line=40|event=823|date=20250916|station=51020,51020,20250916,2025,1,31282.0,31830.0,549,549,0.6100000000000136,0.0893803502181218,13.566666666666666,0.6,False
2025|line=40|event=817|date=20250916|station=51105,51105,20250916,2025,1,13339.0,13595.0,257,257,-0.9200000000000016,0.1481887800952999,9.983333333333333,-0.5,False
2025|line=40|event=819|date=20250916|station=51105,51105,20250916,2025,1,27056.0,27143.0,88,88,1.605000000000004,0.0483982507367917,4.2,0.9,False
2025|line=40|event=820|date=20250916|station=51105,51105,20250916,2025,1,27454.0,27521.0,68,68,-1.2649999999999864,0.0410903739329705,5.133333333333334,-0.9,False
2025|line=40|event=821|date=20250916|station=51105,51105,20250916,2025,1,28059.0,28750.0,692,692,0.7550000000000097,0.1513788732070082,22.23333333333333,0.9,False
2025|line=40|event=821|date=20250916|station=51105,51105,20250916,2025,2,28752.0,29053.0,302,302,0.4750000000000085,0.0669855837224694,22.23333333333333,0.9,False
2025|line=40|event=822|date=20250916|station=51105,51105,20250916,2025,1,29683.0,29870.0,188,188,1.3449999999999989,0.1233998732769615,20.816666666666663,0.9,False
2025|line=40|event=822|date=20250916|station=51105,51105,20250916,2025,2,29936.0,30004.0,69,69,0.1700000000000017,0.037289025055155,20.816666666666663,0.9,False
2025|line=40|event=822|date=20250916|station=51105,51105,20250916,2025,3,30065.0,30361.0,297,297,1.4199999999999946,0.1647114004163464,20.816666666666663,0.9,False
2025|line=40|event=822|date=20250916|station=51105,51105,20250916,2025,4,30379.0,30648.0,270,270,1.1099999999999994,0.1445510129947966,20.816666666666663,0.9,False
2025|line=40|event=823|date=20250916|station=51105,51105,20250916,2025,1,31123.0,31830.0,708,708,0.8200000000000003,0.2044272907564082,13.566666666666666,0.9,False
2025|line=40|event=827|date=20250916|station=51105,51105,20250916,2025,1,39077.0,39705.0,629,629,1.269999999999996,0.1750302900637367,29.53333333333333,0.9,False
2025|line=40|event=827|date=20250916|station=51105,51105,20250916,2025,2,39729.0,39845.0,117,117,1.4500000000000028,0.1194751126651486,29.53333333333333,0.9,False
2025|line=40|event=827|date=20250916|station=51105,51105,20250916,2025,3,39894.0,40648.0,755,755,0.9699999999999988,0.2330130102790607,29.53333333333333,0.9,False
2025|line=40|event=816|date=20250916|station=61008,61008,20250916,2025,1,6093.0,6264.0,172,172,-2.4299999999999926,0.1303967902187821,17.05,-0.9,False
2025|line=40|event=816|date=20250916|station=61008,61008,20250916,2025,2,6326.0,6449.0,124,124,-2.5,0.0918721554629994,17.05,-0.9,False
2025|line=40|event=817|date=20250916|station=61008,61008,20250916,2025,1,13259.0,13477.0,219,219,0.9950000000000044,0.1250150706278562,9.983333333333333,1.0,False
2025|line=40|event=817|date=20250916|station=61008,61008,20250916,2025,2,13518.0,13590.0,73,73,0.7450000000000045,0.0895478188680848,9.983333333333333,1.0,False
2025|line=40|event=817|date=20250916|station=61008,61008,20250916,2025,3,13606.0,13667.0,62,62,1.0999999999999943,0.1184280065836522,9.983333333333333,1.0,False
2025|line=40|event=817|date=20250916|station=61008,61008,20250916,2025,4,13680.0,13795.0,116,116,1.5250000000000057,0.1313725359982049,9.983333333333333,1.0,False
2025|line=40|event=818|date=20250916|station=61008,61008,20250916,2025,1,23182.0,23355.0,174,174,3.8349999999999937,0.1205655031147214,22.78333333333333,1.9,False
2025|line=40|event=818|date=20250916|station=61008,61008,20250916,2025,2,23525.0,23759.0,235,235,4.135000000000005,0.1396335581475478,22.78333333333333,1.9,False
2025|line=40|event=818|date=20250916|station=61008,61008,20250916,2025,3,23812.0,23926.0,115,115,5.105000000000004,0.0708798310712667,22.78333333333333,1.9,False
2025|line=40|event=819|date=20250916|station=61008,61008,20250916,2025,1,27022.0,27124.0,103,103,-1.1599999999999966,0.1073427750147007,4.2,-1.8,False
2025|line=40|event=820|date=20250916|station=61008,61008,20250916,2025,1,27487.0,27599.0,113,113,2.8200000000000074,0.1061424443695699,5.133333333333334,1.9,False
2025|line=40|event=821|date=20250916|station=61008,61008,20250916,2025,1,28042.0,28164.0,123,123,-1.3300000000000125,0.1436268591238769,22.23333333333333,-1.9,False
2025|line=40|event=821|date=20250916|station=61008,61008,20250916,2025,2,28171.0,28230.0,60,60,-1.7900000000000065,0.0573234596125407,22.23333333333333,-1.9,False
2025|line=40|event=821|date=20250916|station=61008,61008,20250916,2025,3,28254.0,28783.0,530,530,-1.440000000000012,0.1629586679707165,22.23333333333333,-1.9,False
2025|line=40|event=821|date=20250916|station=61008,61008,20250916,2025,4,28827.0,28891.0,65,65,-2.0,0.1318471837704877,22.23333333333333,-1.9,False
2025|line=40|event=821|date=20250916|station=61008,61008,20250916,2025,5,28933.0,29040.0,108,108,-1.894999999999996,0.0833396295099807,22.23333333333333,-1.9,False
2025|line=40|event=821|date=20250916|station=61008,61008,20250916,2025,6,29078.0,29200.0,123,123,-1.9500000000000028,0.0968589689902785,22.23333333333333,-1.9,False
2025|line=40|event=822|date=20250916|station=61008,61008,20250916,2025,1,29547.0,29849.0,303,303,-1.9899999999999949,0.1019224224337025,20.816666666666663,-1.9,False
2025|line=40|event=822|date=20250916|station=61008,61008,20250916,2025,2,29935.0,30009.0,75,75,-2.760000000000005,0.0845466850721753,20.816666666666663,-1.9,False
2025|line=40|event=822|date=20250916|station=61008,61008,20250916,2025,3,30051.0,30134.0,84,84,-1.9699999999999989,0.0723289425036948,20.816666666666663,-1.9,False
2025|line=40|event=822|date=20250916|station=61008,61008,20250916,2025,4,30195.0,30269.0,75,75,-1.769999999999996,0.1312252501655743,20.816666666666663,-1.9,False
2025|line=40|event=822|date=20250916|station=61008,61008,20250916,2025,5,30290.0,30396.0,107,107,-2.180000000000007,0.0993516063717373,20.816666666666663,-1.9,False
2025|line=40|event=822|date=20250916|station=61008,61008,20250916,2025,6,30455.0,30587.0,133,133,-2.219999999999999,0.1049588463079774,20.816666666666663,-1.9,False
2025|line=40|event=822|date=20250916|station=61008,61008,20250916,2025,7,30678.0,30737.0,60,60,-2.680000000000007,0.0643385175908679,20.816666666666663,-1.9,False
2025|line=40|event=823|date=20250916|station=61008,61008,20250916,2025,1,31126.0,31193.0,68,68,-1.9199999999999875,0.0660487706407548,13.566666666666666,-1.9,False
2025|line=40|event=823|date=20250916|station=61008,61008,20250916,2025,2,31351.0,31460.0,110,110,-2.144999999999982,0.0568979509563239,13.566666666666666,-1.9,False
2025|line=40|event=823|date=20250916|station=61008,61008,20250916,2025,3,31484.0,31808.0,325,325,-2.454999999999984,0.1514732808526313,13.566666666666666,-1.9,False
2025|line=40|event=824|date=20250916|station=61008,61008,20250916,2025,1,32106.0,32336.0,231,231,-0.769999999999996,0.1112513606606969,21.65,-0.5,False
2025|line=40|event=824|date=20250916|station=61008,61008,20250916,2025,2,32344.0,32515.0,172,172,-0.5049999999999955,0.1171700388670972,21.65,-0.5,False
2025|line=40|event=824|date=20250916|station=61008,61008,20250916,2025,3,32581.0,32834.0,254,254,-0.5499999999999972,0.130282314338872,21.65,-0.5,False
2025|line=40|event=824|date=20250916|station=61008,61008,20250916,2025,4,32875.0,33071.0,197,197,0.1700000000000017,0.1155071706756271,21.65,-0.5,False
2025|line=40|event=827|date=20250916|station=61008,61008,20250916,2025,1,38919.0,39187.0,269,269,-2.1299999999999955,0.1508085934079426,29.53333333333333,-1.9,False
2025|line=40|event=827|date=20250916|station=61008,61008,20250916,2025,2,39347.0,39511.0,165,165,-1.86,0.1220184854617121,29.53333333333333,-1.9,False
2025|line=40|event=827|date=20250916|station=61008,61008,20250916,2025,3,39513.0,39647.0,135,135,-1.9599999999999933,0.1278519433934443,29.53333333333333,-1.9,False
2025|line=40|event=827|date=20250916|station=61008,61008,20250916,2025,4,39654.0,39828.0,175,175,-2.059999999999988,0.1399834348617661,29.53333333333333,-1.9,False
2025|line=40|event=827|date=20250916|station=61008,61008,20250916,2025,5,39871.0,40113.0,243,243,-1.9399999999999973,0.1079106326910823,29.53333333333333,-1.9,False
2025|line=40|event=827|date=20250916|station=61008,61008,20250916,2025,6,40160.0,40453.0,294,294,-2.2099999999999937,0.1316815502349823,29.53333333333333,-1.9,False
2025|line=40|event=827|date=20250916|station=61008,61008,20250916,2025,7,40455.0,40626.0,172,172,-1.8199999999999927,0.1115813739410905,29.53333333333333,-1.9,False
2025|line=40|event=828|date=20250916|station=61008,61008,20250916,2025,1,41716.0,42050.0,335,335,0.9299999999999926,0.1332421962947455,10.85,0.5,False
2025|line=40|event=828|date=20250916|station=61008,61008,20250916,2025,2,42078.0,42163.0,86,86,1.1099999999999994,0.0882864586172349,10.85,0.5,False
2025|line=40|event=829|date=20250916|station=61008,61008,20250916,2025,1,43182.0,43442.0,261,261,0.6500000000000057,0.1612338264525132,5.733333333333333,0.5,False
2025|line=40|event=830|date=20250916|station=61008,61008,20250916,2025,1,61806.0,62276.0,471,471,1.86,0.127360430254396,8.766666666666667,1.9,False
2025|line=40|event=816|date=20250916|station=61010,61010,20250916,2025,1,5941.0,6286.0,346,346,-1.5600000000000025,0.1623763649983997,17.05,-0.4,False
2025|line=40|event=816|date=20250916|station=61010,61010,20250916,2025,2,6316.0,6427.0,112,112,-2.035000000000025,0.1194994008989522,17.05,-0.4,False
2025|line=40|event=816|date=20250916|station=61010,61010,20250916,2025,3,6471.0,6574.0,104,104,-2.140000000000015,0.1310409883304253,17.05,-0.4,False
2025|line=40|event=817|date=20250916|station=61010,61010,20250916,2025,1,13302.0,13435.0,134,134,0.8600000000000136,0.1147365213772258,9.983333333333333,0.5,False
2025|line=40|event=817|date=20250916|station=61010,61010,20250916,2025,2,13449.0,13809.0,361,361,1.2199999999999989,0.1203926213786199,9.983333333333333,0.5,False
2025|line=40|event=818|date=20250916|station=61010,61010,20250916,2025,1,23316.0,23383.0,68,68,2.3600000000000136,0.0665625401696626,22.78333333333333,0.9,False
2025|line=40|event=818|date=20250916|station=61010,61010,20250916,2025,2,23385.0,23466.0,82,82,2.030000000000001,0.0902537283629349,22.78333333333333,0.9,False
2025|line=40|event=818|date=20250916|station=61010,61010,20250916,2025,3,23618.0,23688.0,71,71,2.8300000000000125,0.0941772576232212,22.78333333333333,0.9,False
2025|line=40|event=818|date=20250916|station=61010,61010,20250916,2025,4,23854.0,23995.0,142,142,2.9000000000000057,0.1187675142232125,22.78333333333333,0.9,False
2025|line=40|event=819|date=20250916|station=61010,61010,20250916,2025,1,26950.0,27143.0,194,194,-1.0,0.0873893445388553,4.2,-0.9,False
2025|line=40|event=820|date=20250916|station=61010,61010,20250916,2025,1,27444.0,27629.0,186,186,1.509999999999991,0.1604920160244531,5.133333333333334,0.9,False
2025|line=40|event=821|date=20250916|station=61010,61010,20250916,2025,1,28028.0,28779.0,752,752,-0.7700000000000102,0.1525224471649981,22.23333333333333,-0.9,False
2025|line=40|event=823|date=20250916|station=61010,61010,20250916,2025,1,31416.0,31807.0,392,392,-1.8500000000000227,0.1333743961877396,13.566666666666666,-0.9,False
2025|line=40|event=827|date=20250916|station=61010,61010,20250916,2025,1,39076.0,39242.0,167,167,-0.8600000000000136,0.1126835056431526,29.53333333333333,-0.9,False
2025|line=40|event=827|date=20250916|station=61010,61010,20250916,2025,2,39248.0,39314.0,67,67,-0.6599999999999966,0.0885218436659851,29.53333333333333,-0.9,False
2025|line=40|event=827|date=20250916|station=61010,61010,20250916,2025,3,39326.0,39701.0,376,376,-0.7700000000000102,0.1108795580816321,29.53333333333333,-0.9,False
2025|line=40|event=827|date=20250916|station=61010,61010,20250916,2025,4,39916.0,40013.0,98,98,-1.1400000000000148,0.1204658900526484,29.53333333333333,-0.9,False
2025|line=40|event=827|date=20250916|station=61010,61010,20250916,2025,5,40026.0,40172.0,147,147,-0.9699999999999988,0.1106866772741603,29.53333333333333,-0.9,False
2025|line=40|event=827|date=20250916|station=61010,61010,20250916,2025,6,40180.0,40646.0,467,467,-1.1400000000000148,0.1005392107940277,29.53333333333333,-0.9,False
2025|line=40|event=830|date=20250916|station=61010,61010,20250916,2025,1,62019.0,62164.0,146,146,1.4099999999999966,0.0804977446321159,8.766666666666667,0.9,False
2025|line=40|event=816|date=20250916|station=61160,61160,20250916,2025,1,5910.0,6557.0,648,648,-2.305000000000007,0.1637732031810202,17.05,-0.5,False
2025|line=40|event=817|date=20250916|station=61160,61160,20250916,2025,1,13339.0,13433.0,95,95,1.3549999999999898,0.0729210033287325,9.983333333333333,0.5,False
2025|line=40|event=817|date=20250916|station=61160,61160,20250916,2025,2,13471.0,13809.0,339,339,1.5449999999999875,0.1565138377294813,9.983333333333333,0.5,False
2025|line=40|event=818|date=20250916|station=61160,61160,20250916,2025,1,23567.0,23636.0,70,70,4.099999999999994,0.0576637001566672,22.78333333333333,0.9,False
2025|line=40|event=818|date=20250916|station=61160,61160,20250916,2025,2,23667.0,23756.0,90,90,3.4499999999999886,0.0641216289932793,22.78333333333333,0.9,False
2025|line=40|event=818|date=20250916|station=61160,61160,20250916,2025,3,23889.0,23972.0,84,84,3.4200000000000017,0.1051740182153105,22.78333333333333,0.9,False
2025|line=40|event=819|date=20250916|station=61160,61160,20250916,2025,1,26987.0,27060.0,74,74,-1.6499999999999917,0.0819316838867595,4.2,-0.9,False
2025|line=40|event=819|date=20250916|station=61160,61160,20250916,2025,2,27079.0,27143.0,65,65,-1.2199999999999989,0.0627570555645393,4.2,-0.9,False
2025|line=40|event=820|date=20250916|station=61160,61160,20250916,2025,1,27430.0,27629.0,200,200,1.960000000000008,0.1224534442227953,5.133333333333334,0.9,False
2025|line=40|event=821|date=20250916|station=61160,61160,20250916,2025,1,27997.0,28585.0,589,589,-0.7399999999999807,0.1346792826442431,22.23333333333333,-0.9,False
2025|line=40|event=821|date=20250916|station=61160,61160,20250916,2025,2,28591.0,28972.0,382,382,0.1800000000000068,0.1458904564278213,22.23333333333333,-0.9,False
2025|line=40|event=822|date=20250916|station=61160,61160,20250916,2025,1,29740.0,29856.0,117,117,-1.375,0.1228912012352531,20.816666666666663,-0.9,False
2025|line=40|event=822|date=20250916|station=61160,61160,20250916,2025,2,29931.0,30002.0,72,72,-0.2999999999999829,0.0510528703140045,20.816666666666663,-0.9,False
2025|line=40|event=822|date=20250916|station=61160,61160,20250916,2025,3,30054.0,30260.0,207,207,-1.5250000000000057,0.1553141965014813,20.816666666666663,-0.9,False
2025|line=40|event=822|date=20250916|station=61160,61160,20250916,2025,4,30266.0,30668.0,403,403,-1.2450000000000043,0.1145687898666852,20.816666666666663,-0.9,False
2025|line=40|event=823|date=20250916|station=61160,61160,20250916,2025,1,31329.0,31830.0,502,502,-2.1299999999999955,0.1357385249776319,13.566666666666666,-0.9,False
2025|line=40|event=827|date=20250916|station=61160,61160,20250916,2025,1,39203.0,39803.0,601,601,-1.2900000000000065,0.1420461250876086,29.53333333333333,-1.0,False
2025|line=40|event=827|date=20250916|station=61160,61160,20250916,2025,2,39927.0,40125.0,199,199,-1.6299999999999957,0.0880421048930786,29.53333333333333,-1.0,False
2025|line=40|event=827|date=20250916|station=61160,61160,20250916,2025,3,40150.0,40648.0,499,499,-1.6599999999999966,0.1167101200144563,29.53333333333333,-1.0,False
2025|line=40|event=830|date=20250916|station=61160,61160,20250916,2025,1,62032.0,62174.0,143,143,1.6100000000000136,0.0547235792168557,8.766666666666667,0.9,False
2025|line=40|event=822|date=20250916|station=62149,62149,20250916,2025,1,30084.0,30758.0,675,675,1.519999999999996,0.0592963412412772,20.816666666666663,0.4,False
2025|line=40|event=830|date=20250916|station=62149,62149,20250916,2025,1,61844.0,62289.0,446,446,-0.5450000000000017,0.0456996044512201,8.766666666666667,-0.4,False
2025|line=40|event=819|date=20250916|station=62151,62151,20250916,2025,1,26932.0,27143.0,212,212,0.5300000000000011,0.093467164270181,4.2,0.5,False
2025|line=40|event=820|date=20250916|station=62151,62151,20250916,2025,1,27354.0,27608.0,255,255,-0.5,0.1124035415070431,5.133333333333334,-0.6,False
2025|line=40|event=821|date=20250916|station=62151,62151,20250916,2025,1,28757.0,28893.0,137,137,2.25,0.1320626106152473,22.23333333333333,0.6,False
2025|line=40|event=821|date=20250916|station=62151,62151,20250916,2025,2,28917.0,29205.0,289,289,2.6500000000000057,0.1043554384811403,22.23333333333333,0.6,False
2025|line=40|event=822|date=20250916|station=62151,62151,20250916,2025,1,30085.0,30758.0,674,674,1.4300000000000068,0.0959228389422279,20.816666666666663,0.6,False
2025|line=40|event=823|date=20250916|station=62151,62151,20250916,2025,1,31059.0,31511.0,453,453,0.5499999999999972,0.0743383809328238,13.566666666666666,0.6,False
2025|line=40|event=823|date=20250916|station=62151,62151,20250916,2025,2,31575.0,31830.0,256,256,0.5,0.0757304046546862,13.566666666666666,0.6,False
2025|line=40|event=830|date=20250916|station=62151,62151,20250916,2025,1,61836.0,62288.0,453,453,-0.5999999999999943,0.0863510369868708,8.766666666666667,-0.6,False
2025|line=40|event=834|date=20250917|station=43002,43002,20250917,2025,1,27720.0,29099.0,1380,1380,0.0,0.3476321490789446,26.0,-2.5,False
2025|line=40|event=841|date=20250917|station=50023,50023,20250917,2025,1,44183.0,44299.0,117,117,-0.7799999999999727,0.0294559104985127,4.466666666666667,-0.4,False
2025|line=40|event=834|date=20250917|station=61008,61008,20250917,2025,1,28456.0,28543.0,88,88,5.960000000000008,0.1131680574786012,26.0,1.9,False
2025|line=40|event=834|date=20250917|station=61008,61008,20250917,2025,2,28574.0,28970.0,397,397,6.490000000000009,0.1489636025809937,26.0,1.9,False
2025|line=40|event=834|date=20250917|station=61008,61008,20250917,2025,3,28979.0,29042.0,64,64,6.420000000000002,0.0578821364959158,26.0,1.9,False
2025|line=40|event=834|date=20250917|station=61010,61010,20250917,2025,1,28416.0,29008.0,593,593,3.8850000000000193,0.1709924121693653,26.0,0.9,False
2025|line=40|event=834|date=20250917|station=61010,61010,20250917,2025,2,29048.0,29228.0,181,181,5.004999999999996,0.1343509583287474,26.0,0.9,False
2025|line=40|event=834|date=20250917|station=61160,61160,20250917,2025,1,28415.0,28707.0,293,293,3.605000000000004,0.1347366521371051,26.0,1.0,False
2025|line=40|event=834|date=20250917|station=61160,61160,20250917,2025,2,28722.0,28992.0,271,271,4.984999999999999,0.1004581231150701,26.0,1.0,False
2025|line=40|event=834|date=20250917|station=61160,61160,20250917,2025,3,29034.0,29151.0,118,118,5.784999999999997,0.0856934568512572,26.0,1.0,False
2025|line=40|event=834|date=20250917|station=61160,61160,20250917,2025,4,29169.0,29228.0,60,60,6.335000000000008,0.0665404094096682,26.0,1.0,False
2025|line=40|event=844|date=20250918|station=43002,43002,20250918,2025,1,7028.0,7194.0,167,167,0.9300000000000068,0.0505258322820186,5.916666666666667,1.2,False
2025|line=40|event=845|date=20250918|station=43002,43002,20250918,2025,1,7584.0,7766.0,183,183,0.5200000000000387,0.0592819657375875,7.433333333333334,1.3,False
2025|line=40|event=845|date=20250918|station=61008,61008,20250918,2025,1,7743.0,7847.0,105,105,-2.1000000000000085,0.1446150531373661,7.433333333333334,-1.0,False
2025|line=40|event=845|date=20250918|station=61008,61008,20250918,2025,2,7880.0,7955.0,76,76,-2.440000000000012,0.0966265520451417,7.433333333333334,-1.0,False
2025|line=40|event=844|date=20250918|station=61010,61010,20250918,2025,1,7245.0,7329.0,85,85,-1.5500000000000114,0.0838676988839744,5.916666666666667,-0.4,False
2025|line=40|event=845|date=20250918|station=61010,61010,20250918,2025,1,7875.0,7982.0,108,108,-1.2099999999999795,0.0737537070586959,7.433333333333334,-0.5,False
2025|line=40|event=844|date=20250918|station=61160,61160,20250918,2025,1,7211.0,7329.0,119,119,-1.7900000000000065,0.1071940752713184,5.916666666666667,-0.5,False
2025|line=40|event=856|date=20250919|station=61008,61008,20250919,2025,1,16947.0,17013.0,67,67,0.710000000000008,0.0547772377778376,3.3833333333333333,0.5,False
2025|line=40|event=865|date=20250919|station=61008,61008,20250919,2025,1,26891.0,26972.0,82,82,1.5100000000000051,0.0656115389273449,6.933333333333334,0.5,False
2025|line=40|event=869|date=20250920|station=61008,61008,20250920,2025,1,11875.0,11942.0,68,68,-0.6000000000000085,0.0560645562125348,1.4666666666666666,-0.5,False
2025|line=40|event=883|date=20250921|station=42005,42005,20250921,2025,1,26912.0,27480.0,569,569,6.75,0.1082073673087634,20.58333333333333,2.3,False
2025|line=40|event=892|date=20250921|station=42005,42005,20250921,2025,1,33273.0,33526.0,254,254,-3.905000000000001,0.0721513054845904,9.566666666666666,-2.3,False
2025|line=40|event=896|date=20250921|station=42005,42005,20250921,2025,1,38979.0,39230.0,252,252,3.1300000000000026,0.0692073466513467,9.45,2.2,False
2025|line=40|event=880|date=20250921|station=43002,43002,20250921,2025,1,20695.0,20883.0,189,189,-2.680000000000007,0.0666963106686794,4.833333333333333,-3.2,True
2025|line=40|event=883|date=20250921|station=43002,43002,20250921,2025,1,26483.0,27460.0,978,978,4.840000000000032,0.1831460973327248,20.58333333333333,3.2,True
2025|line=40|event=884|date=20250921|station=43002,43002,20250921,2025,1,28061.0,28210.0,150,150,4.0,0.0524349256970393,4.266666666666667,3.2,True
2025|line=40|event=887|date=20250921|station=43002,43002,20250921,2025,1,29927.0,30089.0,163,163,-3.0,0.0423957955231815,4.283333333333333,-3.2,True
2025|line=40|event=890|date=20250921|station=43002,43002,20250921,2025,1,31752.0,31916.0,165,165,-3.340000000000032,0.044334337004788,4.266666666666667,-3.2,True
2025|line=40|event=891|date=20250921|station=43002,43002,20250921,2025,1,32388.0,32538.0,151,151,2.910000000000025,0.0877650126418154,4.166666666666667,3.2,True
2025|line=40|event=892|date=20250921|station=43002,43002,20250921,2025,1,33020.0,33496.0,477,477,-3.430000000000007,0.0803886195978558,9.566666666666666,-3.2,True
2025|line=40|event=895|date=20250921|station=43002,43002,20250921,2025,1,35388.0,35513.0,126,126,-3.419999999999959,0.0518866430709936,7.916666666666667,-3.2,True
2025|line=40|event=895|date=20250921|station=43002,43002,20250921,2025,2,35528.0,35749.0,222,222,-4.014999999999986,0.0773269883402079,7.916666666666667,-3.2,True
2025|line=40|event=896|date=20250921|station=43002,43002,20250921,2025,1,38738.0,39211.0,474,474,3.160000000000025,0.0908833678187144,9.45,3.2,True
2025|line=40|event=897|date=20250921|station=43002,43002,20250921,2025,1,39589.0,40419.0,831,831,3.1499999999999773,0.0963610962241935,15.366666666666667,3.2,True
2025|line=40|event=898|date=20250921|station=43002,43002,20250921,2025,1,40787.0,41251.0,465,465,3.1899999999999977,0.0654320312309782,9.3,3.2,True
2025|line=40|event=887|date=20250921|station=50008,50008,20250921,2025,1,30003.0,30098.0,96,96,-0.6999999999999957,0.1916360134889859,4.283333333333333,-0.5,False
2025|line=40|event=895|date=20250921|station=50008,50008,20250921,2025,1,35370.0,35756.0,387,387,-0.6099999999999994,0.1617237241997408,7.916666666666667,-0.5,False
2025|line=40|event=896|date=20250921|station=50008,50008,20250921,2025,1,39006.0,39204.0,199,199,1.3699999999999974,0.0801040842555178,9.45,0.5,False
2025|line=40|event=898|date=20250921|station=50008,50008,20250921,2025,1,40910.0,41270.0,361,361,0.9799999999999968,0.0977324864434189,9.3,0.5,False
2025|line=40|event=880|date=20250921|station=51020,51020,20250921,2025,1,20722.0,20876.0,155,155,-0.730000000000004,0.082373152808756,4.833333333333333,-0.8,False
2025|line=40|event=883|date=20250921|station=51020,51020,20250921,2025,1,27014.0,27253.0,240,240,3.815000000000012,0.110817328442632,20.58333333333333,0.8,False
2025|line=40|event=883|date=20250921|station=51020,51020,20250921,2025,2,27269.0,27408.0,140,140,4.735000000000014,0.0648539523995163,20.58333333333333,0.8,False
2025|line=40|event=884|date=20250921|station=51020,51020,20250921,2025,1,28109.0,28230.0,122,122,1.5600000000000025,0.0518262941301184,4.266666666666667,0.8,False
2025|line=40|event=890|date=20250921|station=51020,51020,20250921,2025,1,31760.0,31940.0,181,181,-0.8450000000000131,0.0430375640688968,4.266666666666667,-0.8,False
2025|line=40|event=891|date=20250921|station=51020,51020,20250921,2025,1,32397.0,32563.0,167,167,0.9900000000000092,0.05864952129244,4.166666666666667,0.8,False
2025|line=40|event=892|date=20250921|station=51020,51020,20250921,2025,1,33063.0,33481.0,419,419,-0.6949999999999932,0.0545884510483014,9.566666666666666,-0.8,False
2025|line=40|event=895|date=20250921|station=51020,51020,20250921,2025,1,35419.0,35783.0,365,365,-0.8499999999999943,0.1125720381572438,7.916666666666667,-0.8,False
2025|line=40|event=896|date=20250921|station=51020,51020,20250921,2025,1,38737.0,39215.0,479,479,0.8000000000000114,0.0843620004455253,9.45,0.8,False
2025|line=40|event=897|date=20250921|station=51020,51020,20250921,2025,1,39623.0,39894.0,272,272,0.8100000000000023,0.0679519941302169,15.366666666666667,0.8,False
2025|line=40|event=897|date=20250921|station=51020,51020,20250921,2025,2,40262.0,40426.0,165,165,0.9000000000000057,0.0692276941247874,15.366666666666667,0.8,False
2025|line=40|event=898|date=20250921|station=51020,51020,20250921,2025,1,40843.0,41270.0,428,428,1.1099999999999994,0.0486788504617482,9.3,0.8,False
2025|line=40|event=880|date=20250921|station=51105,51105,20250921,2025,1,20686.0,20858.0,173,173,-0.7250000000000085,0.1052782680760092,4.833333333333333,-1.2,False
2025|line=40|event=883|date=20250921|station=51105,51105,20250921,2025,1,27158.0,27271.0,114,114,4.784999999999982,0.0476606397062802,20.58333333333333,1.2,False
2025|line=40|event=883|date=20250921|station=51105,51105,20250921,2025,2,27375.0,27448.0,74,74,4.989999999999995,0.0413717352899653,20.58333333333333,1.2,False
2025|line=40|event=887|date=20250921|station=51105,51105,20250921,2025,1,29999.0,30102.0,104,104,-1.0300000000000011,0.0783628657389828,4.283333333333333,-1.2,False
2025|line=40|event=891|date=20250921|station=51105,51105,20250921,2025,1,32420.0,32560.0,141,141,0.9200000000000016,0.0693656621049114,4.166666666666667,1.2,False
2025|line=40|event=892|date=20250921|station=51105,51105,20250921,2025,1,33097.0,33525.0,429,429,-1.1099999999999994,0.1362633063170617,9.566666666666666,-1.2,False
2025|line=40|event=895|date=20250921|station=51105,51105,20250921,2025,1,35577.0,35765.0,189,189,-2.1700000000000017,0.1242340005691644,7.916666666666667,-1.2,False
2025|line=40|event=896|date=20250921|station=51105,51105,20250921,2025,1,38806.0,39230.0,425,425,1.1599999999999824,0.1206603999275296,9.45,1.2,False
2025|line=40|event=897|date=20250921|station=51105,51105,20250921,2025,1,39674.0,40329.0,656,656,0.7750000000000057,0.1637647567517955,15.366666666666667,1.2,False
2025|line=40|event=880|date=20250921|station=61008,61008,20250921,2025,1,20741.0,20839.0,99,99,3.0649999999999977,0.129652284311154,4.833333333333333,2.5,False
2025|line=40|event=883|date=20250921|station=61008,61008,20250921,2025,1,26322.0,26447.0,126,126,-1.865000000000009,0.0907539275577997,20.58333333333333,-2.5,False
2025|line=40|event=883|date=20250921|station=61008,61008,20250921,2025,2,26465.0,26601.0,137,137,-1.4000000000000057,0.0920995779189469,20.58333333333333,-2.5,False
2025|line=40|event=883|date=20250921|station=61008,61008,20250921,2025,3,26617.0,26677.0,61,61,-0.960000000000008,0.0552692001457101,20.58333333333333,-2.5,False
2025|line=40|event=883|date=20250921|station=61008,61008,20250921,2025,4,26701.0,26826.0,126,126,-1.0400000000000065,0.0920890137232419,20.58333333333333,-2.5,False
2025|line=40|event=883|date=20250921|station=61008,61008,20250921,2025,5,26834.0,27117.0,284,284,-0.6500000000000057,0.1115544976680527,20.58333333333333,-2.5,False
2025|line=40|event=884|date=20250921|station=61008,61008,20250921,2025,1,28045.0,28142.0,98,98,-1.434999999999988,0.0830772148724838,4.266666666666667,-2.5,False
2025|line=40|event=887|date=20250921|station=61008,61008,20250921,2025,1,29895.0,30091.0,197,197,2.8599999999999994,0.1107731099490247,4.283333333333333,2.5,False
2025|line=40|event=890|date=20250921|station=61008,61008,20250921,2025,1,31716.0,31889.0,174,174,2.3899999999999864,0.1229398287271701,4.266666666666667,2.5,False
2025|line=40|event=891|date=20250921|station=61008,61008,20250921,2025,1,32341.0,32406.0,66,66,-2.1850000000000023,0.050099233853977,4.166666666666667,-2.5,False
2025|line=40|event=891|date=20250921|station=61008,61008,20250921,2025,2,32414.0,32539.0,126,126,-2.594999999999999,0.1288856205244622,4.166666666666667,-2.5,False
2025|line=40|event=892|date=20250921|station=61008,61008,20250921,2025,1,32989.0,33462.0,474,474,2.5799999999999983,0.1755929965299721,9.566666666666666,2.5,False
2025|line=40|event=895|date=20250921|station=61008,61008,20250921,2025,1,35352.0,35753.0,402,402,2.049999999999997,0.1152618273681168,7.916666666666667,2.5,False
2025|line=40|event=896|date=20250921|station=61008,61008,20250921,2025,1,38782.0,39211.0,430,430,-2.720000000000013,0.1572604381916912,9.45,-2.4,False
2025|line=40|event=897|date=20250921|station=61008,61008,20250921,2025,1,39562.0,39774.0,213,213,-2.6499999999999915,0.1515927189824972,15.366666666666667,-2.5,False
2025|line=40|event=897|date=20250921|station=61008,61008,20250921,2025,2,39912.0,40408.0,497,497,-3.049999999999997,0.1365146369445788,15.366666666666667,-2.5,False
2025|line=40|event=898|date=20250921|station=61008,61008,20250921,2025,1,40758.0,40856.0,99,99,-2.6049999999999898,0.0659789619463487,9.3,-2.4,False
2025|line=40|event=898|date=20250921|station=61008,61008,20250921,2025,2,41014.0,41251.0,238,238,-2.5849999999999937,0.1327630457289516,9.3,-2.4,False
2025|line=40|event=880|date=20250921|station=61010,61010,20250921,2025,1,20692.0,20905.0,214,214,1.4299999999999926,0.1309667049500355,4.833333333333333,1.2,False
2025|line=40|event=883|date=20250921|station=61010,61010,20250921,2025,1,26265.0,26708.0,444,444,-0.4299999999999784,0.1306026334681454,20.58333333333333,-1.2,False
2025|line=40|event=883|date=20250921|station=61010,61010,20250921,2025,2,26740.0,27182.0,443,443,0.4900000000000091,0.1180440434841627,20.58333333333333,-1.2,False
2025|line=40|event=884|date=20250921|station=61010,61010,20250921,2025,1,28162.0,28230.0,69,69,-1.630000000000024,0.0673822911826159,4.266666666666667,-1.2,False
2025|line=40|event=887|date=20250921|station=61010,61010,20250921,2025,1,30022.0,30105.0,84,84,1.6799999999999784,0.1169717305397458,4.283333333333333,1.2,False
2025|line=40|event=890|date=20250921|station=61010,61010,20250921,2025,1,31827.0,31915.0,89,89,1.2700000000000102,0.0681735491090491,4.266666666666667,1.2,False
2025|line=40|event=892|date=20250921|station=61010,61010,20250921,2025,1,33034.0,33500.0,467,467,1.0800000000000125,0.1365279659698694,9.566666666666666,1.2,False
2025|line=40|event=895|date=20250921|station=61010,61010,20250921,2025,1,35466.0,35713.0,248,248,1.240000000000009,0.1271028035273299,7.916666666666667,1.2,False
2025|line=40|event=896|date=20250921|station=61010,61010,20250921,2025,1,38807.0,39225.0,419,419,-1.130000000000024,0.1130564570354588,9.45,-1.1,False
2025|line=40|event=897|date=20250921|station=61010,61010,20250921,2025,1,39607.0,40416.0,810,810,-0.8950000000000102,0.1617520027156545,15.366666666666667,-1.2,False
2025|line=40|event=898|date=20250921|station=61010,61010,20250921,2025,1,40920.0,41245.0,326,326,-0.9000000000000057,0.1299564515058736,9.3,-1.2,False
2025|line=40|event=880|date=20250921|station=61160,61160,20250921,2025,1,20695.0,20905.0,211,211,1.5300000000000011,0.0848224826353808,4.833333333333333,1.2,False
2025|line=40|event=883|date=20250921|station=61160,61160,20250921,2025,1,26304.0,26673.0,370,370,-0.6749999999999972,0.112674403972807,20.58333333333333,-1.2,False
2025|line=40|event=883|date=20250921|station=61160,61160,20250921,2025,2,26716.0,27182.0,467,467,0.4950000000000045,0.1890111249695435,20.58333333333333,-1.2,False
2025|line=40|event=887|date=20250921|station=61160,61160,20250921,2025,1,30013.0,30109.0,97,97,2.1899999999999977,0.034041552638377,4.283333333333333,1.2,False
2025|line=40|event=890|date=20250921|station=61160,61160,20250921,2025,1,31823.0,31932.0,110,110,1.5799999999999983,0.0819130943450085,4.266666666666667,1.2,False
2025|line=40|event=891|date=20250921|station=61160,61160,20250921,2025,1,32458.0,32557.0,100,100,-1.7399999999999949,0.0915957542477804,4.166666666666667,-1.2,False
2025|line=40|event=892|date=20250921|station=61160,61160,20250921,2025,1,33057.0,33502.0,446,446,1.2399999999999949,0.1021511992874412,9.566666666666666,1.2,False
2025|line=40|event=895|date=20250921|station=61160,61160,20250921,2025,1,35510.0,35716.0,207,207,2.089999999999989,0.1278606489072946,7.916666666666667,1.2,False
2025|line=40|event=896|date=20250921|station=61160,61160,20250921,2025,1,38807.0,39230.0,424,424,-1.5249999999999917,0.1109709639937272,9.45,-1.2,False
2025|line=40|event=897|date=20250921|station=61160,61160,20250921,2025,1,39612.0,39839.0,228,228,-1.3000000000000114,0.0750404828283138,15.366666666666667,-1.2,False
2025|line=40|event=897|date=20250921|station=61160,61160,20250921,2025,2,39910.0,40419.0,510,510,-0.9749999999999944,0.1312272698035235,15.366666666666667,-1.2,False
2025|line=40|event=898|date=20250921|station=61160,61160,20250921,2025,1,40855.0,41263.0,409,409,-1.154999999999987,0.1092713423652132,9.3,-1.2,False
2025|line=40|event=884|date=20250921|station=62151,62151,20250921,2025,1,28015.0,28230.0,216,216,0.6850000000000023,0.091419741961719,4.266666666666667,0.7,False
2025|line=40|event=895|date=20250921|station=62151,62151,20250921,2025,1,35478.0,35665.0,188,188,-0.6199999999999903,0.122471339813134,7.916666666666667,-0.7,False
2025|line=40|event=897|date=20250921|station=62151,62151,20250921,2025,1,39629.0,39903.0,275,275,0.6999999999999886,0.0789231797035586,15.366666666666667,0.7,False
2025|line=40|event=897|date=20250921|station=62151,62151,20250921,2025,2,39960.0,40440.0,481,481,0.7999999999999972,0.0835787625837695,15.366666666666667,0.7,False
2025|line=40|event=898|date=20250921|station=62151,62151,20250921,2025,1,40760.0,41270.0,511,511,0.6299999999999955,0.0831286919541436,9.3,0.7,False
2025|line=40|event=899|date=20250922|station=43002,43002,20250922,2025,1,6289.0,7161.0,873,873,-0.2599999999999909,0.2146933711815545,20.25,1.6,False
2025|line=40|event=900|date=20250922|station=43002,43002,20250922,2025,1,19340.0,20016.0,677,677,-0.7100000000000364,0.0725027140605386,14.633333333333333,-1.6,False
2025|line=40|event=901|date=20250922|station=43002,43002,20250922,2025,1,31966.0,32298.0,333,333,2.009999999999991,0.0654335170561768,7.4,1.3,False
2025|line=40|event=902|date=20250922|station=43002,43002,20250922,2025,1,33195.0,33286.0,92,92,1.6299999999999957,0.0466249176674829,6.25,1.3,False
2025|line=40|event=903|date=20250922|station=43002,43002,20250922,2025,1,34043.0,34264.0,222,222,-1.259999999999991,0.0878861101782749,5.333333333333333,-1.3,False
2025|line=40|event=904|date=20250922|station=43002,43002,20250922,2025,1,35084.0,35215.0,132,132,-0.9900000000000092,0.04285216790867,4.4,-1.3,False
2025|line=40|event=899|date=20250922|station=51105,51105,20250922,2025,1,6366.0,6913.0,548,548,0.3799999999999954,0.2725981929635318,20.25,0.6,False
2025|line=40|event=899|date=20250922|station=51105,51105,20250922,2025,2,6932.0,7270.0,339,339,1.5699999999999932,0.1226497787953133,20.25,0.6,False
2025|line=40|event=901|date=20250922|station=51105,51105,20250922,2025,1,32116.0,32273.0,158,158,1.4699999999999989,0.0464062573453061,7.4,0.5,False
2025|line=40|event=902|date=20250922|station=51105,51105,20250922,2025,1,33126.0,33264.0,139,139,0.8149999999999977,0.0460405916937813,6.25,0.5,False
2025|line=40|event=903|date=20250922|station=51105,51105,20250922,2025,1,34106.0,34283.0,178,178,-0.9950000000000044,0.0614394198106324,5.333333333333333,-0.5,False
2025|line=40|event=899|date=20250922|station=61008,61008,20250922,2025,1,6305.0,6443.0,139,139,-1.2249999999999943,0.1113247172350237,20.25,-1.2,False
2025|line=40|event=899|date=20250922|station=61008,61008,20250922,2025,2,6456.0,6562.0,107,107,-1.394999999999996,0.1046120431068066,20.25,-1.2,False
2025|line=40|event=899|date=20250922|station=61008,61008,20250922,2025,3,6580.0,6742.0,163,163,-1.5949999999999989,0.127294242453534,20.25,-1.2,False
2025|line=40|event=899|date=20250922|station=61008,61008,20250922,2025,4,6778.0,6860.0,83,83,-1.0149999999999864,0.077223561910854,20.25,-1.2,False
2025|line=40|event=899|date=20250922|station=61008,61008,20250922,2025,5,6926.0,7053.0,128,128,0.0450000000000017,0.1447061742038499,20.25,-1.2,False
2025|line=40|event=899|date=20250922|station=61008,61008,20250922,2025,6,7070.0,7161.0,92,92,0.4450000000000074,0.0712854336968598,20.25,-1.2,False
2025|line=40|event=900|date=20250922|station=61008,61008,20250922,2025,1,19380.0,19514.0,135,135,1.25,0.0838422109959342,14.633333333333333,1.2,False
2025|line=40|event=900|date=20250922|station=61008,61008,20250922,2025,2,19550.0,20129.0,580,580,1.6300000000000097,0.1454954215049727,14.633333333333333,1.2,False
2025|line=40|event=903|date=20250922|station=61008,61008,20250922,2025,1,34010.0,34107.0,98,98,0.769999999999996,0.1046192130196623,5.333333333333333,1.0,False
2025|line=40|event=903|date=20250922|station=61008,61008,20250922,2025,2,34143.0,34279.0,137,137,0.5499999999999972,0.0851235767599647,5.333333333333333,1.0,False
2025|line=40|event=904|date=20250922|station=61008,61008,20250922,2025,1,35065.0,35218.0,154,154,0.8700000000000045,0.1109584602424549,4.4,1.0,False
2025|line=40|event=899|date=20250922|station=61010,61010,20250922,2025,1,6821.0,6903.0,83,83,-2.4749999999999943,0.0975659137214188,20.25,-0.6,False
2025|line=40|event=899|date=20250922|station=61010,61010,20250922,2025,2,6914.0,7129.0,216,216,-2.7249999999999943,0.1021779309023552,20.25,-0.6,False
2025|line=40|event=899|date=20250922|station=61010,61010,20250922,2025,3,7151.0,7405.0,255,255,-2.174999999999983,0.1058099118324431,20.25,-0.6,False
2025|line=40|event=900|date=20250922|station=61010,61010,20250922,2025,1,19843.0,20151.0,309,309,1.2800000000000011,0.0925884738850873,14.633333333333333,0.6,False
2025|line=40|event=901|date=20250922|station=61010,61010,20250922,2025,1,31919.0,32279.0,361,361,-0.5,0.1348766244175789,7.4,-0.5,False
2025|line=40|event=899|date=20250922|station=61160,61160,20250922,2025,1,6923.0,7436.0,514,514,-3.894999999999982,0.1210011775576293,20.25,-0.6,False
2025|line=40|event=900|date=20250922|station=61160,61160,20250922,2025,1,19820.0,20124.0,305,305,1.394999999999996,0.0963376815155911,14.633333333333333,0.6,False
2025|line=40|event=901|date=20250922|station=61160,61160,20250922,2025,1,31938.0,32254.0,317,317,-0.9549999999999984,0.1150872010791641,7.4,-0.5,False
2025|line=40|event=902|date=20250922|station=61160,61160,20250922,2025,1,33126.0,33248.0,123,123,-0.5799999999999841,0.0567072349615849,6.25,-0.5,False
2025|line=40|event=903|date=20250922|station=61160,61160,20250922,2025,1,34117.0,34293.0,177,177,1.1099999999999994,0.0872168008174681,5.333333333333333,0.5,False
2025|line=40|event=905|date=20250927|station=42005,42005,20250927,2025,1,9740.0,11292.0,1553,1553,-1.8833911712171485,0.101046831359578,62.73333333333333,-0.9,False
2025|line=40|event=905|date=20250927|station=42005,42005,20250927,2025,2,11339.0,12746.0,1408,1408,-2.214481372799185,0.1703641355297996,62.73333333333333,-0.9,False
2025|line=40|event=905|date=20250927|station=51105,51105,20250927,2025,1,9597.0,12746.0,3150,3150,-0.960000000000008,0.1579706096422901,62.73333333333333,-0.5,False
2025|line=40|event=905|date=20250927|station=61008,61008,20250927,2025,1,9312.0,9593.0,282,282,0.9752634600663584,0.1548547947321606,62.73333333333333,1.0,False
2025|line=40|event=905|date=20250927|station=61008,61008,20250927,2025,2,9916.0,10031.0,116,116,0.8682042612911403,0.1100637348050474,62.73333333333333,1.0,False
2025|line=40|event=905|date=20250927|station=61008,61008,20250927,2025,3,10068.0,10191.0,124,124,1.1216183975504066,0.1392817906627534,62.73333333333333,1.0,False
2025|line=40|event=905|date=20250927|station=61008,61008,20250927,2025,4,10219.0,10406.0,188,188,1.0071619035468302,0.1648071306772628,62.73333333333333,1.0,False
2025|line=40|event=905|date=20250927|station=61008,61008,20250927,2025,5,10667.0,10757.0,91,91,0.6705205409543424,0.0673915898879626,62.73333333333333,1.0,False
2025|line=40|event=905|date=20250927|station=61008,61008,20250927,2025,6,10797.0,11164.0,368,368,0.2994737177851476,0.1350850416833114,62.73333333333333,1.0,False
2025|line=40|event=905|date=20250927|station=61008,61008,20250927,2025,7,11170.0,11316.0,147,147,-0.1309351875478484,0.0778591272145224,62.73333333333333,1.0,False
2025|line=40|event=905|date=20250927|station=61008,61008,20250927,2025,8,11328.0,11525.0,198,198,-0.2046115080377717,0.1457444838343066,62.73333333333333,1.0,False
2025|line=40|event=905|date=20250927|station=61008,61008,20250927,2025,9,11539.0,11945.0,407,407,0.2476779790763004,0.1366264490492377,62.73333333333333,1.0,False
2025|line=40|event=905|date=20250927|station=61008,61008,20250927,2025,10,11965.0,12079.0,115,115,0.6445751467211096,0.0875555259130788,62.73333333333333,1.0,False
2025|line=40|event=905|date=20250927|station=61008,61008,20250927,2025,11,12146.0,12217.0,72,72,0.9034504975759176,0.0771456425034406,62.73333333333333,1.0,False
2025|line=40|event=905|date=20250927|station=61008,61008,20250927,2025,12,12364.0,13026.0,663,663,0.6346886960959353,0.1666200609505487,62.73333333333333,1.0,False
2025|line=40|event=905|date=20250927|station=62151,62151,20250927,2025,1,9329.0,10581.0,1253,1253,0.1031627966317927,0.0956759451881913,62.73333333333333,-0.3,False
2025|line=40|event=905|date=20250927|station=62151,62151,20250927,2025,2,10591.0,13044.0,2454,2454,-0.3834109466700681,0.1361603667990904,62.73333333333333,-0.3,False
2025|line=39|event=540|date=20251001|station=51020,51020,20251001,2025,1,74127.0,74260.0,134,134,-1.6399999999999864,0.040373923243138,22.183333333333334,-2.1,False
2025|line=39|event=540|date=20251001|station=51020,51020,20251001,2025,2,74559.0,75352.0,794,794,-1.049999999999983,0.2966181715837841,22.183333333333334,-2.1,False
2025|line=39|event=539|date=20251001|station=51105,51105,20251001,2025,1,70632.0,71098.0,467,467,-5.197206095791003,0.1591958361248758,31.916666666666668,-4.7,True
2025|line=39|event=539|date=20251001|station=51105,51105,20251001,2025,2,71127.0,71956.0,830,830,-4.312685050798251,0.2516626138463941,31.916666666666668,-4.7,True
2025|line=39|event=539|date=20251001|station=51105,51105,20251001,2025,3,71977.0,72456.0,480,480,-4.506821480406387,0.1398923236176903,31.916666666666668,-4.7,True
2025|line=39|event=540|date=20251001|station=51105,51105,20251001,2025,1,74082.0,74642.0,561,561,5.339999999999996,0.1969641804356098,22.183333333333334,4.7,True
2025|line=39|event=540|date=20251001|station=51105,51105,20251001,2025,2,74662.0,75337.0,676,676,3.754999999999996,0.1049236940659791,22.183333333333334,4.7,True
2025|line=39|event=539|date=20251001|station=51224,51224,20251001,2025,1,70866.0,72190.0,1325,1325,1.414448476052257,0.3183985644778721,31.916666666666668,0.4,False
2025|line=39|event=540|date=20251001|station=61008,61008,20251001,2025,1,74056.0,75057.0,1002,1002,0.2999999999999971,0.3040371679319768,22.183333333333334,0.5,False
2025|line=39|event=539|date=20251001|station=61010,61010,20251001,2025,1,70885.0,72190.0,1306,1306,-1.2448403483309107,0.2867194797222283,31.916666666666668,-0.3,False
2025|line=39|event=539|date=20251001|station=62149,62149,20251001,2025,1,70603.0,72469.0,1867,1867,5.49281083696178,0.1278581634980933,31.916666666666668,5.6,True
2025|line=39|event=540|date=20251001|station=62149,62149,20251001,2025,1,74054.0,75334.0,1281,1281,-5.670000000000002,0.1275744557106032,22.183333333333334,-5.6,True
2025|line=39|event=539|date=20251001|station=62151,62151,20251001,2025,1,70610.0,71302.0,693,693,23.21800677310111,0.0896202572690508,31.916666666666668,23.2,True
2025|line=39|event=539|date=20251001|station=62151,62151,20251001,2025,2,71361.0,71891.0,531,531,23.33759554910497,0.0802110089782614,31.916666666666668,23.2,True
2025|line=39|event=539|date=20251001|station=62151,62151,20251001,2025,3,71947.0,72475.0,529,529,23.46552007740688,0.1061008853342277,31.916666666666668,23.2,True
2025|line=39|event=540|date=20251001|station=62151,62151,20251001,2025,1,74062.0,75341.0,1280,1280,-23.81,0.0959245365921679,22.183333333333334,-23.2,True
2025|line=39|event=540|date=20251001|station=62239,62239,20251001,2025,1,74311.0,75327.0,1017,1017,-1.06,0.0534893883203891,22.183333333333334,-0.5,False
2025|line=41|event=1001|date=20251012|station=42005,42005,20251012,2025,1,41404.0,43074.0,1671,1671,7.95165178571429,0.2509909995310853,36.38333333333333,9.5,True
2025|line=41|event=1001|date=20251012|station=50008,50008,20251012,2025,1,41181.0,41815.0,635,635,1.8672363945578208,0.0987728923316875,36.38333333333333,3.0,True
2025|line=41|event=1001|date=20251012|station=50008,50008,20251012,2025,2,41839.0,42551.0,713,713,1.9478784013605408,0.150851879638353,36.38333333333333,3.0,True
2025|line=41|event=1001|date=20251012|station=50008,50008,20251012,2025,3,42583.0,42919.0,337,337,1.1038137755102042,0.1273142949090038,36.38333333333333,3.0,True
2025|line=41|event=1001|date=20251012|station=50008,50008,20251012,2025,4,42952.0,43034.0,83,83,1.398771258503395,0.0649279010062143,36.38333333333333,3.0,True
2025|line=41|event=1001|date=20251012|station=50008,50008,20251012,2025,5,43098.0,43194.0,97,97,2.232814625850331,0.0816964376511712,36.38333333333333,3.0,True
2025|line=41|event=1001|date=20251012|station=50023,50023,20251012,2025,1,41172.0,42137.0,966,966,0.644464285714264,0.4933871552060125,36.38333333333333,2.5,False
2025|line=41|event=1001|date=20251012|station=50023,50023,20251012,2025,2,42148.0,42520.0,373,373,0.4890816326530967,0.0749000153202075,36.38333333333333,2.5,False
2025|line=41|event=1001|date=20251012|station=50023,50023,20251012,2025,3,42523.0,42888.0,366,366,-0.8305867346938953,0.1413455794640977,36.38333333333333,2.5,False
2025|line=41|event=1001|date=20251012|station=50023,50023,20251012,2025,4,43065.0,43164.0,100,100,0.9342602040816246,0.0553923456191856,36.38333333333333,2.5,False
2025|line=41|event=1001|date=20251012|station=50023,50023,20251012,2025,5,43221.0,43289.0,69,69,1.6363775510204164,0.0511969223760816,36.38333333333333,2.5,False
2025|line=41|event=1001|date=20251012|station=51105,51105,20251012,2025,1,41495.0,42895.0,1401,1401,0.7360331632653043,0.1790659124150821,36.38333333333333,-1.3,False
2025|line=41|event=1001|date=20251012|station=51224,51224,20251012,2025,1,41157.0,41239.0,83,83,-1.9703741496598468,0.0882681170954363,36.38333333333333,-2.0,False
2025|line=41|event=1001|date=20251012|station=51224,51224,20251012,2025,2,41242.0,43174.0,1933,1933,-1.0697959183673331,0.3065997159488898,36.38333333333333,-2.0,False
2025|line=39|event=546|date=20251014|station=50023,50023,20251014,2025,1,36395.0,38318.0,1924,1924,0.3574751066856265,0.2709621252910321,32.68333333333333,0.5,False
2025|line=39|event=547|date=20251014|station=50023,50023,20251014,2025,1,38870.0,39756.0,887,887,0.6765317919075073,0.1205815021194786,37.91666666666666,0.5,False
2025|line=39|event=547|date=20251014|station=50023,50023,20251014,2025,2,39773.0,40827.0,1055,1055,0.1912716763005733,0.3398116568433064,37.91666666666666,0.5,False
2025|line=39|event=548|date=20251014|station=50023,50023,20251014,2025,1,41513.0,42936.0,1424,1424,0.7199999999999704,0.1166456219379424,25.416666666666668,0.5,False
2025|line=39|event=542|date=20251014|station=51020,51020,20251014,2025,1,7331.0,7494.0,164,164,1.364209792549616,0.0495082890537098,72.26666666666667,1.1,False
2025|line=39|event=542|date=20251014|station=51020,51020,20251014,2025,2,7862.0,9523.0,1662,1662,1.477946129823806,0.157762858383401,72.26666666666667,1.1,False
2025|line=39|event=542|date=20251014|station=51020,51020,20251014,2025,3,9847.0,11094.0,1248,1248,1.2158705108186467,0.1579945625821369,72.26666666666667,1.1,False
2025|line=39|event=546|date=20251014|station=51020,51020,20251014,2025,1,36664.0,38307.0,1644,1644,-2.631699857752494,0.1854120466469186,32.68333333333333,-2.1,False
2025|line=39|event=547|date=20251014|station=51020,51020,20251014,2025,1,38919.0,39895.0,977,977,-2.3982163501238745,0.0739147174071581,37.91666666666666,-2.1,False
2025|line=39|event=547|date=20251014|station=51020,51020,20251014,2025,2,40263.0,41107.0,845,845,-2.2728571428571627,0.0566196902268027,37.91666666666666,-2.1,False
2025|line=39|event=548|date=20251014|station=51020,51020,20251014,2025,1,41483.0,41925.0,443,443,-1.799999999999983,0.0684521258859767,25.416666666666668,-2.1,False
2025|line=39|event=548|date=20251014|station=51020,51020,20251014,2025,2,42224.0,42447.0,224,224,-1.6199999999999903,0.0475984102027733,25.416666666666668,-2.1,False
2025|line=39|event=548|date=20251014|station=51020,51020,20251014,2025,3,42528.0,42927.0,400,400,-1.3999999999999917,0.0662375997347635,25.416666666666668,-2.1,False
2025|line=39|event=551|date=20251014|station=51020,51020,20251014,2025,1,51415.0,51799.0,385,385,-1.7999999999999972,0.0742534933492888,7.7,-2.1,False
2025|line=39|event=553|date=20251014|station=51020,51020,20251014,2025,1,55656.0,56325.0,670,670,-2.25,0.0755465708557475,17.933333333333334,-2.1,False
2025|line=39|event=558|date=20251014|station=51020,51020,20251014,2025,1,62120.0,62304.0,185,185,2.0999999999999943,0.04911808715503,4.316666666666666,2.1,False
2025|line=39|event=542|date=20251014|station=51105,51105,20251014,2025,1,7289.0,11401.0,4113,4113,-1.209899620789649,0.448891340718541,72.26666666666667,-2.3,False
2025|line=39|event=542|date=20251014|station=51105,51105,20251014,2025,2,11430.0,11553.0,124,124,-2.5634145661387464,0.0712209394075656,72.26666666666667,-2.3,False
2025|line=39|event=543|date=20251014|station=51105,51105,20251014,2025,1,13702.0,16690.0,2989,2989,-3.163697478991608,0.2613924822176199,51.083333333333336,-2.3,False
2025|line=39|event=544|date=20251014|station=51105,51105,20251014,2025,1,22337.0,24270.0,1934,1934,2.3083627532901545,0.1983968399402529,77.3,2.3,False
2025|line=39|event=544|date=20251014|station=51105,51105,20251014,2025,2,24289.0,25543.0,1255,1255,1.840697722999792,0.171694819012933,77.3,2.3,False
2025|line=39|event=544|date=20251014|station=51105,51105,20251014,2025,3,25551.0,26909.0,1359,1359,2.8704888238980715,0.3034937392717582,77.3,2.3,False
2025|line=39|event=545|date=20251014|station=51105,51105,20251014,2025,1,29599.0,30286.0,688,688,5.344999999999992,0.1306368513989478,21.883333333333333,2.3,False
2025|line=39|event=546|date=20251014|station=51105,51105,20251014,2025,1,36419.0,37970.0,1552,1552,4.750056899004271,0.1756899309463495,32.68333333333333,4.6,True
2025|line=39|event=546|date=20251014|station=51105,51105,20251014,2025,2,37981.0,38305.0,325,325,5.142916073968706,0.0946802060360884,32.68333333333333,4.6,True
2025|line=39|event=547|date=20251014|station=51105,51105,20251014,2025,1,38912.0,41104.0,2193,2193,5.177398843930632,0.234868770417307,37.91666666666666,4.5,True
2025|line=39|event=548|date=20251014|station=51105,51105,20251014,2025,1,41472.0,42923.0,1452,1452,5.675000000000004,0.1218837472415276,25.416666666666668,4.6,True
2025|line=39|event=551|date=20251014|station=51105,51105,20251014,2025,1,51406.0,51794.0,389,389,5.039999999999999,0.1099441081831959,7.7,4.6,True
2025|line=39|event=553|date=20251014|station=51105,51105,20251014,2025,1,55552.0,56550.0,999,999,4.789999999999999,0.163046584399343,17.933333333333334,4.6,True
2025|line=39|event=558|date=20251014|station=51105,51105,20251014,2025,1,62107.0,62288.0,182,182,-4.899999999999999,0.0446584490105206,4.316666666666666,-4.6,True
2025|line=39|event=546|date=20251014|station=51224,51224,20251014,2025,1,36522.0,38027.0,1506,1506,-0.5513513513513715,0.1205776115339007,32.68333333333333,-0.4,False
2025|line=39|event=547|date=20251014|station=61008,61008,20251014,2025,1,38886.0,39194.0,309,309,0.7206936416184959,0.1028011143293286,37.91666666666666,0.5,False
2025|line=39|event=547|date=20251014|station=61008,61008,20251014,2025,2,39260.0,39545.0,286,286,0.8030635838150317,0.154547563215312,37.91666666666666,0.5,False
2025|line=39|event=547|date=20251014|station=61008,61008,20251014,2025,3,39576.0,39741.0,166,166,0.7096820809248641,0.1581110358743153,37.91666666666666,0.5,False
2025|line=39|event=547|date=20251014|station=61008,61008,20251014,2025,4,39772.0,40048.0,277,277,0.8883815028901694,0.1813864477145043,37.91666666666666,0.5,False
2025|line=39|event=547|date=20251014|station=61008,61008,20251014,2025,5,40067.0,40419.0,353,353,0.39439306358382,0.1801787980690111,37.91666666666666,0.5,False
2025|line=39|event=547|date=20251014|station=61008,61008,20251014,2025,6,40462.0,40607.0,146,146,0.7495953757225493,0.1000740716667246,37.91666666666666,0.5,False
2025|line=39|event=547|date=20251014|station=61008,61008,20251014,2025,7,40622.0,40946.0,325,325,0.884219653179187,0.1443178694872388,37.91666666666666,0.5,False
2025|line=39|event=547|date=20251014|station=61008,61008,20251014,2025,8,40969.0,41040.0,72,72,0.5722543352601264,0.1072325650557994,37.91666666666666,0.5,False
2025|line=39|event=547|date=20251014|station=61008,61008,20251014,2025,9,41042.0,41108.0,67,67,0.8196531791907518,0.0940866870656326,37.91666666666666,0.5,False
2025|line=39|event=548|date=20251014|station=61008,61008,20251014,2025,1,42320.0,42872.0,553,553,1.1950000000000074,0.1308082619949097,25.416666666666668,0.5,False
2025|line=39|event=552|date=20251014|station=61008,61008,20251014,2025,1,54722.0,54825.0,104,104,1.5749999999999886,0.0977433807521805,22.216666666666665,0.5,False
2025|line=39|event=552|date=20251014|station=61008,61008,20251014,2025,2,54836.0,55148.0,313,313,2.0649999999999977,0.1105376080742764,22.216666666666665,0.5,False
2025|line=39|event=552|date=20251014|station=62001,62001,20251014,2025,1,54974.0,55089.0,116,116,5.07999999999447,0.1592024575738516,22.216666666666665,-5.8,True
2025|line=39|event=542|date=20251014|station=62149,62149,20251014,2025,1,7265.0,8546.0,1282,1282,3.384132835155029,0.057381864992955,72.26666666666667,2.8,False
2025|line=39|event=542|date=20251014|station=62149,62149,20251014,2025,2,8598.0,10389.0,1792,1792,4.3676215703769685,0.092786060520422,72.26666666666667,2.8,False
2025|line=39|event=542|date=20251014|station=62149,62149,20251014,2025,3,10438.0,10506.0,69,69,3.508115101494539,0.0408553725256251,72.26666666666667,2.8,False
2025|line=39|event=542|date=20251014|station=62149,62149,20251014,2025,4,10555.0,10965.0,411,411,2.8056747713584684,0.1148396031593805,72.26666666666667,2.8,False
2025|line=39|event=542|date=20251014|station=62149,62149,20251014,2025,5,11013.0,11552.0,540,540,3.3033654918581306,0.0497823186762794,72.26666666666667,2.8,False
2025|line=39|event=543|date=20251014|station=62149,62149,20251014,2025,1,13673.0,15905.0,2233,2233,3.871470588235297,0.0618230689457551,51.083333333333336,2.8,False
2025|line=39|event=543|date=20251014|station=62149,62149,20251014,2025,2,15958.0,16690.0,733,733,2.6535294117647155,0.049971226664216,51.083333333333336,2.8,False
2025|line=39|event=544|date=20251014|station=62149,62149,20251014,2025,1,22317.0,26782.0,4466,4466,-2.8235768748694383,0.1531922317199078,77.3,-2.8,False
2025|line=39|event=544|date=20251014|station=62149,62149,20251014,2025,2,26830.0,26906.0,77,77,-2.067416962607055,0.0679132366854563,77.3,-2.8,False
2025|line=39|event=545|date=20251014|station=62149,62149,20251014,2025,1,29021.0,30202.0,1182,1182,-1.2199999999999989,0.1146833433118727,21.883333333333333,-2.8,False
2025|line=39|event=546|date=20251014|station=62149,62149,20251014,2025,1,36394.0,38304.0,1911,1911,-6.051180654338552,0.1176622320305613,32.68333333333333,-5.6,True
2025|line=39|event=547|date=20251014|station=62149,62149,20251014,2025,1,38879.0,39199.0,321,321,-5.9001940545004175,0.0650124077144353,37.91666666666666,-5.5,True
2025|line=39|event=547|date=20251014|station=62149,62149,20251014,2025,2,39256.0,41103.0,1848,1848,-5.890452105697776,0.0658716520471659,37.91666666666666,-5.5,True
2025|line=39|event=548|date=20251014|station=62149,62149,20251014,2025,1,41550.0,42606.0,1057,1057,-5.424999999999997,0.0630026292528024,25.416666666666668,-5.6,True
2025|line=39|event=551|date=20251014|station=62149,62149,20251014,2025,1,51382.0,51793.0,412,412,-5.730000000000004,0.0645253504375027,7.7,-5.5,True
2025|line=39|event=552|date=20251014|station=62149,62149,20251014,2025,1,53851.0,55132.0,1282,1282,-5.539999999999992,0.0654911964729812,22.216666666666665,-5.6,True
2025|line=39|event=553|date=20251014|station=62149,62149,20251014,2025,1,55523.0,56548.0,1026,1026,-5.579999999999998,0.0647816624741825,17.933333333333334,-5.6,True
2025|line=39|event=558|date=20251014|station=62149,62149,20251014,2025,1,62079.0,62289.0,211,211,5.679999999999993,0.0435447140212098,4.316666666666666,5.5,True
2025|line=39|event=542|date=20251014|station=62151,62151,20251014,2025,1,7269.0,8383.0,1115,1115,12.198425161722056,0.0900795371861851,72.26666666666667,11.6,True
2025|line=39|event=542|date=20251014|station=62151,62151,20251014,2025,2,8443.0,9181.0,739,739,12.634120008922594,0.0849611709612187,72.26666666666667,11.6,True
2025|line=39|event=542|date=20251014|station=62151,62151,20251014,2025,3,9236.0,10286.0,1051,1051,13.007927726968546,0.0871174577202671,72.26666666666667,11.6,True
2025|line=39|event=542|date=20251014|station=62151,62151,20251014,2025,4,10297.0,11552.0,1256,1256,12.478486504572842,0.1175479920199062,72.26666666666667,11.6,True
2025|line=39|event=543|date=20251014|station=62151,62151,20251014,2025,1,13677.0,14423.0,747,747,11.866862745098048,0.0913819409676809,51.083333333333336,11.3,True
2025|line=39|event=543|date=20251014|station=62151,62151,20251014,2025,2,14441.0,14525.0,85,85,11.858300653594767,0.1371022452293212,51.083333333333336,11.3,True
2025|line=39|event=543|date=20251014|station=62151,62151,20251014,2025,3,14608.0,15424.0,817,817,11.948823529411769,0.0894451225231032,51.083333333333336,11.3,True
2025|line=39|event=543|date=20251014|station=62151,62151,20251014,2025,4,15456.0,15724.0,269,269,11.944771241830068,0.1098941315211373,51.083333333333336,11.3,True
2025|line=39|event=543|date=20251014|station=62151,62151,20251014,2025,5,15740.0,16399.0,660,660,11.737483660130708,0.0794156546995767,51.083333333333336,11.3,True
2025|line=39|event=543|date=20251014|station=62151,62151,20251014,2025,6,16489.0,16556.0,68,68,11.5697385620915,0.1578641470952596,51.083333333333336,11.3,True
2025|line=39|event=543|date=20251014|station=62151,62151,20251014,2025,7,16569.0,16694.0,126,126,11.62294117647059,0.137903243940433,51.083333333333336,11.3,True
2025|line=39|event=544|date=20251014|station=62151,62151,20251014,2025,1,22322.0,22429.0,108,108,-11.966140066847707,0.0825098432196894,77.3,-11.5,True
2025|line=39|event=544|date=20251014|station=62151,62151,20251014,2025,2,22470.0,22929.0,460,460,-12.241538019636522,0.079728397167592,77.3,-11.5,True
2025|line=39|event=544|date=20251014|station=62151,62151,20251014,2025,3,22987.0,24165.0,1179,1179,-12.554443283893876,0.1067352797481066,77.3,-11.5,True
2025|line=39|event=544|date=20251014|station=62151,62151,20251014,2025,4,24182.0,24615.0,434,434,-12.409782222686443,0.107005456283881,77.3,-11.5,True
2025|line=39|event=544|date=20251014|station=62151,62151,20251014,2025,5,24627.0,25026.0,400,400,-12.165122728222258,0.1216122893799937,77.3,-11.5,True
2025|line=39|event=544|date=20251014|station=62151,62151,20251014,2025,6,25032.0,25385.0,354,354,-11.98327710465844,0.0915130716735953,77.3,-11.5,True
2025|line=39|event=544|date=20251014|station=62151,62151,20251014,2025,7,25427.0,25796.0,370,370,-12.11992949655317,0.1185666045865564,77.3,-11.5,True
2025|line=39|event=544|date=20251014|station=62151,62151,20251014,2025,8,25866.0,26259.0,394,394,-12.063863066638817,0.0801139580184663,77.3,-11.5,True
2025|line=39|event=544|date=20251014|station=62151,62151,20251014,2025,9,26347.0,26797.0,451,451,-12.006826822644667,0.0834863250098393,77.3,-11.5,True
2025|line=39|event=545|date=20251014|station=62151,62151,20251014,2025,1,29026.0,29961.0,936,936,-10.560000000000002,0.0940459699157948,21.883333333333333,-11.3,True
2025|line=39|event=545|date=20251014|station=62151,62151,20251014,2025,2,29998.0,30288.0,291,291,-9.379999999999995,0.0828277348228386,21.883333333333333,-11.3,True
2025|line=39|event=546|date=20251014|station=62151,62151,20251014,2025,1,36419.0,36534.0,116,116,-23.6676126126126,0.0780769048401648,32.68333333333333,-23.0,True
2025|line=39|event=546|date=20251014|station=62151,62151,20251014,2025,2,36592.0,36911.0,320,320,-23.77114983404458,0.0801863559521831,32.68333333333333,-23.0,True
2025|line=39|event=546|date=20251014|station=62151,62151,20251014,2025,3,36971.0,37068.0,98,98,-23.79443338074917,0.0688340517949807,32.68333333333333,-23.0,True
2025|line=39|event=546|date=20251014|station=62151,62151,20251014,2025,4,37126.0,37570.0,445,445,-23.8566951161688,0.1023457945229819,32.68333333333333,-23.0,True
2025|line=39|event=546|date=20251014|station=62151,62151,20251014,2025,5,37633.0,38089.0,457,457,-23.76885727833097,0.1201190308749745,32.68333333333333,-23.0,True
2025|line=39|event=546|date=20251014|station=62151,62151,20251014,2025,6,38145.0,38285.0,141,141,-23.62882882882883,0.0839425213509854,32.68333333333333,-23.0,True
2025|line=39|event=547|date=20251014|station=62151,62151,20251014,2025,1,38884.0,39196.0,313,313,-23.6468166804294,0.0828503048931277,37.91666666666666,-22.5,True
2025|line=39|event=547|date=20251014|station=62151,62151,20251014,2025,2,39265.0,39538.0,274,274,-23.77846098265896,0.1024988372617937,37.91666666666666,-22.5,True
2025|line=39|event=547|date=20251014|station=62151,62151,20251014,2025,3,39599.0,41109.0,1511,1511,-23.70897605284888,0.0936659615307986,37.91666666666666,-22.5,True
2025|line=39|event=548|date=20251014|station=62151,62151,20251014,2025,1,41456.0,41892.0,437,437,-23.430000000000007,0.0828422188708239,25.416666666666668,-22.9,True
2025|line=39|event=548|date=20251014|station=62151,62151,20251014,2025,2,41926.0,42927.0,1002,1002,-23.25,0.1047063348399256,25.416666666666668,-22.9,True
2025|line=39|event=551|date=20251014|station=62151,62151,20251014,2025,1,51390.0,51799.0,410,410,-23.63000000000001,0.0831890337891803,7.7,-22.7,True
2025|line=39|event=552|date=20251014|station=62151,62151,20251014,2025,1,53862.0,54347.0,486,486,-23.450000000000003,0.0902985406637742,22.216666666666665,-23.0,True
2025|line=39|event=552|date=20251014|station=62151,62151,20251014,2025,2,54408.0,55138.0,731,731,-23.25,0.0804314068741193,22.216666666666665,-23.0,True
2025|line=39|event=553|date=20251014|station=62151,62151,20251014,2025,1,55529.0,55786.0,258,258,-23.42,0.0893393902314676,17.933333333333334,-22.9,True
2025|line=39|event=553|date=20251014|station=62151,62151,20251014,2025,2,55824.0,56396.0,573,573,-23.25999999999999,0.0885654203431158,17.933333333333334,-22.9,True
2025|line=39|event=553|date=20251014|station=62151,62151,20251014,2025,3,56455.0,56555.0,101,101,-23.32,0.067918513251105,17.933333333333334,-22.9,True
2025|line=39|event=558|date=20251014|station=62151,62151,20251014,2025,1,62086.0,62296.0,211,211,23.5,0.0707609501046986,4.316666666666666,22.8,True
2025|line=39|event=566|date=20251015|station=50023,50023,20251015,2025,1,24869.0,25003.0,135,135,1.6399999999999864,0.0708684598047003,4.55,0.8,False
2025|line=39|event=574|date=20251015|station=50023,50023,20251015,2025,1,53352.0,55088.0,1737,1737,0.8797988939165862,0.1320835949062786,30.58333333333333,0.8,False
2025|line=39|event=575|date=20251015|station=50023,50023,20251015,2025,1,55357.0,56955.0,1599,1599,0.75,0.0821272034451461,28.133333333333333,0.8,False
2025|line=39|event=562|date=20251015|station=51020,51020,20251015,2025,1,8831.0,9221.0,391,391,1.2549999999999957,0.1606297425903128,7.95,2.1,False
2025|line=39|event=563|date=20251015|station=51020,51020,20251015,2025,1,10332.0,10487.0,156,156,-3.625,0.0453702557805486,4.75,-2.1,False
2025|line=39|event=565|date=20251015|station=51020,51020,20251015,2025,1,21015.0,21138.0,124,124,3.6650000000000063,0.0399026918469032,5.016666666666667,2.1,False
2025|line=39|event=566|date=20251015|station=51020,51020,20251015,2025,1,24841.0,25015.0,175,175,-2.4299999999999926,0.0892508701772381,4.55,-3.2,True
2025|line=39|event=567|date=20251015|station=51020,51020,20251015,2025,1,25862.0,25928.0,67,67,-1.980000000000004,0.047264500177045,7.533333333333333,-3.2,True
2025|line=39|event=568|date=20251015|station=51020,51020,20251015,2025,1,27192.0,27529.0,338,338,6.75,0.0737590658342796,18.383333333333333,1.6,False
2025|line=39|event=569|date=20251015|station=51020,51020,20251015,2025,1,28659.0,29094.0,436,436,4.300000000000011,0.0524629213518038,26.266666666666666,1.6,False
2025|line=39|event=569|date=20251015|station=51020,51020,20251015,2025,2,29461.0,29602.0,142,142,5.625000000000014,0.042893668960765,26.266666666666666,1.6,False
2025|line=39|event=570|date=20251015|station=51020,51020,20251015,2025,1,30669.0,31129.0,461,461,4.539999999999992,0.1085298611362496,26.73333333333333,1.6,False
2025|line=39|event=570|date=20251015|station=51020,51020,20251015,2025,2,31428.0,31692.0,265,265,4.759999999999991,0.0446043324836004,26.73333333333333,1.6,False
2025|line=39|event=571|date=20251015|station=51020,51020,20251015,2025,1,32193.0,32695.0,503,503,1.7891833030853093,0.0641047977205827,33.8,1.6,False
2025|line=39|event=571|date=20251015|station=51020,51020,20251015,2025,2,33063.0,34056.0,994,994,1.84766787658802,0.141405099227566,33.8,1.6,False
2025|line=39|event=572|date=20251015|station=51020,51020,20251015,2025,1,48894.0,49130.0,237,237,1.5641145240803669,0.0825282068198079,41.36666666666667,1.6,False
2025|line=39|event=572|date=20251015|station=51020,51020,20251015,2025,2,49429.0,50695.0,1267,1267,1.465024649222585,0.0854514656023013,41.36666666666667,1.6,False
2025|line=39|event=572|date=20251015|station=51020,51020,20251015,2025,3,51063.0,51307.0,245,245,1.5220932878270617,0.0629481923680179,41.36666666666667,1.6,False
2025|line=39|event=573|date=20251015|station=51020,51020,20251015,2025,1,51796.0,52731.0,936,936,1.3900000000000148,0.0925249791146161,20.05,1.6,False
2025|line=39|event=574|date=20251015|station=51020,51020,20251015,2025,1,53344.0,54295.0,952,952,-3.0302840623429006,0.082762521734759,30.58333333333333,-3.2,True
2025|line=39|event=574|date=20251015|station=51020,51020,20251015,2025,2,54663.0,55082.0,420,420,-2.9249899446958523,0.0508714048402252,30.58333333333333,-3.2,True
2025|line=39|event=575|date=20251015|station=51020,51020,20251015,2025,1,55361.0,56331.0,971,971,-3.0049999999999955,0.0689851827525322,28.133333333333333,-3.2,True
2025|line=39|event=575|date=20251015|station=51020,51020,20251015,2025,2,56629.0,56946.0,318,318,-2.894999999999982,0.0573325826553751,28.133333333333333,-3.2,True
2025|line=39|event=578|date=20251015|station=51020,51020,20251015,2025,1,67463.0,67804.0,342,342,1.1400000000000148,0.0456901533663383,7.666666666666667,1.1,False
2025|line=39|event=559|date=20251015|station=51105,51105,20251015,2025,1,5692.0,6157.0,466,466,-3.094999999999999,0.1189689336433441,9.05,-2.3,False
2025|line=39|event=562|date=20251015|station=51105,51105,20251015,2025,1,8889.0,9159.0,271,271,-6.359999999999999,0.1015434728640224,7.95,-4.6,True
2025|line=39|event=563|date=20251015|station=51105,51105,20251015,2025,1,10264.0,10477.0,214,214,4.984999999999999,0.093097493985895,4.75,4.6,True
2025|line=39|event=565|date=20251015|station=51105,51105,20251015,2025,1,20921.0,21132.0,212,212,-5.435000000000002,0.1437719610265416,5.016666666666667,-4.7,True
2025|line=39|event=566|date=20251015|station=51105,51105,20251015,2025,1,24837.0,25016.0,180,180,8.050000000000011,0.0444439558807264,4.55,7.0,True
2025|line=39|event=567|date=20251015|station=51105,51105,20251015,2025,1,25614.0,25953.0,340,340,8.799999999999997,0.1003950345552974,7.533333333333333,7.0,True
2025|line=39|event=568|date=20251015|station=51105,51105,20251015,2025,1,26639.0,27300.0,662,662,-3.3300000000000125,0.2302100490912363,18.383333333333333,-3.5,True
2025|line=39|event=569|date=20251015|station=51105,51105,20251015,2025,1,28087.0,29321.0,1235,1235,-1.0900000000000034,0.1936696639298503,26.266666666666666,-3.5,True
2025|line=39|event=570|date=20251015|station=51105,51105,20251015,2025,1,30163.0,31572.0,1410,1410,-2.6700000000000017,0.2550094968371392,26.73333333333333,-3.5,True
2025|line=39|event=571|date=20251015|station=51105,51105,20251015,2025,1,32145.0,34103.0,1959,1959,-3.562642921960069,0.1497929510885353,33.8,-3.5,True
2025|line=39|event=572|date=20251015|station=51105,51105,20251015,2025,1,48894.0,51299.0,2406,2406,-3.715485400075842,0.3673737598181594,41.36666666666667,-3.5,True
2025|line=39|event=573|date=20251015|station=51105,51105,20251015,2025,1,51770.0,52900.0,1131,1131,-3.0900000000000034,0.1335967411304143,20.05,-3.5,True
2025|line=39|event=574|date=20251015|station=51105,51105,20251015,2025,1,53332.0,55080.0,1749,1749,7.608285570638515,0.1111981343978063,30.58333333333333,6.9,True
2025|line=39|event=575|date=20251015|station=51105,51105,20251015,2025,1,55340.0,56944.0,1605,1605,7.770000000000003,0.1151572036854619,28.133333333333333,6.9,True
2025|line=39|event=578|date=20251015|station=51105,51105,20251015,2025,1,67397.0,67814.0,418,418,-2.4950000000000045,0.0862030236666745,7.666666666666667,-2.3,False
2025|line=39|event=574|date=20251015|station=51224,51224,20251015,2025,1,53340.0,55082.0,1743,1743,-0.5393313222724885,0.2059315553960607,30.58333333333333,-0.6,False
2025|line=39|event=563|date=20251015|station=61008,61008,20251015,2025,1,10233.0,10371.0,139,139,0.710000000000008,0.1308279554029431,4.75,0.5,False
2025|line=39|event=565|date=20251015|station=61008,61008,20251015,2025,1,20908.0,21112.0,205,205,-0.7150000000000034,0.1477461564291167,5.016666666666667,-0.5,False
2025|line=39|event=567|date=20251015|station=61008,61008,20251015,2025,1,25696.0,25932.0,237,237,2.0349999999999966,0.1214846552701997,7.533333333333333,0.8,False
2025|line=39|event=574|date=20251015|station=61008,61008,20251015,2025,1,53297.0,53475.0,179,179,0.6867471091000539,0.1096458754874222,30.58333333333333,0.8,False
2025|line=39|event=574|date=20251015|station=61008,61008,20251015,2025,2,53477.0,53992.0,516,516,0.7258069381598631,0.1629821938899116,30.58333333333333,0.8,False
2025|line=39|event=574|date=20251015|station=61008,61008,20251015,2025,3,54019.0,54085.0,67,67,0.3305027652086352,0.0872672224879753,30.58333333333333,0.8,False
2025|line=39|event=574|date=20251015|station=61008,61008,20251015,2025,4,54091.0,54442.0,352,352,0.6006988436400036,0.1201117252105863,30.58333333333333,0.8,False
2025|line=39|event=574|date=20251015|station=61008,61008,20251015,2025,5,54444.0,54762.0,319,319,0.5480693815987934,0.1355659788343438,30.58333333333333,0.8,False
2025|line=39|event=574|date=20251015|station=61008,61008,20251015,2025,6,54832.0,54905.0,74,74,0.7754449472096496,0.1032270817816746,30.58333333333333,0.8,False
2025|line=39|event=574|date=20251015|station=61008,61008,20251015,2025,7,55003.0,55086.0,84,84,0.7652212166917991,0.0694422013583878,30.58333333333333,0.8,False
2025|line=39|event=575|date=20251015|station=61008,61008,20251015,2025,1,55344.0,55631.0,288,288,0.8999999999999915,0.1224763112351403,28.133333333333333,0.8,False
2025|line=39|event=575|date=20251015|station=61008,61008,20251015,2025,2,55659.0,56904.0,1246,1246,0.7800000000000011,0.1257862041502609,28.133333333333333,0.8,False
2025|line=39|event=575|date=20251015|station=62001,62001,20251015,2025,1,55586.0,56942.0,1357,1357,-9.044999999998254,0.0729159926117248,28.133333333333333,-8.7,True
2025|line=39|event=578|date=20251015|station=62001,62001,20251015,2025,1,67378.0,67793.0,416,416,2.979999999995925,0.0991896754197294,7.666666666666667,2.9,False
2025|line=39|event=559|date=20251015|station=62149,62149,20251015,2025,1,5663.0,6157.0,495,495,2.740000000000009,0.0690435972600356,9.05,2.8,False
2025|line=39|event=562|date=20251015|station=62149,62149,20251015,2025,1,8806.0,9235.0,430,430,5.114999999999995,0.1050372801580024,7.95,5.6,True
2025|line=39|event=563|date=20251015|station=62149,62149,20251015,2025,1,10373.0,10476.0,104,104,-5.489999999999995,0.0473035767791905,4.75,-5.6,True
2025|line=39|event=565|date=20251015|station=62149,62149,20251015,2025,1,20894.0,21133.0,240,240,6.43,0.0610618517444202,5.016666666666667,5.7,True
2025|line=39|event=566|date=20251015|station=62149,62149,20251015,2025,1,24797.0,25015.0,219,219,-8.019999999999996,0.0826776307385142,4.55,-8.4,True
2025|line=39|event=567|date=20251015|station=62149,62149,20251015,2025,1,25548.0,25952.0,405,405,-7.875,0.0639665999274261,7.533333333333333,-8.4,True
2025|line=39|event=568|date=20251015|station=62149,62149,20251015,2025,1,26637.0,27549.0,913,913,6.189999999999998,0.0712804486336928,18.383333333333333,4.3,True
2025|line=39|event=569|date=20251015|station=62149,62149,20251015,2025,1,28343.0,29547.0,1205,1205,7.219999999999999,0.059869258782786,26.266666666666666,4.2,True
2025|line=39|event=570|date=20251015|station=62149,62149,20251015,2025,1,30274.0,31097.0,824,824,5.7050000000000125,0.0540026614331612,26.73333333333333,4.2,True
2025|line=39|event=570|date=20251015|station=62149,62149,20251015,2025,2,31148.0,31249.0,102,102,5.490000000000009,0.0351955542595049,26.73333333333333,4.2,True
2025|line=39|event=570|date=20251015|station=62149,62149,20251015,2025,3,31324.0,31677.0,354,354,6.780000000000001,0.0420120966439907,26.73333333333333,4.2,True
2025|line=39|event=571|date=20251015|station=62149,62149,20251015,2025,1,32121.0,32259.0,139,139,3.984278584392016,0.079033171246407,33.8,4.2,True
2025|line=39|event=571|date=20251015|station=62149,62149,20251015,2025,2,32294.0,34103.0,1810,1810,4.474367059891108,0.1033492759744091,33.8,4.2,True
2025|line=39|event=572|date=20251015|station=62149,62149,20251015,2025,1,48867.0,51299.0,2433,2433,4.330583996966254,0.1175505919060953,41.36666666666667,4.2,True
2025|line=39|event=573|date=20251015|station=62149,62149,20251015,2025,1,51747.0,52900.0,1154,1154,4.340000000000003,0.0826811487209183,20.05,4.2,True
2025|line=39|event=574|date=20251015|station=62149,62149,20251015,2025,1,53294.0,55078.0,1785,1785,-8.65547511312218,0.0754706815865139,30.58333333333333,-8.4,True
2025|line=39|event=575|date=20251015|station=62149,62149,20251015,2025,1,55305.0,56942.0,1638,1638,-8.735,0.0956147798803195,28.133333333333333,-8.4,True
2025|line=39|event=578|date=20251015|station=62149,62149,20251015,2025,1,67380.0,67803.0,424,424,2.8100000000000023,0.0533788220135033,7.666666666666667,2.8,False
2025|line=39|event=559|date=20251015|station=62151,62151,20251015,2025,1,5663.0,6157.0,495,495,11.650000000000006,0.0779067667475807,9.05,11.5,True
2025|line=39|event=562|date=20251015|station=62151,62151,20251015,2025,1,8806.0,8924.0,119,119,23.14999999999999,0.0643868762500352,7.95,23.2,True
2025|line=39|event=562|date=20251015|station=62151,62151,20251015,2025,2,8981.0,9235.0,255,255,22.36,0.0797432507492896,7.95,23.2,True
2025|line=39|event=563|date=20251015|station=62151,62151,20251015,2025,1,10286.0,10477.0,192,192,-24.54,0.0813770022606537,4.75,-23.0,True
2025|line=39|event=565|date=20251015|station=62151,62151,20251015,2025,1,20901.0,21007.0,107,107,24.0,0.1713317971928294,5.016666666666667,23.3,True
2025|line=39|event=565|date=20251015|station=62151,62151,20251015,2025,2,21033.0,21134.0,102,102,24.455,0.0654103780254971,5.016666666666667,23.3,True
2025|line=39|event=566|date=20251015|station=62151,62151,20251015,2025,1,24802.0,25016.0,215,215,-34.79,0.0726883211469852,4.55,-34.8,True
2025|line=39|event=567|date=20251015|station=62151,62151,20251015,2025,1,25550.0,25704.0,155,155,-34.775,0.0801657749899402,7.533333333333333,-34.7,True
2025|line=39|event=567|date=20251015|station=62151,62151,20251015,2025,2,25768.0,25830.0,63,63,-34.345,0.0645611787086599,7.533333333333333,-34.7,True
2025|line=39|event=568|date=20251015|station=62151,62151,20251015,2025,1,26514.0,26690.0,177,177,18.180000000000007,0.116526480216128,18.383333333333333,17.6,True
2025|line=39|event=568|date=20251015|station=62151,62151,20251015,2025,2,26714.0,27560.0,847,847,19.510000000000005,0.0972291639309505,18.383333333333333,17.6,True
2025|line=39|event=569|date=20251015|station=62151,62151,20251015,2025,1,28065.0,28281.0,217,217,18.004999999999995,0.0783244633598895,26.266666666666666,17.4,True
2025|line=39|event=569|date=20251015|station=62151,62151,20251015,2025,2,28343.0,28527.0,185,185,18.46499999999999,0.0819503118536438,26.266666666666666,17.4,True
2025|line=39|event=569|date=20251015|station=62151,62151,20251015,2025,3,28574.0,29593.0,1020,1020,19.504999999999995,0.0943759850740396,26.266666666666666,17.4,True
2025|line=39|event=570|date=20251015|station=62151,62151,20251015,2025,1,30138.0,30316.0,179,179,18.0,0.0793455749525087,26.73333333333333,17.5,True
2025|line=39|event=570|date=20251015|station=62151,62151,20251015,2025,2,30352.0,31693.0,1342,1342,19.55,0.1410897075425836,26.73333333333333,17.5,True
2025|line=39|event=571|date=20251015|station=62151,62151,20251015,2025,1,32124.0,32701.0,578,578,17.73335526315789,0.0872470921809693,33.8,17.5,True
2025|line=39|event=571|date=20251015|station=62151,62151,20251015,2025,2,32761.0,34105.0,1345,1345,17.610108892921957,0.0965855536281092,33.8,17.5,True
2025|line=39|event=572|date=20251015|station=62151,62151,20251015,2025,1,48873.0,49092.0,220,220,17.604213120970797,0.0811761683319192,41.36666666666667,17.3,True
2025|line=39|event=572|date=20251015|station=62151,62151,20251015,2025,2,49293.0,49952.0,660,660,17.726549108835798,0.0921415137741781,41.36666666666667,17.3,True
2025|line=39|event=572|date=20251015|station=62151,62151,20251015,2025,3,50011.0,50299.0,289,289,17.741930223739104,0.0786159890327961,41.36666666666667,17.3,True
2025|line=39|event=572|date=20251015|station=62151,62151,20251015,2025,4,50356.0,50675.0,320,320,17.668183541903673,0.0836701879672372,41.36666666666667,17.3,True
2025|line=39|event=572|date=20251015|station=62151,62151,20251015,2025,5,50704.0,50878.0,175,175,17.514751611679955,0.1189923380608072,41.36666666666667,17.3,True
2025|line=39|event=572|date=20251015|station=62151,62151,20251015,2025,6,50968.0,51302.0,335,335,17.563007205157376,0.075327158231442,41.36666666666667,17.3,True
2025|line=39|event=573|date=20251015|station=62151,62151,20251015,2025,1,51749.0,52903.0,1155,1155,17.664999999999992,0.1096245755608823,20.05,17.4,True
2025|line=39|event=574|date=20251015|station=62151,62151,20251015,2025,1,53309.0,53536.0,228,228,-35.47355957767722,0.0789207012967777,30.58333333333333,-34.4,True
2025|line=39|event=574|date=20251015|station=62151,62151,20251015,2025,2,53594.0,54212.0,619,619,-35.45625439919557,0.1040146038422053,30.58333333333333,-34.4,True
2025|line=39|event=574|date=20251015|station=62151,62151,20251015,2025,3,54283.0,55081.0,799,799,-35.40092508798392,0.0961924120404665,30.58333333333333,-34.4,True
2025|line=39|event=575|date=20251015|station=62151,62151,20251015,2025,1,55315.0,55486.0,172,172,-35.395,0.1234629222241516,28.133333333333333,-34.4,True
2025|line=39|event=575|date=20251015|station=62151,62151,20251015,2025,2,55547.0,56375.0,829,829,-35.5,0.1347594570800835,28.133333333333333,-34.4,True
2025|line=39|event=575|date=20251015|station=62151,62151,20251015,2025,3,56450.0,56945.0,496,496,-35.53999999999999,0.0869766071517786,28.133333333333333,-34.4,True
2025|line=39|event=578|date=20251015|station=62151,62151,20251015,2025,1,67377.0,67789.0,413,413,11.810000000000002,0.0741440237856105,7.666666666666667,11.6,True
2025|line=39|event=566|date=20251015|station=62239,62239,20251015,2025,1,24835.0,25029.0,195,195,-0.5800000000000018,0.0421152832535468,4.55,-0.7,False
2025|line=39|event=571|date=20251015|station=62239,62239,20251015,2025,1,32190.0,34116.0,1927,1927,0.2869872958257708,0.102654728618422,33.8,0.3,False
2025|line=39|event=574|date=20251015|station=62239,62239,20251015,2025,1,53386.0,55042.0,1657,1657,-0.8375967823026649,0.086493310050595,30.58333333333333,-0.7,False
2025|line=39|event=599|date=20251016|station=50008,50008,20251016,2025,1,54703.0,55490.0,788,788,-0.4550000000000054,0.1541608802618279,19.016666666666666,-0.5,False
2025|line=39|event=600|date=20251016|station=50008,50008,20251016,2025,1,56251.0,56963.0,713,713,-0.5849999999999937,0.1050825539895397,13.133333333333333,-0.5,False
2025|line=39|event=581|date=20251016|station=50023,50023,20251016,2025,1,9050.0,10073.0,1024,1024,-0.7200000000000273,0.1799868989284643,21.3,0.8,False
2025|line=39|event=594|date=20251016|station=50023,50023,20251016,2025,1,43268.0,44082.0,815,815,0.5799999999999841,0.3464331084060832,19.316666666666663,0.8,False
2025|line=39|event=596|date=20251016|station=50023,50023,20251016,2025,1,46722.0,46948.0,227,227,-1.2799999999999727,0.0650127499677187,7.183333333333334,-0.8,False
2025|line=39|event=597|date=20251016|station=50023,50023,20251016,2025,1,47572.0,48385.0,814,814,-1.134999999999991,0.253946591719894,19.566666666666663,-0.8,False
2025|line=39|event=599|date=20251016|station=50023,50023,20251016,2025,1,54698.0,55407.0,710,710,-0.6899999999999977,0.1955024029134326,19.016666666666666,-0.8,False
2025|line=39|event=599|date=20251016|station=50023,50023,20251016,2025,2,55414.0,55490.0,77,77,-0.1599999999999681,0.0353283015431073,19.016666666666666,-0.8,False
2025|line=39|event=579|date=20251016|station=51020,51020,20251016,2025,1,6432.0,6738.0,307,307,-4.140000000000015,0.0609501339633663,7.533333333333333,-3.2,True
2025|line=39|event=580|date=20251016|station=51020,51020,20251016,2025,1,7862.0,8540.0,679,679,-5.084999999999994,0.0827026114073886,20.73333333333333,-3.2,True
2025|line=39|event=581|date=20251016|station=51020,51020,20251016,2025,1,9473.0,9533.0,61,61,-4.740000000000009,0.034720427100115,21.3,-3.2,True
2025|line=39|event=581|date=20251016|station=51020,51020,20251016,2025,2,9832.0,10263.0,432,432,-6.190000000000012,0.120667599679442,21.3,-3.2,True
2025|line=39|event=584|date=20251016|station=51020,51020,20251016,2025,1,13640.0,14070.0,431,431,-7.590000000000003,0.0852837624850875,16.25,-3.2,True
2025|line=39|event=594|date=20251016|station=51020,51020,20251016,2025,1,43302.0,43505.0,204,204,-3.3700000000000045,0.0779715103644796,19.316666666666663,-3.2,True
2025|line=39|event=594|date=20251016|station=51020,51020,20251016,2025,2,43863.0,44367.0,505,505,-3.6700000000000017,0.1037082467896886,19.316666666666663,-3.2,True
2025|line=39|event=596|date=20251016|station=51020,51020,20251016,2025,1,46639.0,46988.0,350,350,2.6299999999999955,0.0833600287576713,7.183333333333334,3.2,True
2025|line=39|event=597|date=20251016|station=51020,51020,20251016,2025,1,47626.0,48661.0,1036,1036,3.789999999999992,0.1684462412847383,19.566666666666663,3.2,True
2025|line=39|event=598|date=20251016|station=51020,51020,20251016,2025,1,49433.0,50704.0,1272,1272,3.1063755933544144,0.0999072914250354,39.766666666666666,3.1,True
2025|line=39|event=598|date=20251016|station=51020,51020,20251016,2025,2,51063.0,51381.0,319,319,2.870043512658242,0.0482490719830409,39.766666666666666,3.1,True
2025|line=39|event=602|date=20251016|station=51020,51020,20251016,2025,1,60494.0,60738.0,245,245,-0.9099999999999966,0.0510654286481371,5.333333333333333,-1.1,False
2025|line=39|event=579|date=20251016|station=51105,51105,20251016,2025,1,6366.0,6734.0,369,369,7.590000000000003,0.138120993481328,7.533333333333333,6.9,True
2025|line=39|event=580|date=20251016|station=51105,51105,20251016,2025,1,7375.0,7914.0,540,540,7.07,0.1011481327540619,20.73333333333333,7.0,True
2025|line=39|event=580|date=20251016|station=51105,51105,20251016,2025,2,7916.0,8537.0,622,622,5.359999999999999,0.1205412148216802,20.73333333333333,7.0,True
2025|line=39|event=581|date=20251016|station=51105,51105,20251016,2025,1,9061.0,10136.0,1076,1076,5.490000000000002,0.1611252091851128,21.3,6.9,True
2025|line=39|event=584|date=20251016|station=51105,51105,20251016,2025,1,13169.0,13962.0,794,794,5.570000000000007,0.0929829180615984,16.25,6.9,True
2025|line=39|event=585|date=20251016|station=51105,51105,20251016,2025,1,17837.0,18636.0,800,800,3.9499999999999886,0.1590841520926537,17.183333333333334,2.3,False
2025|line=39|event=586|date=20251016|station=51105,51105,20251016,2025,1,19347.0,20071.0,725,725,4.405000000000015,0.124209258302346,19.566666666666663,2.3,False
2025|line=39|event=587|date=20251016|station=51105,51105,20251016,2025,1,22362.0,22628.0,267,267,2.1450000000000102,0.1023836319917315,5.816666666666666,1.2,False
2025|line=39|event=594|date=20251016|station=51105,51105,20251016,2025,1,43285.0,44359.0,1075,1075,7.669999999999995,0.2978727969532886,19.316666666666663,6.9,True
2025|line=39|event=596|date=20251016|station=51105,51105,20251016,2025,1,46631.0,46979.0,349,349,-6.879999999999996,0.0764771174040521,7.183333333333334,-6.9,True
2025|line=39|event=597|date=20251016|station=51105,51105,20251016,2025,1,47568.0,48661.0,1094,1094,-7.530000000000001,0.2664061150296974,19.566666666666663,-6.9,True
2025|line=39|event=598|date=20251016|station=51105,51105,20251016,2025,1,49067.0,51372.0,2306,2306,-7.948082476265817,0.1800211223223429,39.766666666666666,-6.8,True
2025|line=39|event=599|date=20251016|station=51105,51105,20251016,2025,1,54717.0,55765.0,1049,1049,-7.689999999999998,0.1936357418837707,19.016666666666666,-6.7,True
2025|line=39|event=602|date=20251016|station=51105,51105,20251016,2025,1,60480.0,60731.0,252,252,2.469999999999999,0.0866849295933897,5.333333333333333,2.3,False
2025|line=39|event=581|date=20251016|station=51224,51224,20251016,2025,1,9903.0,10273.0,371,371,-3.6500000000000057,0.1055651095944146,21.3,-0.6,False
2025|line=39|event=596|date=20251016|station=51224,51224,20251016,2025,1,46706.0,46988.0,283,283,0.8499999999999943,0.0847031836130709,7.183333333333334,0.6,False
2025|line=39|event=597|date=20251016|station=51224,51224,20251016,2025,1,47681.0,48670.0,990,990,0.920000000000016,0.162898127767046,19.566666666666663,0.6,False
2025|line=39|event=580|date=20251016|station=61008,61008,20251016,2025,1,7341.0,7429.0,89,89,0.7099999999999937,0.057140887360017,20.73333333333333,0.8,False
2025|line=39|event=580|date=20251016|station=61008,61008,20251016,2025,2,7554.0,7898.0,345,345,-0.4500000000000028,0.1026973310267729,20.73333333333333,0.8,False
2025|line=39|event=580|date=20251016|station=61008,61008,20251016,2025,3,7907.0,8258.0,352,352,-2.0,0.0868662730612175,20.73333333333333,0.8,False
2025|line=39|event=594|date=20251016|station=61008,61008,20251016,2025,1,43275.0,43505.0,231,231,0.9299999999999926,0.112235396043068,19.316666666666663,0.8,False
2025|line=39|event=594|date=20251016|station=61008,61008,20251016,2025,2,43542.0,43631.0,90,90,0.7199999999999989,0.0701675898196141,19.316666666666663,0.8,False
2025|line=39|event=594|date=20251016|station=61008,61008,20251016,2025,3,43658.0,43719.0,62,62,0.1949999999999931,0.0743352470650704,19.316666666666663,0.8,False
2025|line=39|event=594|date=20251016|station=61008,61008,20251016,2025,4,43803.0,44281.0,479,479,0.8199999999999932,0.1283532304131544,19.316666666666663,0.8,False
2025|line=39|event=596|date=20251016|station=61008,61008,20251016,2025,1,46590.0,46744.0,155,155,-0.6750000000000114,0.1470589714237036,7.183333333333334,-0.8,False
2025|line=39|event=596|date=20251016|station=61008,61008,20251016,2025,2,46750.0,46988.0,239,239,-0.2650000000000148,0.1259631736210697,7.183333333333334,-0.8,False
2025|line=39|event=598|date=20251016|station=61008,61008,20251016,2025,1,49136.0,49882.0,747,747,-0.7927017405063168,0.1954057637567677,39.766666666666666,-0.8,False
2025|line=39|event=598|date=20251016|station=61008,61008,20251016,2025,2,49949.0,50126.0,178,178,-1.195176028481015,0.1131511571128979,39.766666666666666,-0.8,False
2025|line=39|event=598|date=20251016|station=61008,61008,20251016,2025,3,50343.0,50811.0,469,469,-0.8949960443037952,0.151108664007512,39.766666666666666,-0.8,False
2025|line=39|event=598|date=20251016|station=61008,61008,20251016,2025,4,50825.0,50902.0,78,78,-1.1558643196202496,0.1015364371606762,39.766666666666666,-0.8,False
2025|line=39|event=598|date=20251016|station=61008,61008,20251016,2025,5,50972.0,51375.0,404,404,-0.8060621044303815,0.121910324787591,39.766666666666666,-0.8,False
2025|line=39|event=599|date=20251016|station=61008,61008,20251016,2025,1,54794.0,55774.0,981,981,-1.1000000000000083,0.2558351993320023,19.016666666666666,-0.8,False
2025|line=39|event=596|date=20251016|station=61010,61010,20251016,2025,1,46727.0,46971.0,245,245,-0.9399999999999976,0.0957443404030561,7.183333333333334,-0.5,False
2025|line=39|event=596|date=20251016|station=61160,61160,20251016,2025,1,46774.0,46971.0,198,198,-1.644999999999996,0.0494229440947123,7.183333333333334,-0.6,False
2025|line=39|event=597|date=20251016|station=61160,61160,20251016,2025,1,47554.0,47845.0,292,292,-0.8450000000000131,0.1383646020100039,19.566666666666663,-0.6,False
2025|line=39|event=597|date=20251016|station=61160,61160,20251016,2025,2,47877.0,48197.0,321,321,-0.5250000000000057,0.1264846582455647,19.566666666666663,-0.6,False
2025|line=39|event=597|date=20251016|station=61160,61160,20251016,2025,3,48229.0,48330.0,102,102,-0.1950000000000074,0.0459242133868652,19.566666666666663,-0.6,False
2025|line=39|event=597|date=20251016|station=61160,61160,20251016,2025,4,48362.0,48670.0,309,309,0.3549999999999897,0.2148195531231764,19.566666666666663,-0.6,False
2025|line=39|event=599|date=20251016|station=62001,62001,20251016,2025,1,55275.0,55430.0,156,156,9.289999999993595,0.0805291313139295,19.016666666666666,8.5,True
2025|line=39|event=599|date=20251016|station=62001,62001,20251016,2025,2,55626.0,55762.0,137,137,10.0,0.0457530830219141,19.016666666666666,8.5,True
2025|line=39|event=602|date=20251016|station=62001,62001,20251016,2025,1,60460.0,60728.0,269,269,-2.7300000000032014,0.0808674618764695,5.333333333333333,-2.9,False
2025|line=39|event=579|date=20251016|station=62149,62149,20251016,2025,1,6332.0,6733.0,402,402,-9.095,0.0789096787623748,7.533333333333333,-8.4,True
2025|line=39|event=580|date=20251016|station=62149,62149,20251016,2025,1,7342.0,8535.0,1194,1194,-9.36,0.0675221980089024,20.73333333333333,-8.4,True
2025|line=39|event=581|date=20251016|station=62149,62149,20251016,2025,1,9032.0,10258.0,1227,1227,-9.679999999999993,0.0871990078764204,21.3,-8.4,True
2025|line=39|event=584|date=20251016|station=62149,62149,20251016,2025,1,13161.0,13380.0,220,220,-9.795000000000002,0.0538706581375525,16.25,-8.4,True
2025|line=39|event=584|date=20251016|station=62149,62149,20251016,2025,2,13433.0,13803.0,371,371,-12.615000000000002,0.0433322004714327,16.25,-8.4,True
2025|line=39|event=584|date=20251016|station=62149,62149,20251016,2025,3,13851.0,13925.0,75,75,-12.954999999999998,0.0457214453429493,16.25,-8.4,True
2025|line=39|event=584|date=20251016|station=62149,62149,20251016,2025,4,13997.0,14064.0,68,68,-10.994999999999996,0.0246579517638943,16.25,-8.4,True
2025|line=39|event=585|date=20251016|station=62149,62149,20251016,2025,1,17656.0,18551.0,896,896,-2.660000000000004,0.0944507650363693,17.183333333333334,-2.8,False
2025|line=39|event=586|date=20251016|station=62149,62149,20251016,2025,1,18983.0,20106.0,1124,1124,-2.5,0.0624112173202088,19.566666666666663,-2.8,False
2025|line=39|event=587|date=20251016|station=62149,62149,20251016,2025,1,22247.0,22412.0,166,166,-1.3900000000000006,0.0497929926579383,5.816666666666666,-1.5,False
2025|line=39|event=594|date=20251016|station=62149,62149,20251016,2025,1,43264.0,44358.0,1095,1095,-8.870000000000005,0.0939311153743829,19.316666666666663,-8.4,True
2025|line=39|event=596|date=20251016|station=62149,62149,20251016,2025,1,46614.0,46980.0,367,367,8.810000000000002,0.0584484738531733,7.183333333333334,8.4,True
2025|line=39|event=597|date=20251016|station=62149,62149,20251016,2025,1,47537.0,48662.0,1126,1126,8.650000000000006,0.0824384988581243,19.566666666666663,8.3,True
2025|line=39|event=598|date=20251016|station=62149,62149,20251016,2025,1,49035.0,51373.0,2339,2339,8.579999999999984,0.0662452103039414,39.766666666666666,8.3,True
2025|line=39|event=599|date=20251016|station=62149,62149,20251016,2025,1,54692.0,55766.0,1075,1075,8.719999999999999,0.0854146306930766,19.016666666666666,8.2,True
2025|line=39|event=602|date=20251016|station=62149,62149,20251016,2025,1,60459.0,60728.0,270,270,-2.740000000000009,0.0631875626157957,5.333333333333333,-2.8,False
2025|line=39|event=579|date=20251016|station=62151,62151,20251016,2025,1,6342.0,6738.0,397,397,-35.89,0.0795804383314768,7.533333333333333,-34.6,True
2025|line=39|event=580|date=20251016|station=62151,62151,20251016,2025,1,7349.0,8094.0,746,746,-35.879999999999995,0.0934090275645386,20.73333333333333,-34.7,True
2025|line=39|event=580|date=20251016|station=62151,62151,20251016,2025,2,8111.0,8540.0,430,430,-36.63,0.1063413469139354,20.73333333333333,-34.7,True
2025|line=39|event=581|date=20251016|station=62151,62151,20251016,2025,1,9054.0,9511.0,458,458,-36.24,0.0843315359928003,21.3,-34.6,True
2025|line=39|event=581|date=20251016|station=62151,62151,20251016,2025,2,9566.0,10262.0,697,697,-37.760000000000005,0.0973964841123302,21.3,-34.6,True
2025|line=39|event=584|date=20251016|station=62151,62151,20251016,2025,1,13161.0,14069.0,909,909,-38.16,0.0965077987308396,16.25,-34.6,True
2025|line=39|event=585|date=20251016|station=62151,62151,20251016,2025,1,17663.0,17938.0,276,276,-11.790000000000006,0.0902803827616237,17.183333333333334,-11.7,True
2025|line=39|event=585|date=20251016|station=62151,62151,20251016,2025,2,17994.0,18493.0,500,500,-11.540000000000006,0.0988177389888422,17.183333333333334,-11.7,True
2025|line=39|event=585|date=20251016|station=62151,62151,20251016,2025,3,18552.0,18642.0,91,91,-11.000000000000009,0.0649562374211294,17.183333333333334,-11.7,True
2025|line=39|event=586|date=20251016|station=62151,62151,20251016,2025,1,19112.0,19858.0,747,747,-11.379999999999995,0.0862045341385098,19.566666666666663,-11.5,True
2025|line=39|event=587|date=20251016|station=62151,62151,20251016,2025,1,22270.0,22412.0,143,143,-5.859999999999999,0.0764047432756235,5.816666666666666,-6.0,True
2025|line=39|event=594|date=20251016|station=62151,62151,20251016,2025,1,43326.0,43404.0,79,79,-35.510000000000005,0.0952301662156222,19.316666666666663,-34.5,True
2025|line=39|event=594|date=20251016|station=62151,62151,20251016,2025,2,43471.0,43708.0,238,238,-35.64,0.0697084783346958,19.316666666666663,-34.5,True
2025|line=39|event=594|date=20251016|station=62151,62151,20251016,2025,3,43765.0,44007.0,243,243,-35.650000000000006,0.0843721135991413,19.316666666666663,-34.5,True
2025|line=39|event=594|date=20251016|station=62151,62151,20251016,2025,4,44065.0,44180.0,116,116,-35.82000000000001,0.0743042629773486,19.316666666666663,-34.5,True
2025|line=39|event=596|date=20251016|station=62151,62151,20251016,2025,1,46779.0,46988.0,210,210,35.56999999999999,0.0915653620819087,7.183333333333334,34.4,True
2025|line=39|event=597|date=20251016|station=62151,62151,20251016,2025,1,47606.0,47841.0,236,236,35.33,0.0758469785216508,19.566666666666663,34.3,True
2025|line=39|event=597|date=20251016|station=62151,62151,20251016,2025,2,47902.0,48670.0,769,769,35.489999999999995,0.0938479870095709,19.566666666666663,34.3,True
2025|line=39|event=598|date=20251016|station=62151,62151,20251016,2025,1,49110.0,50591.0,1482,1482,35.02220727848102,0.0820966981213624,39.766666666666666,34.1,True
2025|line=39|event=598|date=20251016|station=62151,62151,20251016,2025,2,50648.0,51381.0,734,734,34.718093354430366,0.0807949172851822,39.766666666666666,34.1,True
2025|line=39|event=599|date=20251016|station=62151,62151,20251016,2025,1,54745.0,55774.0,1030,1030,35.31,0.0958102465130563,19.016666666666666,33.6,True
2025|line=39|event=602|date=20251016|station=62151,62151,20251016,2025,1,60521.0,60738.0,218,218,-11.675000000000011,0.0656062843597778,5.333333333333333,-11.4,True
2025|line=39|event=579|date=20251016|station=62239,62239,20251016,2025,1,6538.0,6747.0,210,210,-1.2299999999999995,0.0491836633753067,7.533333333333333,-0.7,False
2025|line=39|event=580|date=20251016|station=62239,62239,20251016,2025,1,7797.0,8514.0,718,718,-1.4500000000000002,0.0552765512064513,20.73333333333333,-0.7,False
2025|line=39|event=581|date=20251016|station=62239,62239,20251016,2025,1,9513.0,10227.0,715,715,-1.2300000000000004,0.0675880411991966,21.3,-0.7,False
2025|line=39|event=584|date=20251016|station=62239,62239,20251016,2025,1,13777.0,14080.0,304,304,-3.4800000000000004,0.0578454699902711,16.25,-0.7,False
2025|line=39|event=596|date=20251016|station=62239,62239,20251016,2025,1,46725.0,46986.0,262,262,0.9900000000000002,0.055873718309794,7.183333333333334,0.7,False
2025|line=39|event=597|date=20251016|station=62239,62239,20251016,2025,1,47598.0,48670.0,1073,1073,0.7200000000000006,0.0607573413821395,19.566666666666663,0.7,False
2025|line=39|event=598|date=20251016|station=62239,62239,20251016,2025,1,49074.0,51381.0,2308,2308,0.5193295094936712,0.091589560816124,39.766666666666666,0.7,False
2025|line=39|event=599|date=20251016|station=62239,62239,20251016,2025,1,54801.0,55750.0,950,950,0.8499999999999996,0.0620844576751754,19.016666666666666,0.7,False
2025|line=39|event=606|date=20251017|station=50008,50008,20251017,2025,1,49030.0,49277.0,248,248,-0.8799999999999955,0.0879399950687183,16.45,-0.5,False
2025|line=39|event=606|date=20251017|station=50008,50008,20251017,2025,2,49404.0,49926.0,523,523,0.6799999999999997,0.1588270156345022,16.45,-0.5,False
2025|line=39|event=606|date=20251017|station=50023,50023,20251017,2025,1,49037.0,49233.0,197,197,-1.3400000000000318,0.1036043939473423,16.45,-0.8,False
2025|line=39|event=606|date=20251017|station=50023,50023,20251017,2025,2,49385.0,49972.0,588,588,0.5799999999999841,0.1372858976962887,16.45,-0.8,False
2025|line=39|event=607|date=20251017|station=50023,50023,20251017,2025,1,55003.0,56883.0,1881,1881,-0.2918381642512031,0.4764965678661789,31.966666666666665,-0.8,False
2025|line=39|event=605|date=20251017|station=51020,51020,20251017,2025,1,48068.0,48256.0,189,189,3.030000000000001,0.0498853597001019,4.716666666666667,3.2,True
2025|line=39|event=606|date=20251017|station=51020,51020,20251017,2025,1,49439.0,49954.0,516,516,3.64500000000001,0.1768379910898714,16.45,3.2,True
2025|line=39|event=607|date=20251017|station=51020,51020,20251017,2025,1,55059.0,56340.0,1282,1282,3.592985507246368,0.19905148790444,31.966666666666665,3.2,True
2025|line=39|event=607|date=20251017|station=51020,51020,20251017,2025,2,56639.0,56868.0,230,230,3.034995169082123,0.0867849996375508,31.966666666666665,3.2,True
2025|line=39|event=604|date=20251017|station=51105,51105,20251017,2025,1,47464.0,47685.0,222,222,2.710000000000001,0.1143874282550021,4.783333333333333,2.3,False
2025|line=39|event=605|date=20251017|station=51105,51105,20251017,2025,1,48050.0,48252.0,203,203,-7.200000000000003,0.1090508277795537,4.716666666666667,-7.0,True
2025|line=39|event=606|date=20251017|station=51105,51105,20251017,2025,1,49046.0,49249.0,204,204,-7.170000000000002,0.0619709311003831,16.45,-7.0,True
2025|line=39|event=606|date=20251017|station=51105,51105,20251017,2025,2,49335.0,49950.0,616,616,-7.649999999999999,0.1524474474660609,16.45,-7.0,True
2025|line=39|event=607|date=20251017|station=51105,51105,20251017,2025,1,55038.0,56865.0,1828,1828,-7.76060144927537,0.2722770608651942,31.966666666666665,-6.9,True
2025|line=39|event=611|date=20251017|station=51105,51105,20251017,2025,1,69130.0,69335.0,206,206,-2.460000000000001,0.0742776231079828,4.6,-2.3,False
2025|line=39|event=605|date=20251017|station=51224,51224,20251017,2025,1,48045.0,48149.0,105,105,0.6349999999999909,0.0601824518720972,4.716666666666667,0.6,False
2025|line=39|event=605|date=20251017|station=51224,51224,20251017,2025,2,48175.0,48275.0,101,101,0.3949999999999818,0.0550963184467232,4.716666666666667,0.6,False
2025|line=39|event=607|date=20251017|station=51224,51224,20251017,2025,1,55123.0,56649.0,1527,1527,0.4814396135265895,0.1760637759842364,31.966666666666665,0.6,False
2025|line=39|event=606|date=20251017|station=61008,61008,20251017,2025,1,49384.0,49657.0,274,274,-1.6700000000000017,0.1045113047059766,16.45,-0.8,False
2025|line=39|event=607|date=20251017|station=61008,61008,20251017,2025,1,55058.0,55405.0,348,348,-0.9232789855072524,0.1534195091216645,31.966666666666665,-0.8,False
2025|line=39|event=607|date=20251017|station=61008,61008,20251017,2025,2,55412.0,55932.0,521,521,-1.3329227053140045,0.15896801774733,31.966666666666665,-0.8,False
2025|line=39|event=607|date=20251017|station=61008,61008,20251017,2025,3,55958.0,56474.0,517,517,-0.9188164251207668,0.1816979680208673,31.966666666666665,-0.8,False
2025|line=39|event=607|date=20251017|station=61008,61008,20251017,2025,4,56497.0,56844.0,348,348,-0.9414794685990272,0.1517312013417478,31.966666666666665,-0.8,False
2025|line=39|event=606|date=20251017|station=61010,61010,20251017,2025,1,49061.0,49269.0,209,209,-0.6400000000000148,0.1184945586048426,16.45,-0.5,False
2025|line=39|event=606|date=20251017|station=61010,61010,20251017,2025,2,49274.0,49972.0,699,699,-0.2800000000000011,0.1319514317044811,16.45,-0.5,False
2025|line=39|event=606|date=20251017|station=61160,61160,20251017,2025,1,49039.0,49250.0,212,212,-0.9399999999999976,0.154511921406163,16.45,-0.6,False
2025|line=39|event=606|date=20251017|station=61160,61160,20251017,2025,2,49367.0,49972.0,606,606,-0.3299999999999983,0.1977533533288365,16.45,-0.6,False
2025|line=39|event=607|date=20251017|station=62001,62001,20251017,2025,1,55076.0,55301.0,226,226,9.490957729474758,0.1752342327239056,31.966666666666665,8.8,True
2025|line=39|event=607|date=20251017|station=62001,62001,20251017,2025,2,55425.0,55605.0,181,181,10.236920289855334,0.5295144754556173,31.966666666666665,8.8,True
2025|line=39|event=607|date=20251017|station=62001,62001,20251017,2025,3,55787.0,56865.0,1079,1079,9.480444444445313,0.2178821745185413,31.966666666666665,8.8,True
2025|line=39|event=611|date=20251017|station=62001,62001,20251017,2025,1,69107.0,69334.0,228,228,3.2000000000043656,0.0440950456101781,4.6,2.9,False
2025|line=39|event=604|date=20251017|station=62149,62149,20251017,2025,1,47448.0,47684.0,237,237,-2.8799999999999955,0.043394736980842,4.783333333333333,-2.8,False
2025|line=39|event=605|date=20251017|station=62149,62149,20251017,2025,1,48019.0,48253.0,235,235,8.64,0.0533638039421657,4.716666666666667,8.4,True
2025|line=39|event=606|date=20251017|station=62149,62149,20251017,2025,1,49014.0,49951.0,938,938,9.070000000000007,0.1403529392336568,16.45,8.5,True
2025|line=39|event=607|date=20251017|station=62149,62149,20251017,2025,1,54999.0,56866.0,1868,1868,8.672566425120777,0.1610276976191332,31.966666666666665,8.4,True
2025|line=39|event=611|date=20251017|station=62149,62149,20251017,2025,1,69108.0,69335.0,228,228,2.980000000000004,0.0560858684027511,4.6,2.8,False
2025|line=39|event=604|date=20251017|station=62151,62151,20251017,2025,1,47450.0,47685.0,236,236,-11.799999999999995,0.1008460204553526,4.783333333333333,-11.4,True
2025|line=39|event=605|date=20251017|station=62151,62151,20251017,2025,1,48030.0,48254.0,225,225,35.33999999999999,0.0774352340862041,4.716666666666667,34.7,True
2025|line=39|event=606|date=20251017|station=62151,62151,20251017,2025,1,49024.0,49450.0,427,427,35.489999999999995,0.0988574805277218,16.45,34.8,True
2025|line=39|event=606|date=20251017|station=62151,62151,20251017,2025,2,49618.0,49952.0,335,335,35.80999999999999,0.0917653772430565,16.45,34.8,True
2025|line=39|event=607|date=20251017|station=62151,62151,20251017,2025,1,55011.0,55123.0,113,113,35.241594202898554,0.0825074302580225,31.966666666666665,34.7,True
2025|line=39|event=607|date=20251017|station=62151,62151,20251017,2025,2,55287.0,55917.0,631,631,35.506521739130434,0.1046047909840929,31.966666666666665,34.7,True
2025|line=39|event=607|date=20251017|station=62151,62151,20251017,2025,3,55974.0,56867.0,894,894,35.34927536231885,0.1077142874815558,31.966666666666665,34.7,True
2025|line=39|event=611|date=20251017|station=62151,62151,20251017,2025,1,69110.0,69337.0,228,228,11.825000000000005,0.0927454918651831,4.6,11.5,True
2025|line=39|event=605|date=20251017|station=62239,62239,20251017,2025,1,48136.0,48263.0,128,128,0.9800000000000004,0.040064154189996,4.716666666666667,0.7,False
2025|line=39|event=606|date=20251017|station=62239,62239,20251017,2025,1,49281.0,49894.0,614,614,1.0600000000000005,0.0864834151622383,16.45,0.7,False
2025|line=39|event=607|date=20251017|station=62239,62239,20251017,2025,1,55165.0,56791.0,1627,1627,0.9762318840579702,0.1339448575450729,31.966666666666665,0.7,False
2025|line=41|event=1003|date=20251018|station=42005,42005,20251018,2025,1,38341.0,41286.0,2946,2946,7.865185697640541,0.4375579665919539,54.1,9.4,True
2025|line=41|event=1003|date=20251018|station=50008,50008,20251018,2025,1,40845.0,41258.0,414,414,2.413242062336153,0.1629223287556573,54.1,3.0,True
2025|line=41|event=1003|date=20251018|station=50008,50008,20251018,2025,2,41270.0,41345.0,76,76,3.38519079522284,0.068809057841122,54.1,3.0,True
2025|line=41|event=1003|date=20251018|station=50023,50023,20251018,2025,1,38160.0,38921.0,762,762,0.0851194290708008,0.1738037382500145,54.1,2.5,False
2025|line=41|event=1003|date=20251018|station=50023,50023,20251018,2025,2,38928.0,39579.0,652,652,-0.1354121759394502,0.3112883770377843,54.1,2.5,False
2025|line=41|event=1003|date=20251018|station=50023,50023,20251018,2025,3,39609.0,39815.0,207,207,2.4259044567434103,0.181246337769959,54.1,2.5,False
2025|line=41|event=1003|date=20251018|station=50023,50023,20251018,2025,4,39860.0,41343.0,1484,1484,0.9730498106612232,0.4432211438256715,54.1,2.5,False
2025|line=41|event=1003|date=20251018|station=51020,51020,20251018,2025,1,38644.0,39903.0,1260,1260,-1.6785275269443505,0.2186820365557534,54.1,-0.8,False
2025|line=41|event=1003|date=20251018|station=51020,51020,20251018,2025,2,40261.0,41063.0,803,803,-1.270460238858135,0.0932533945951618,54.1,-0.8,False
2025|line=39|event=612|date=20251018|station=51105,51105,20251018,2025,1,9051.0,9112.0,62,62,-9.225000000000009,0.0810275465189842,14.85,-2.5,False
2025|line=39|event=612|date=20251018|station=51105,51105,20251018,2025,2,9187.0,9308.0,122,122,-8.659999999999997,0.0532454108286426,14.85,-2.5,False
2025|line=41|event=1003|date=20251018|station=51105,51105,20251018,2025,1,38225.0,39794.0,1570,1570,-0.853396446256923,0.2864915615205365,54.1,-1.3,False
2025|line=41|event=1003|date=20251018|station=51105,51105,20251018,2025,2,39847.0,41351.0,1505,1505,-0.7681197203612058,0.2177261899428981,54.1,-1.3,False
2025|line=41|event=1003|date=20251018|station=51224,51224,20251018,2025,1,38149.0,39573.0,1425,1425,-2.0994756772502114,0.2710886229898325,54.1,-2.0,False
2025|line=41|event=1003|date=20251018|station=51224,51224,20251018,2025,2,39609.0,39790.0,182,182,-3.730004369356209,0.0940054884129648,54.1,-2.0,False
2025|line=41|event=1003|date=20251018|station=51224,51224,20251018,2025,3,39805.0,41336.0,1532,1532,-2.4784605301485385,0.1941414939230813,54.1,-2.0,False
2025|line=39|event=612|date=20251018|station=62149,62149,20251018,2025,1,8778.0,8935.0,158,158,2.3800000000000097,0.040959413808725,14.85,3.0,True
2025|line=39|event=612|date=20251018|station=62149,62149,20251018,2025,2,8973.0,9342.0,370,370,2.655000000000001,0.1669779765761803,14.85,3.0,True
2025|line=39|event=616|date=20251025|station=51020,51020,20251025,2025,1,32391.0,32553.0,163,163,1.5600000000000025,0.053243320303382,5.033333333333333,1.2,False
2025|line=39|event=620|date=20251025|station=51020,51020,20251025,2025,1,58549.0,58915.0,367,367,1.1599999999999966,0.0414302619280767,7.8,1.1,False
2025|line=39|event=621|date=20251025|station=51020,51020,20251025,2025,1,63494.0,64188.0,695,695,-0.8900000000000148,0.0674922193475702,12.533333333333331,-1.1,False
2025|line=39|event=622|date=20251025|station=51020,51020,20251025,2025,1,64728.0,65105.0,378,378,1.0699999999999932,0.0509062064987688,9.266666666666667,1.1,False
2025|line=39|event=623|date=20251025|station=51020,51020,20251025,2025,1,65736.0,65974.0,239,239,-0.9699999999999988,0.0471341759650425,5.116666666666666,-1.1,False
2025|line=39|event=615|date=20251025|station=51105,51105,20251025,2025,1,29167.0,29238.0,72,72,-2.520000000000003,0.0378148772584395,2.2666666666666666,-2.6,False
2025|line=39|event=616|date=20251025|station=51105,51105,20251025,2025,1,32312.0,32546.0,235,235,-2.6000000000000014,0.0697971025675229,5.033333333333333,-2.7,False
2025|line=39|event=619|date=20251025|station=51105,51105,20251025,2025,1,57893.0,58101.0,209,209,-2.8149999999999977,0.0553943775444842,4.683333333333334,-2.3,False
2025|line=39|event=620|date=20251025|station=51105,51105,20251025,2025,1,58502.0,58902.0,401,401,-2.299999999999997,0.0787043754573568,7.8,-2.3,False
2025|line=39|event=621|date=20251025|station=51105,51105,20251025,2025,1,63486.0,64172.0,687,687,2.469999999999999,0.0867989592754571,12.533333333333331,2.3,False
2025|line=39|event=622|date=20251025|station=51105,51105,20251025,2025,1,64709.0,65194.0,486,486,-2.460000000000001,0.0725088420845164,9.266666666666667,-2.3,False
2025|line=39|event=623|date=20251025|station=51105,51105,20251025,2025,1,65723.0,65964.0,242,242,2.43,0.0927721689789795,5.116666666666666,2.3,False
2025|line=39|event=619|date=20251025|station=62001,62001,20251025,2025,1,57876.0,58101.0,226,226,3.1899999999950523,0.0527287384126074,4.683333333333334,3.0,True
2025|line=39|event=620|date=20251025|station=62001,62001,20251025,2025,1,58491.0,58902.0,412,412,2.809999999997672,0.0751494483667006,7.8,3.0,True
2025|line=39|event=621|date=20251025|station=62001,62001,20251025,2025,1,63474.0,64170.0,697,697,-3.0099999999947613,0.0655375391654394,12.533333333333331,-2.9,False
2025|line=39|event=622|date=20251025|station=62001,62001,20251025,2025,1,64695.0,65194.0,500,500,3.099999999998545,0.0767661543095565,9.266666666666667,3.0,True
2025|line=39|event=623|date=20251025|station=62001,62001,20251025,2025,1,65711.0,65961.0,251,251,-2.9900000000052387,0.0622145155588256,5.116666666666666,-2.9,False
2025|line=39|event=616|date=20251025|station=62149,62149,20251025,2025,1,32293.0,32546.0,254,254,3.530000000000001,0.0418182331848108,5.033333333333333,3.2,True
2025|line=39|event=619|date=20251025|station=62149,62149,20251025,2025,1,57870.0,58102.0,233,233,2.855000000000004,0.056636951665284,4.683333333333334,2.8,False
2025|line=39|event=620|date=20251025|station=62149,62149,20251025,2025,1,58483.0,58902.0,420,420,2.8400000000000034,0.0482725227079526,7.8,2.8,False
2025|line=39|event=621|date=20251025|station=62149,62149,20251025,2025,1,63468.0,64170.0,703,703,-2.8700000000000045,0.0563172347769123,12.533333333333331,-2.8,False
2025|line=39|event=622|date=20251025|station=62149,62149,20251025,2025,1,64688.0,65194.0,507,507,2.9399999999999977,0.0520369805901013,9.266666666666667,2.8,False
2025|line=39|event=623|date=20251025|station=62149,62149,20251025,2025,1,65706.0,65962.0,257,257,-2.75,0.0435468910797688,5.116666666666666,-2.8,False
2025|line=39|event=613|date=20251025|station=62151,62151,20251025,2025,1,20128.0,20419.0,292,292,-3.4248377581120906,0.0753465382216158,37.15,-2.9,False
2025|line=39|event=613|date=20251025|station=62151,62151,20251025,2025,2,20479.0,20808.0,330,330,-3.914732406236823,0.0766946385994169,37.15,-2.9,False
2025|line=39|event=613|date=20251025|station=62151,62151,20251025,2025,3,20876.0,21092.0,217,217,-3.8506489675516207,0.0720048371703964,37.15,-2.9,False
2025|line=39|event=613|date=20251025|station=62151,62151,20251025,2025,4,21150.0,21305.0,156,156,-4.103485040033725,0.0848966540003629,37.15,-2.9,False
2025|line=39|event=613|date=20251025|station=62151,62151,20251025,2025,5,21630.0,22182.0,553,553,-3.684981036662464,0.0925791884613613,37.15,-2.9,False
2025|line=39|event=615|date=20251025|station=62151,62151,20251025,2025,1,29154.0,29239.0,86,86,14.265,0.0586232257651635,2.2666666666666666,13.1,True
2025|line=39|event=616|date=20251025|station=62151,62151,20251025,2025,1,32298.0,32548.0,251,251,13.829999999999998,0.1351437050941513,5.033333333333333,13.2,True
2025|line=39|event=619|date=20251025|station=62151,62151,20251025,2025,1,57922.0,58102.0,181,181,11.909999999999997,0.0783190752773437,4.683333333333334,11.7,True
2025|line=39|event=620|date=20251025|station=62151,62151,20251025,2025,1,58484.0,58608.0,125,125,11.819999999999991,0.066594958878881,7.8,11.7,True
2025|line=39|event=620|date=20251025|station=62151,62151,20251025,2025,2,58675.0,58903.0,229,229,11.819999999999991,0.0660006647581668,7.8,11.7,True
2025|line=39|event=621|date=20251025|station=62151,62151,20251025,2025,1,63469.0,64171.0,703,703,-11.814999999999998,0.0818933713098485,12.533333333333331,-11.5,True
2025|line=39|event=622|date=20251025|station=62151,62151,20251025,2025,1,64690.0,64821.0,132,132,11.72,0.063924725978333,9.266666666666667,11.7,True
2025|line=39|event=622|date=20251025|station=62151,62151,20251025,2025,2,64949.0,65195.0,247,247,11.89,0.075001271329598,9.266666666666667,11.7,True
2025|line=39|event=623|date=20251025|station=62151,62151,20251025,2025,1,65707.0,65962.0,256,256,-11.710000000000008,0.0669076190647441,5.116666666666666,-11.6,True
2025|line=39|event=628|date=20251026|station=50008,50008,20251026,2025,1,30718.0,30949.0,232,232,1.3400000000000034,0.0868826239445977,9.866666666666667,0.6,False
2025|line=39|event=628|date=20251026|station=50023,50023,20251026,2025,1,30608.0,30955.0,348,348,1.580000000000041,0.0514957069813238,9.866666666666667,0.9,False
2025|line=39|event=626|date=20251026|station=51020,51020,20251026,2025,1,19056.0,19136.0,81,81,0.7999999999999972,0.0431167229413972,2.1666666666666665,1.1,False
2025|line=39|event=628|date=20251026|station=51020,51020,20251026,2025,1,30444.0,30923.0,480,480,-2.585000000000008,0.0577058074672815,9.866666666666667,-3.5,True
2025|line=39|event=630|date=20251026|station=51020,51020,20251026,2025,1,34080.0,34245.0,166,166,-2.8700000000000045,0.0538397111820082,4.333333333333333,-2.8,False
2025|line=39|event=634|date=20251026|station=51020,51020,20251026,2025,1,59467.0,59976.0,510,510,-1.3700000000000043,0.1344998644227808,13.45,-1.4,False
2025|line=39|event=625|date=20251026|station=51105,51105,20251026,2025,1,18311.0,18655.0,345,345,-2.700000000000003,0.0723973619569691,6.9,-2.3,False
2025|line=39|event=626|date=20251026|station=51105,51105,20251026,2025,1,19055.0,19117.0,63,63,-2.355000000000004,0.0392696181603453,2.1666666666666665,-2.3,False
2025|line=39|event=628|date=20251026|station=51105,51105,20251026,2025,1,30437.0,30922.0,486,486,8.86,0.0853906957014149,9.866666666666667,7.6,True
2025|line=39|event=630|date=20251026|station=51105,51105,20251026,2025,1,34068.0,34241.0,174,174,6.949999999999996,0.0509870203125839,4.333333333333333,6.1,True
2025|line=39|event=634|date=20251026|station=51105,51105,20251026,2025,1,59465.0,59923.0,459,459,2.8999999999999986,0.0719541573859331,13.45,2.9,False
2025|line=39|event=635|date=20251026|station=51105,51105,20251026,2025,1,66111.0,66174.0,64,64,-2.5600000000000023,0.0469862873086916,2.1666666666666665,-2.3,False
2025|line=39|event=630|date=20251026|station=51224,51224,20251026,2025,1,34073.0,34255.0,183,183,-0.5600000000000023,0.1010714778153572,4.333333333333333,-0.6,False
2025|line=39|event=628|date=20251026|station=61010,61010,20251026,2025,1,30688.0,30955.0,268,268,1.4499999999999886,0.1304711910411383,9.866666666666667,0.6,False
2025|line=39|event=628|date=20251026|station=61160,61160,20251026,2025,1,30742.0,30955.0,214,214,1.6400000000000006,0.0732926087201928,9.866666666666667,0.6,False
2025|line=39|event=634|date=20251026|station=62001,62001,20251026,2025,1,59454.0,59963.0,510,510,-3.540000000000873,0.1238066314217667,13.45,-3.7,True
2025|line=39|event=634|date=20251026|station=62001,62001,20251026,2025,2,59998.0,60202.0,205,205,-3.3000000000029104,0.1513490693489379,13.45,-3.7,True
2025|line=39|event=635|date=20251026|station=62001,62001,20251026,2025,1,66102.0,66172.0,71,71,3.0200000000040745,0.0271707201379295,2.1666666666666665,2.9,False
2025|line=39|event=625|date=20251026|station=62149,62149,20251026,2025,1,18289.0,18654.0,366,366,2.319999999999993,0.0784457347563076,6.9,2.8,False
2025|line=39|event=626|date=20251026|station=62149,62149,20251026,2025,1,19035.0,19117.0,83,83,2.6200000000000045,0.040220438496555,2.1666666666666665,2.8,False
2025|line=39|event=628|date=20251026|station=62149,62149,20251026,2025,1,30523.0,30921.0,399,399,-8.099999999999994,0.1397304440806306,9.866666666666667,-9.2,True
2025|line=39|event=630|date=20251026|station=62149,62149,20251026,2025,1,34032.0,34240.0,209,209,-6.834999999999994,0.0523574547509439,4.333333333333333,-7.3,True
2025|line=39|event=634|date=20251026|station=62149,62149,20251026,2025,1,59448.0,60203.0,756,756,-3.509999999999991,0.0594350829615585,13.45,-3.6,True
2025|line=39|event=635|date=20251026|station=62149,62149,20251026,2025,1,66094.0,66172.0,79,79,2.809999999999988,0.0385416739717088,2.1666666666666665,2.8,False
2025|line=39|event=625|date=20251026|station=62151,62151,20251026,2025,1,18291.0,18656.0,366,366,11.210000000000008,0.0841155108330745,6.9,11.6,True
2025|line=39|event=628|date=20251026|station=62151,62151,20251026,2025,1,30466.0,30921.0,456,456,-38.04,0.1128309459759684,9.866666666666667,-38.1,True
2025|line=39|event=630|date=20251026|station=62151,62151,20251026,2025,1,34040.0,34241.0,202,202,-30.430000000000007,0.0823300555103859,4.333333333333333,-30.2,True
2025|line=39|event=634|date=20251026|station=62151,62151,20251026,2025,1,59448.0,60204.0,757,757,-14.670000000000002,0.0804140676477558,13.45,-14.7,True
2025|line=39|event=635|date=20251026|station=62151,62151,20251026,2025,1,66096.0,66173.0,78,78,11.72999999999999,0.0876281223544888,2.1666666666666665,11.7,True
2025|line=39|event=638|date=20251027|station=51020,51020,20251027,2025,1,6772.0,7240.0,469,469,-3.6500000000000057,0.0518782163441557,12.9,-2.1,False
2025|line=39|event=642|date=20251027|station=51020,51020,20251027,2025,1,10307.0,10415.0,109,109,-0.6099999999999994,0.0413500678384137,4.366666666666666,-0.5,False
2025|line=39|event=638|date=20251027|station=51105,51105,20251027,2025,1,6531.0,7231.0,701,701,3.719999999999999,0.0683137467782465,12.9,4.7,True
2025|line=39|event=642|date=20251027|station=51105,51105,20251027,2025,1,10221.0,10421.0,201,201,1.4399999999999975,0.0498783679543798,4.366666666666666,1.2,False
2025|line=39|event=643|date=20251027|station=51105,51105,20251027,2025,1,10778.0,10858.0,81,81,1.5900000000000034,0.0473256397880954,2.35,1.2,False
2025|line=39|event=650|date=20251027|station=51105,51105,20251027,2025,1,43300.0,45592.0,2293,2293,-0.8836659877800344,0.0947745552217412,41.53333333333333,-0.7,False
2025|line=39|event=638|date=20251027|station=62149,62149,20251027,2025,1,6626.0,7230.0,605,605,-6.044999999999988,0.0608403515490163,12.9,-5.7,True
2025|line=39|event=642|date=20251027|station=62149,62149,20251027,2025,1,10206.0,10415.0,210,210,-1.7600000000000051,0.0640413845024203,4.366666666666666,-1.4,False
2025|line=39|event=643|date=20251027|station=62149,62149,20251027,2025,1,10763.0,10850.0,88,88,-1.5150000000000006,0.0431478366011511,2.35,-1.4,False
2025|line=39|event=650|date=20251027|station=62149,62149,20251027,2025,1,43804.0,44406.0,603,603,0.9510556687033328,0.0649315878178937,41.53333333333333,0.8,False
2025|line=39|event=650|date=20251027|station=62149,62149,20251027,2025,2,44479.0,44950.0,472,472,3.381746435845216,0.0442499314874441,41.53333333333333,0.8,False
2025|line=39|event=650|date=20251027|station=62149,62149,20251027,2025,3,45005.0,45298.0,294,294,0.8335624575695846,0.0459294105322575,41.53333333333333,0.8,False
2025|line=39|event=638|date=20251027|station=62151,62151,20251027,2025,1,6517.0,7232.0,716,716,-24.090000000000003,0.0806620695298367,12.9,-23.3,True
2025|line=39|event=641|date=20251027|station=62151,62151,20251027,2025,1,8610.0,8906.0,297,297,2.6899999999999977,0.0818348657181552,5.633333333333334,3.0,True
2025|line=39|event=642|date=20251027|station=62151,62151,20251027,2025,1,10209.0,10415.0,207,207,-6.280000000000001,0.0799644881627219,4.366666666666666,-5.9,True
2025|line=39|event=643|date=20251027|station=62151,62151,20251027,2025,1,10767.0,10851.0,85,85,-6.180000000000007,0.0931199251814891,2.35,-5.9,True
2025|line=39|event=644|date=20251027|station=62151,62151,20251027,2025,1,25395.0,26036.0,642,642,3.7950000000000017,0.082137874251509,15.15,2.9,False
2025|line=39|event=645|date=20251027|station=62151,62151,20251027,2025,1,28183.0,28835.0,653,653,4.289999999999992,0.0881499776357329,15.7,3.0,True
2025|line=39|event=650|date=20251027|station=62151,62151,20251027,2025,1,43284.0,44183.0,900,900,3.707133401221995,0.0896427499941237,41.53333333333333,3.3,True
2025|line=39|event=650|date=20251027|station=62151,62151,20251027,2025,2,44257.0,44784.0,528,528,3.7236337406653055,0.1220499646843207,41.53333333333333,3.3,True
2025|line=39|event=650|date=20251027|station=62151,62151,20251027,2025,3,44895.0,45634.0,740,740,3.7052427019687713,0.0915734894190644,41.53333333333333,3.3,True
2025|line=39|event=651|date=20251027|station=62151,62151,20251027,2025,1,47169.0,47308.0,140,140,-1.3199999999999932,0.0997657269411108,5.183333333333334,-1.5,False
2025|line=39|event=638|date=20251027|station=62239,62239,20251027,2025,1,6821.0,7251.0,431,431,-1.0700000000000005,0.040209509820354,12.9,-0.5,False
2025|line=39|event=654|date=20251028|station=50023,50023,20251028,2025,1,12723.0,12827.0,105,105,-0.5300000000000296,0.046736319973716,2.85,-0.5,False
2025|line=39|event=656|date=20251028|station=50023,50023,20251028,2025,1,36064.0,36157.0,94,94,0.5699999999999932,0.0376986450704055,3.733333333333333,0.5,False
2025|line=39|event=652|date=20251028|station=51020,51020,20251028,2025,1,5600.0,5737.0,138,138,-2.3599999999999994,0.0618860255943664,3.7666666666666666,-2.1,False
2025|line=39|event=653|date=20251028|station=51020,51020,20251028,2025,1,8723.0,8876.0,154,154,-1.7708405945668917,0.0696693788397793,62.41666666666666,-2.1,False
2025|line=39|event=653|date=20251028|station=51020,51020,20251028,2025,2,8949.0,9582.0,634,634,-1.7698257303946718,0.1724671551520589,62.41666666666666,-2.1,False
2025|line=39|event=653|date=20251028|station=51020,51020,20251028,2025,3,9925.0,11104.0,1180,1180,-2.6853459764223544,0.2055482131101335,62.41666666666666,-2.1,False
2025|line=39|event=653|date=20251028|station=51020,51020,20251028,2025,4,11462.0,12315.0,854,854,-2.1342849820604783,0.0698578036769154,62.41666666666666,-2.1,False
2025|line=39|event=654|date=20251028|station=51020,51020,20251028,2025,1,12731.0,12823.0,93,93,1.9199999999999875,0.0500867743739739,2.85,2.1,False
2025|line=39|event=655|date=20251028|station=51020,51020,20251028,2025,1,14314.0,14694.0,381,381,1.196181683899539,0.072872102390314,30.9,2.1,False
2025|line=39|event=655|date=20251028|station=51020,51020,20251028,2025,2,15062.0,16105.0,1044,1044,1.27431683899556,0.1695672467801768,30.9,2.1,False
2025|line=39|event=656|date=20251028|station=51020,51020,20251028,2025,1,36109.0,36207.0,99,99,-2.8200000000000074,0.0519197962276727,3.733333333333333,-2.1,False
2025|line=39|event=657|date=20251028|station=51020,51020,20251028,2025,1,38682.0,39904.0,1223,1223,-2.481402531645557,0.0951086639519814,30.25,-2.1,False
2025|line=39|event=658|date=20251028|station=51020,51020,20251028,2025,1,41001.0,41983.0,983,983,1.9895312500000275,0.0892638622977136,35.56666666666667,2.1,False
2025|line=39|event=658|date=20251028|station=51020,51020,20251028,2025,2,42282.0,42990.0,709,709,2.045625000000001,0.0865681159305584,35.56666666666667,2.1,False
2025|line=39|event=659|date=20251028|station=51020,51020,20251028,2025,1,59078.0,59164.0,87,87,-1.989999999999981,0.0469652995452047,2.816666666666667,-2.2,False
2025|line=39|event=652|date=20251028|station=51105,51105,20251028,2025,1,5583.0,5730.0,148,148,5.170000000000002,0.0866871150493658,3.7666666666666666,4.7,True
2025|line=39|event=653|date=20251028|station=51105,51105,20251028,2025,1,8664.0,12338.0,3675,3675,5.817098923628912,0.298641068914806,62.41666666666666,4.7,True
2025|line=39|event=654|date=20251028|station=51105,51105,20251028,2025,1,12724.0,12815.0,92,92,-5.164999999999992,0.0507072619873645,2.85,-4.7,True
2025|line=39|event=655|date=20251028|station=51105,51105,20251028,2025,1,14325.0,16098.0,1774,1774,-5.155000000000001,0.1616652867798578,30.9,-4.7,True
2025|line=39|event=656|date=20251028|station=51105,51105,20251028,2025,1,36059.0,36201.0,143,143,4.990000000000002,0.0448218682969581,3.733333333333333,4.7,True
2025|line=39|event=657|date=20251028|station=51105,51105,20251028,2025,1,38368.0,40103.0,1736,1736,5.17801518987342,0.2042728801441968,30.25,4.6,True
2025|line=39|event=658|date=20251028|station=51105,51105,20251028,2025,1,40932.0,42049.0,1118,1118,-4.299826388888889,0.2311390794752805,35.56666666666667,-4.7,True
2025|line=39|event=658|date=20251028|station=51105,51105,20251028,2025,2,42092.0,42993.0,902,902,-4.661215277777785,0.175534671262648,35.56666666666667,-4.7,True
2025|line=39|event=659|date=20251028|station=51105,51105,20251028,2025,1,59072.0,59160.0,89,89,5.410000000000004,0.0404225726997619,2.816666666666667,4.7,True
2025|line=39|event=652|date=20251028|station=61008,61008,20251028,2025,1,5678.0,5750.0,73,73,0.3400000000000034,0.0859707726337893,3.7666666666666666,0.5,False
2025|line=39|event=656|date=20251028|station=61008,61008,20251028,2025,1,36074.0,36133.0,60,60,0.5899999999999892,0.0720521647728797,3.733333333333333,0.5,False
2025|line=39|event=659|date=20251028|station=62001,62001,20251028,2025,1,59052.0,59158.0,107,107,-6.134999999994761,0.0543993665484431,2.816666666666667,-5.9,True
2025|line=39|event=652|date=20251028|station=62149,62149,20251028,2025,1,5555.0,5729.0,175,175,-5.680000000000007,0.0627664728844513,3.7666666666666666,-5.6,True
2025|line=39|event=653|date=20251028|station=62149,62149,20251028,2025,1,8644.0,12047.0,3404,3404,-6.078249615581754,0.1312677377970912,62.41666666666666,-5.7,True
2025|line=39|event=653|date=20251028|station=62149,62149,20251028,2025,2,12176.0,12337.0,162,162,-5.520940543311127,0.0440722544203348,62.41666666666666,-5.7,True
2025|line=39|event=654|date=20251028|station=62149,62149,20251028,2025,1,12695.0,12816.0,122,122,5.469999999999999,0.0631779727834959,2.85,5.7,True
2025|line=39|event=655|date=20251028|station=62149,62149,20251028,2025,1,14293.0,14862.0,570,570,6.3780600689315605,0.0617418603390335,30.9,5.7,True
2025|line=39|event=655|date=20251028|station=62149,62149,20251028,2025,2,14923.0,16098.0,1176,1176,4.910851797144261,0.0621080807773684,30.9,5.7,True
2025|line=39|event=656|date=20251028|station=62149,62149,20251028,2025,1,36028.0,36107.0,80,80,-5.875,0.0424001849373775,3.733333333333333,-5.6,True
2025|line=39|event=657|date=20251028|station=62149,62149,20251028,2025,1,38339.0,40102.0,1764,1764,-5.474329113924057,0.0863403954580299,30.25,-5.6,True
2025|line=39|event=658|date=20251028|station=62149,62149,20251028,2025,1,40912.0,42245.0,1334,1334,4.638430989583341,0.0922068130660258,35.56666666666667,5.7,True
2025|line=39|event=658|date=20251028|station=62149,62149,20251028,2025,2,42315.0,42994.0,680,680,6.032823350694443,0.0616410414485022,35.56666666666667,5.7,True
2025|line=39|event=659|date=20251028|station=62149,62149,20251028,2025,1,59041.0,59159.0,119,119,-5.680000000000007,0.0492690803952651,2.816666666666667,-5.7,True
2025|line=39|event=652|date=20251028|station=62151,62151,20251028,2025,1,5561.0,5731.0,171,171,-23.50999999999999,0.076819377264891,3.7666666666666666,-23.3,True
2025|line=39|event=653|date=20251028|station=62151,62151,20251028,2025,1,8650.0,10850.0,2201,2201,-23.447542286007163,0.1043468116366323,62.41666666666666,-23.3,True
2025|line=39|event=653|date=20251028|station=62151,62151,20251028,2025,2,10916.0,11511.0,596,596,-23.123432854946174,0.0874158534684104,62.41666666666666,-23.3,True
2025|line=39|event=653|date=20251028|station=62151,62151,20251028,2025,3,11568.0,12072.0,505,505,-23.361453100973847,0.0939139879217318,62.41666666666666,-23.3,True
2025|line=39|event=653|date=20251028|station=62151,62151,20251028,2025,4,12130.0,12339.0,210,210,-23.405516401845205,0.0777895835376524,62.41666666666666,-23.3,True
2025|line=39|event=654|date=20251028|station=62151,62151,20251028,2025,1,12702.0,12782.0,81,81,23.320000000000007,0.0822621628714237,2.85,23.3,True
2025|line=39|event=655|date=20251028|station=62151,62151,20251028,2025,1,14300.0,15032.0,733,733,23.80030526834072,0.0983909881199161,30.9,23.3,True
2025|line=39|event=655|date=20251028|station=62151,62151,20251028,2025,2,15092.0,16101.0,1010,1010,23.727962826193988,0.0825446757109618,30.9,23.3,True
2025|line=39|event=656|date=20251028|station=62151,62151,20251028,2025,1,36031.0,36163.0,133,133,-23.570000000000007,0.0710983399641853,3.733333333333333,-23.2,True
2025|line=39|event=657|date=20251028|station=62151,62151,20251028,2025,1,38343.0,39770.0,1428,1428,-23.423362025316464,0.1217297218637587,30.25,-22.9,True
2025|line=39|event=657|date=20251028|station=62151,62151,20251028,2025,2,39843.0,39939.0,97,97,-23.375189873417725,0.0637762617401894,30.25,-22.9,True
2025|line=39|event=658|date=20251028|station=62151,62151,20251028,2025,1,40916.0,41426.0,511,511,23.355976562500004,0.0851675600847166,35.56666666666667,23.3,True
2025|line=39|event=658|date=20251028|station=62151,62151,20251028,2025,2,41501.0,41604.0,104,104,23.301074218750017,0.0735121114273865,35.56666666666667,23.3,True
2025|line=39|event=658|date=20251028|station=62151,62151,20251028,2025,3,41671.0,42740.0,1070,1070,23.45556640625,0.1030842765014306,35.56666666666667,23.3,True
2025|line=39|event=658|date=20251028|station=62151,62151,20251028,2025,4,42916.0,42994.0,79,79,23.5062890625,0.0786491555583908,35.56666666666667,23.3,True
2025|line=39|event=659|date=20251028|station=62151,62151,20251028,2025,1,59044.0,59160.0,117,117,-23.620000000000005,0.077540574661736,2.816666666666667,-23.3,True
2025|line=39|event=656|date=20251028|station=62239,62239,20251028,2025,1,36136.0,36233.0,98,98,-0.879999999999999,0.0397699113220568,3.733333333333333,-0.5,False
2025|line=39|event=666|date=20251029|station=51020,51020,20251029,2025,1,41781.0,41987.0,207,207,-0.9000000000000057,0.0442210665108307,13.783333333333331,-1.1,False
2025|line=39|event=666|date=20251029|station=51020,51020,20251029,2025,2,42285.0,42504.0,220,220,-1.1800000000000068,0.0474019890967591,13.783333333333331,-1.1,False
2025|line=39|event=667|date=20251029|station=51020,51020,20251029,2025,1,45413.0,45587.0,175,175,1.369999999999976,0.0464997264801414,29.35,1.1,False
2025|line=39|event=667|date=20251029|station=51020,51020,20251029,2025,2,45886.0,46715.0,830,830,1.259999999999991,0.1881761782578242,29.35,1.1,False
2025|line=39|event=663|date=20251029|station=51105,51105,20251029,2025,1,4551.0,4713.0,163,163,-2.8200000000000003,0.0771745462502216,3.85,-2.3,False
2025|line=39|event=664|date=20251029|station=51105,51105,20251029,2025,1,5043.0,5181.0,139,139,1.4100000000000037,0.0624499852861024,3.25,1.2,False
2025|line=39|event=665|date=20251029|station=51105,51105,20251029,2025,1,40152.0,40749.0,598,598,-2.444999999999993,0.1423867204179404,11.15,-2.3,False
2025|line=39|event=666|date=20251029|station=51105,51105,20251029,2025,1,41735.0,42492.0,758,758,2.6700000000000017,0.0669465973018176,13.783333333333331,2.4,False
2025|line=39|event=667|date=20251029|station=51105,51105,20251029,2025,1,45311.0,46868.0,1558,1558,-1.980000000000004,0.2405152143247187,29.35,-2.3,False
2025|line=39|event=663|date=20251029|station=62149,62149,20251029,2025,1,4532.0,4713.0,182,182,2.740000000000009,0.0472576677050611,3.85,2.8,False
2025|line=39|event=664|date=20251029|station=62149,62149,20251029,2025,1,5031.0,5175.0,145,145,-1.5499999999999972,0.0442515598841463,3.25,-1.4,False
2025|line=39|event=665|date=20251029|station=62149,62149,20251029,2025,1,40129.0,40749.0,621,621,3.030000000000001,0.0550839786794399,11.15,2.8,False
2025|line=39|event=666|date=20251029|station=62149,62149,20251029,2025,1,41715.0,42491.0,777,777,-3.1099999999999994,0.060613532343943,13.783333333333331,-2.9,False
2025|line=39|event=667|date=20251029|station=62149,62149,20251029,2025,1,45281.0,46993.0,1713,1713,3.030000000000001,0.1864616473094693,29.35,2.8,False
2025|line=39|event=663|date=20251029|station=62151,62151,20251029,2025,1,4535.0,4715.0,181,181,11.700000000000005,0.062560012027014,3.85,11.7,True
2025|line=39|event=664|date=20251029|station=62151,62151,20251029,2025,1,5073.0,5177.0,105,105,-6.02000000000001,0.1526236286823261,3.25,-5.9,True
2025|line=39|event=665|date=20251029|station=62151,62151,20251029,2025,1,40130.0,40272.0,143,143,11.759999999999993,0.0819090011485936,11.15,11.7,True
2025|line=39|event=665|date=20251029|station=62151,62151,20251029,2025,2,40304.0,40745.0,442,442,11.879999999999995,0.1054718355625574,11.15,11.7,True
2025|line=39|event=666|date=20251029|station=62151,62151,20251029,2025,1,41716.0,41869.0,154,154,-11.86,0.073537351964225,13.783333333333331,-11.9,True
2025|line=39|event=666|date=20251029|station=62151,62151,20251029,2025,2,41932.0,42491.0,560,560,-12.019999999999996,0.1103874337537338,13.783333333333331,-11.9,True
2025|line=39|event=667|date=20251029|station=62151,62151,20251029,2025,1,45281.0,46074.0,794,794,11.849999999999994,0.0975052948886582,29.35,11.6,True
2025|line=39|event=667|date=20251029|station=62151,62151,20251029,2025,2,46145.0,46636.0,492,492,11.959999999999994,0.1004238191374882,29.35,11.6,True
2025|line=39|event=667|date=20251029|station=62151,62151,20251029,2025,3,46694.0,46994.0,301,301,12.060000000000002,0.079248305883905,29.35,11.6,True
2025|line=39|event=671|date=20251101|station=51105,51105,20251101,2025,1,24497.0,24962.0,466,466,5.390000000000001,0.1255801011982291,18.433333333333334,2.4,False
2025|line=39|event=671|date=20251101|station=62149,62149,20251101,2025,1,23965.0,24746.0,782,782,-0.9399999999999976,0.0481325759199272,18.433333333333334,-2.9,False
2025|line=39|event=671|date=20251101|station=62151,62151,20251101,2025,1,23966.0,24777.0,812,812,-9.820000000000007,0.0965902154798665,18.433333333333334,-11.8,True
2025|line=39|event=671|date=20251101|station=62151,62151,20251101,2025,2,24843.0,25018.0,176,176,-7.600000000000008,0.0672374787230997,18.433333333333334,-11.8,True
2025|line=39|event=676|date=20251103|station=50008,50008,20251103,2025,1,38019.0,38725.0,707,707,0.4200000000000017,0.2258882645396163,16.7,0.7,False
2025|line=39|event=676|date=20251103|station=50023,50023,20251103,2025,1,37991.0,38901.0,911,911,0.589999999999975,0.1492839849241103,16.7,1.1,False
2025|line=39|event=676|date=20251103|station=51020,51020,20251103,2025,1,38034.0,38406.0,373,373,-4.929999999999978,0.1562745227053933,16.7,-4.4,True
2025|line=39|event=676|date=20251103|station=51020,51020,20251103,2025,2,38704.0,38867.0,164,164,-3.3499999999999943,0.0512918599155136,16.7,-4.4,True
2025|line=39|event=676|date=20251103|station=51105,51105,20251103,2025,1,38007.0,38911.0,905,905,10.449999999999996,0.1513831195186965,16.7,9.6,True
2025|line=39|event=676|date=20251103|station=51224,51224,20251103,2025,1,38272.0,38632.0,361,361,-1.565000000000026,0.1246190943725503,16.7,-0.9,False
2025|line=39|event=676|date=20251103|station=61008,61008,20251103,2025,1,38184.0,38243.0,60,60,1.4450000000000074,0.0412705039914302,16.7,1.1,False
2025|line=39|event=676|date=20251103|station=61008,61008,20251103,2025,2,38283.0,38613.0,331,331,2.0799999999999983,0.1420695197708346,16.7,1.1,False
2025|line=39|event=676|date=20251103|station=61008,61008,20251103,2025,3,38643.0,38863.0,221,221,1.840000000000004,0.1741576362701152,16.7,1.1,False
2025|line=39|event=676|date=20251103|station=61010,61010,20251103,2025,1,38141.0,38672.0,532,532,1.0300000000000011,0.1330928148787866,16.7,0.7,False
2025|line=39|event=676|date=20251103|station=61010,61010,20251103,2025,2,38678.0,38946.0,269,269,1.1599999999999966,0.1354654712802691,16.7,0.7,False
2025|line=39|event=676|date=20251103|station=61160,61160,20251103,2025,1,38464.0,38945.0,482,482,1.8100000000000025,0.1073207044724376,16.7,0.8,False
2025|line=39|event=676|date=20251103|station=62149,62149,20251103,2025,1,37972.0,38907.0,936,936,-11.540000000000006,0.1463649082649694,16.7,-11.6,True
2025|line=39|event=676|date=20251103|station=62151,62151,20251103,2025,1,38034.0,38231.0,198,198,-47.33,0.0843735497628561,16.7,-48.0,True
2025|line=39|event=676|date=20251103|station=62151,62151,20251103,2025,2,38289.0,38487.0,199,199,-47.24,0.0723560758127999,16.7,-48.0,True
2025|line=39|event=676|date=20251103|station=62151,62151,20251103,2025,3,38543.0,38893.0,351,351,-46.9,0.0835458069992304,16.7,-48.0,True
2025|line=39|event=676|date=20251103|station=62239,62239,20251103,2025,1,38047.0,38904.0,858,858,-1.1899999999999995,0.0554863332163033,16.7,-1.0,False
2025|line=28|event=60|date=20251104|station=32001,32001,20251104,2025,1,80280.0,80788.0,509,509,1.004999999999999,0.1238180373186583,15.066666666666666,1.0,False
2025|line=28|event=60|date=20251104|station=32001,32001,20251104,2025,2,80805.0,81058.0,254,254,1.125,0.1620486686686935,15.066666666666666,1.0,False
2025|line=28|event=60|date=20251104|station=41004,41004,20251104,2025,1,80257.0,81107.0,851,851,-3.93,0.0933061424733301,15.066666666666666,-4.4,True
2025|line=28|event=60|date=20251104|station=41011,41011,20251104,2025,1,80262.0,81110.0,849,849,6.710000000000008,0.0503843767724968,15.066666666666666,6.6,True
2025|line=28|event=60|date=20251104|station=61008,61008,20251104,2025,1,80258.0,81109.0,852,852,-0.9899999999999948,0.1322010694542174,15.066666666666666,-1.0,False
2025|line=28|event=60|date=20251104|station=61010,61010,20251104,2025,1,80255.0,81107.0,853,853,-7.439999999999998,0.1058755641570302,15.066666666666666,-8.4,True
2025|line=28|event=60|date=20251104|station=61160,61160,20251104,2025,1,80265.0,81108.0,844,844,-2.4199999999999875,0.0629441780611814,15.066666666666666,-2.8,False
2025|line=28|event=60|date=20251104|station=62001,62001,20251104,2025,1,80433.0,80994.0,562,562,-0.7850000000034925,0.118426693570392,15.066666666666666,-0.9,False
2025|line=28|event=60|date=20251104|station=62149,62149,20251104,2025,1,80257.0,81108.0,852,852,-2.2700000000000102,0.0537427577155245,15.066666666666666,-2.3,False
2025|line=28|event=60|date=20251104|station=62151,62151,20251104,2025,1,80262.0,80869.0,608,608,-3.280000000000001,0.1085557598357893,15.066666666666666,-3.5,True
2025|line=28|event=60|date=20251104|station=62151,62151,20251104,2025,2,80953.0,81111.0,159,159,-3.2099999999999937,0.090681404905485,15.066666666666666,-3.5,True
2025|line=40|event=911|date=20251113|station=61008,61008,20251113,2025,1,62677.0,62836.0,160,160,-5.208502653525386,0.13388315928397,63.266666666666666,-3.7,True
2025|line=40|event=911|date=20251113|station=61008,61008,20251113,2025,2,62905.0,63076.0,172,172,-3.635549658832432,0.1031300881851043,63.266666666666666,-3.7,True
2025|line=40|event=911|date=20251113|station=61008,61008,20251113,2025,3,63159.0,65669.0,2511,2511,-3.993002274450348,0.4583531172223576,63.266666666666666,-3.7,True
2025|line=40|event=911|date=20251113|station=61008,61008,20251113,2025,4,65770.0,65889.0,120,120,-5.827436189032085,0.1140446083398534,63.266666666666666,-3.7,True
2025|line=40|event=911|date=20251113|station=61008,61008,20251113,2025,5,65936.0,66333.0,398,398,-4.526899166034866,0.1577913877726623,63.266666666666666,-3.7,True
2025|line=40|event=911|date=20251113|station=61010,61010,20251113,2025,1,62722.0,63076.0,355,355,-2.1651781652767284,0.2442500795907171,63.266666666666666,-1.7,False
2025|line=40|event=911|date=20251113|station=61010,61010,20251113,2025,2,63120.0,65675.0,2556,2556,-1.5960102350265402,0.2517292271413318,63.266666666666666,-1.7,False
2025|line=40|event=911|date=20251113|station=61010,61010,20251113,2025,3,65688.0,65833.0,146,146,-0.1728297952994637,0.1084478780113585,63.266666666666666,-1.7,False
2025|line=40|event=911|date=20251113|station=61010,61010,20251113,2025,4,65886.0,66326.0,441,441,-1.280072024260818,0.1366294848424772,63.266666666666666,-1.7,False
2025|line=40|event=911|date=20251113|station=61160,61160,20251113,2025,1,62905.0,63059.0,155,155,-3.365927470305792,0.0872905140538401,63.266666666666666,-1.9,False
2025|line=40|event=911|date=20251113|station=61160,61160,20251113,2025,2,63156.0,63285.0,130,130,-1.2455048016173578,0.1054743453577111,63.266666666666666,-1.9,False
2025|line=40|event=911|date=20251113|station=61160,61160,20251113,2025,3,63360.0,65644.0,2285,2285,-2.1203196866312624,0.3785676508631404,63.266666666666666,-1.9,False
2025|line=40|event=911|date=20251113|station=61160,61160,20251113,2025,4,65762.0,65830.0,69,69,0.5459148344705795,0.0686426572314417,63.266666666666666,-1.9,False
2025|line=40|event=911|date=20251113|station=61160,61160,20251113,2025,5,65950.0,66350.0,401,401,-1.6627659843315428,0.2596215450254444,63.266666666666666,-1.9,False
2025|line=40|event=911|date=20251113|station=62149,62149,20251113,2025,1,62623.0,66334.0,3712,3712,0.8154548900682386,0.1868749490215502,63.266666666666666,0.8,False
2025|line=40|event=911|date=20251113|station=62151,62151,20251113,2025,1,62606.0,63498.0,893,893,1.1456103108415476,0.0931517232915385,63.266666666666666,1.1,False
2025|line=40|event=911|date=20251113|station=62151,62151,20251113,2025,2,63555.0,66350.0,2796,2796,1.029302501895387,0.1298529458344546,63.266666666666666,1.1,False
2025|line=33|event=76|date=20251114|station=43002,43002,20251114,2025,1,12006.0,12214.0,209,209,9.870000000000005,0.1337566258223276,5.05,9.7,True
2025|line=33|event=77|date=20251114|station=43002,43002,20251114,2025,1,12570.0,13135.0,566,566,1.7300000000000182,0.0768031582200961,10.533333333333331,2.3,False
2025|line=33|event=78|date=20251114|station=43002,43002,20251114,2025,1,13472.0,14322.0,851,851,10.430000000000009,0.0865750944747652,15.916666666666666,10.0,True
2025|line=42|event=1051|date=20251118|station=42005,42005,20251118,2025,1,7357.0,7775.0,419,419,3.84,0.2006792794595511,11.333333333333334,4.9,True
2025|line=42|event=1055|date=20251118|station=42005,42005,20251118,2025,1,12347.0,12859.0,513,513,9.35,0.1537331630522936,13.116666666666667,10.0,True
2025|line=42|event=1056|date=20251118|station=42005,42005,20251118,2025,1,16343.0,17237.0,895,895,-11.37,0.1926264006292832,20.716666666666665,-9.9,True
2025|line=42|event=1057|date=20251118|station=42005,42005,20251118,2025,1,18930.0,19688.0,759,759,-8.683966635773864,0.1795579623704583,32.733333333333334,-9.8,True
2025|line=42|event=1057|date=20251118|station=42005,42005,20251118,2025,2,19735.0,20505.0,771,771,-8.066879054680257,0.1432576709624933,32.733333333333334,-9.8,True
2025|line=42|event=1058|date=20251118|station=42005,42005,20251118,2025,1,21848.0,22372.0,525,525,-9.000000000000002,0.1603440913646514,26.1,-9.9,True
2025|line=42|event=1058|date=20251118|station=42005,42005,20251118,2025,2,22427.0,23090.0,664,664,-8.35,0.0779720046123775,26.1,-9.9,True
2025|line=42|event=1059|date=20251118|station=42005,42005,20251118,2025,1,24685.0,27380.0,2696,2696,-7.096956054087277,0.1752436617729669,51.45,-9.9,True
2025|line=42|event=1060|date=20251118|station=42005,42005,20251118,2025,1,28428.0,30521.0,2094,2094,-7.851594488188976,0.2268259318779614,41.583333333333336,-9.9,True
2025|line=42|event=1061|date=20251118|station=42005,42005,20251118,2025,1,39059.0,40118.0,1060,1060,10.490000000000002,0.236497997710206,23.0,9.8,True
2025|line=42|event=1062|date=20251118|station=42005,42005,20251118,2025,1,41114.0,41711.0,598,598,9.689999999999998,0.2066909583106534,15.3,9.9,True
2025|line=42|event=1063|date=20251118|station=42005,42005,20251118,2025,1,42643.0,43831.0,1189,1189,9.8,0.2886886537008333,24.933333333333334,9.9,True
2025|line=42|event=1066|date=20251118|station=42005,42005,20251118,2025,1,47442.0,48149.0,708,708,10.35,0.1508821173191544,17.333333333333332,10.1,True
2025|line=42|event=1067|date=20251118|station=42005,42005,20251118,2025,1,49391.0,50332.0,942,942,10.365000000000002,0.1942110389195788,21.433333333333334,9.9,True
2025|line=7|event=1237|date=20251118|station=43002,43002,20251118,2025,1,59338.0,61940.0,2603,2603,-0.7196710749406634,0.0828082346518016,46.1,-1.9,False
2025|line=7|event=1237|date=20251118|station=44003,44003,20251118,2025,1,59284.0,61908.0,2625,2625,1.8561987114298968,0.102363768753971,46.1,-0.9,False
2025|line=7|event=1237|date=20251118|station=44011,44011,20251118,2025,1,59335.0,61905.0,2571,2571,11.315283146829431,0.1063492516776477,46.1,10.6,True
2025|line=42|event=1051|date=20251118|station=50008,50008,20251118,2025,1,7255.0,7566.0,312,312,1.2299999999999969,0.1173493520223223,11.333333333333334,1.6,False
2025|line=42|event=1055|date=20251118|station=50008,50008,20251118,2025,1,12185.0,12884.0,700,700,2.780000000000001,0.1826233464796341,13.116666666666667,3.2,True
2025|line=42|event=1056|date=20251118|station=50008,50008,20251118,2025,1,16226.0,17257.0,1032,1032,-4.32,0.2105679607478764,20.716666666666665,-3.1,True
2025|line=42|event=1057|date=20251118|station=50008,50008,20251118,2025,1,19117.0,20323.0,1207,1207,-4.176927710843373,0.2490068844188804,32.733333333333334,-3.1,True
2025|line=42|event=1058|date=20251118|station=50008,50008,20251118,2025,1,21652.0,22997.0,1346,1346,-1.2750000000000057,0.1570768336973974,26.1,-3.1,True
2025|line=42|event=1059|date=20251118|station=50008,50008,20251118,2025,1,24452.0,27467.0,3016,3016,-3.161614935464044,0.1352402080696622,51.45,-3.2,True
2025|line=42|event=1060|date=20251118|station=50008,50008,20251118,2025,1,28214.0,28967.0,754,754,-3.180016872890896,0.1342766507333367,41.583333333333336,-3.1,True
2025|line=42|event=1060|date=20251118|station=50008,50008,20251118,2025,2,29028.0,30624.0,1597,1597,-2.8113160854893096,0.1318787392287656,41.583333333333336,-3.1,True
2025|line=42|event=1061|date=20251118|station=50008,50008,20251118,2025,1,38853.0,40152.0,1300,1300,3.344999999999999,0.1333482765390127,23.0,3.1,True
2025|line=42|event=1062|date=20251118|station=50008,50008,20251118,2025,1,40904.0,41747.0,844,844,2.8599999999999994,0.0884070496351378,15.3,3.1,True
2025|line=42|event=1063|date=20251118|station=50008,50008,20251118,2025,1,42469.0,43873.0,1405,1405,2.799999999999997,0.0891824726638202,24.933333333333334,3.2,True
2025|line=42|event=1066|date=20251118|station=50008,50008,20251118,2025,1,47207.0,48172.0,966,966,3.289999999999999,0.1080617857037386,17.333333333333332,3.2,True
2025|line=42|event=1067|date=20251118|station=50008,50008,20251118,2025,1,49164.0,50369.0,1206,1206,3.460000000000001,0.0853723554089547,21.433333333333334,3.2,True
2025|line=42|event=1051|date=20251118|station=50023,50023,20251118,2025,1,7237.0,7552.0,316,316,0.9900000000000092,0.0744182335223115,11.333333333333334,1.3,False
2025|line=42|event=1055|date=20251118|station=50023,50023,20251118,2025,1,12169.0,12882.0,714,714,2.1850000000000023,0.2395945555402351,13.116666666666667,2.6,False
2025|line=42|event=1056|date=20251118|station=50023,50023,20251118,2025,1,16285.0,17255.0,971,971,-3.6899999999999977,0.1848879618187204,20.716666666666665,-2.6,False
2025|line=42|event=1057|date=20251118|station=50023,50023,20251118,2025,1,19014.0,20323.0,1310,1310,-3.2677096848934184,0.3628132926692201,32.733333333333334,-2.6,False
2025|line=42|event=1058|date=20251118|station=50023,50023,20251118,2025,1,21645.0,23066.0,1422,1422,-0.5,0.1674822219479436,26.1,-2.6,False
2025|line=42|event=1059|date=20251118|station=50023,50023,20251118,2025,1,24449.0,27464.0,3016,3016,-2.5659419176398046,0.1629168924118041,51.45,-2.6,False
2025|line=42|event=1060|date=20251118|station=50023,50023,20251118,2025,1,28202.0,30621.0,2420,2420,-2.847499999999968,0.2071806007654475,41.583333333333336,-2.6,False
2025|line=42|event=1061|date=20251118|station=50023,50023,20251118,2025,1,38844.0,40151.0,1308,1308,2.7199999999999704,0.1940420222385853,23.0,2.6,False
2025|line=42|event=1062|date=20251118|station=50023,50023,20251118,2025,1,40900.0,41746.0,847,847,2.25,0.0779349331008431,15.3,2.6,False
2025|line=42|event=1063|date=20251118|station=50023,50023,20251118,2025,1,42449.0,43871.0,1423,1423,2.1499999999999773,0.0822271707942596,24.933333333333334,2.6,False
2025|line=42|event=1066|date=20251118|station=50023,50023,20251118,2025,1,47202.0,48170.0,969,969,2.6200000000000045,0.1432453345621262,17.333333333333332,2.7,False
2025|line=42|event=1067|date=20251118|station=50023,50023,20251118,2025,1,49151.0,50368.0,1218,1218,2.830000000000041,0.0651542573685412,21.433333333333334,2.6,False
2025|line=42|event=1055|date=20251118|station=51020,51020,20251118,2025,1,12529.0,12897.0,369,369,-1.8500000000000008,0.1250457412626716,13.116666666666667,-0.8,False
2025|line=42|event=1058|date=20251118|station=51020,51020,20251118,2025,1,22496.0,23169.0,674,674,2.619999999999997,0.0638861926056828,26.1,0.8,False
2025|line=42|event=1059|date=20251118|station=51020,51020,20251118,2025,1,24526.0,25502.0,977,977,0.7395958819913915,0.0929804430343347,51.45,0.8,False
2025|line=42|event=1059|date=20251118|station=51020,51020,20251118,2025,2,25859.0,27455.0,1597,1597,0.4949477566072531,0.0740592178571757,51.45,0.8,False
2025|line=42|event=1060|date=20251118|station=51020,51020,20251118,2025,1,28499.0,29094.0,596,596,1.381678852643418,0.0504329394960365,41.583333333333336,0.8,False
2025|line=42|event=1060|date=20251118|station=51020,51020,20251118,2025,2,29461.0,30343.0,883,883,1.324825646794153,0.0864581224611608,41.583333333333336,0.8,False
2025|line=42|event=1062|date=20251118|station=51020,51020,20251118,2025,1,41147.0,41756.0,610,610,-1.1799999999999995,0.0673247669641326,15.3,-0.8,False
2025|line=42|event=1063|date=20251118|station=51020,51020,20251118,2025,1,42657.0,43495.0,839,839,-1.34,0.0698294061662801,24.933333333333334,-0.8,False
2025|line=42|event=1055|date=20251118|station=51105,51105,20251118,2025,1,12643.0,12897.0,255,255,-2.220000000000006,0.1229672291947212,13.116666666666667,-1.3,False
2025|line=42|event=1056|date=20251118|station=51105,51105,20251118,2025,1,16083.0,17144.0,1062,1062,0.1049999999999968,0.150266453030129,20.716666666666665,1.3,False
2025|line=42|event=1058|date=20251118|station=51105,51105,20251118,2025,1,22496.0,23160.0,665,665,4.090000000000003,0.0959231690306819,26.1,1.3,False
2025|line=42|event=1059|date=20251118|station=51105,51105,20251118,2025,1,24460.0,27475.0,3016,3016,1.4846788567916462,0.1217862940810606,51.45,1.3,False
2025|line=42|event=1060|date=20251118|station=51105,51105,20251118,2025,1,28218.0,30634.0,2417,2417,1.3060292463442096,0.1727123915914195,41.583333333333336,1.3,False
2025|line=42|event=1061|date=20251118|station=51105,51105,20251118,2025,1,38849.0,40167.0,1319,1319,-1.0200000000000031,0.1896781215051803,23.0,-1.3,False
2025|line=42|event=1062|date=20251118|station=51105,51105,20251118,2025,1,40984.0,41754.0,771,771,-1.4799999999999969,0.0625188934765988,15.3,-1.3,False
2025|line=42|event=1063|date=20251118|station=51105,51105,20251118,2025,1,42454.0,43878.0,1425,1425,-1.1099999999999994,0.1346976804645222,24.933333333333334,-1.3,False
2025|line=42|event=1066|date=20251118|station=51105,51105,20251118,2025,1,47202.0,48182.0,981,981,-1.0300000000000011,0.109915903828353,17.333333333333332,-1.3,False
2025|line=42|event=1067|date=20251118|station=51105,51105,20251118,2025,1,49159.0,50380.0,1222,1222,-0.990000000000002,0.0583578121682404,21.433333333333334,-1.3,False
2025|line=42|event=1051|date=20251118|station=51224,51224,20251118,2025,1,7202.0,7772.0,571,571,-0.8900000000000148,0.0996973697426155,11.333333333333334,-1.1,False
2025|line=42|event=1055|date=20251118|station=51224,51224,20251118,2025,1,12242.0,12880.0,639,639,-2.3400000000000034,0.0950882619977569,13.116666666666667,-2.1,False
2025|line=42|event=1056|date=20251118|station=51224,51224,20251118,2025,1,16062.0,17129.0,1068,1068,0.8449999999999704,0.1377831022940468,20.716666666666665,2.1,False
2025|line=42|event=1057|date=20251118|station=51224,51224,20251118,2025,1,18689.0,20602.0,1914,1914,1.1047138554216929,0.123191199465874,32.733333333333334,2.1,False
2025|line=42|event=1058|date=20251118|station=51224,51224,20251118,2025,1,21649.0,23142.0,1494,1494,2.140000000000015,0.1089957652253789,26.1,2.1,False
2025|line=42|event=1059|date=20251118|station=51224,51224,20251118,2025,1,24431.0,27465.0,3035,3035,2.1324800245851065,0.1399527031720562,51.45,2.1,False
2025|line=42|event=1060|date=20251118|station=51224,51224,20251118,2025,1,28180.0,30622.0,2443,2443,2.374566929133863,0.1978802762896691,41.583333333333336,2.1,False
2025|line=42|event=1061|date=20251118|station=51224,51224,20251118,2025,1,38822.0,40149.0,1328,1328,-1.614999999999981,0.1473758256945493,23.0,-2.1,False
2025|line=42|event=1062|date=20251118|station=51224,51224,20251118,2025,1,40880.0,41743.0,864,864,-1.9800000000000184,0.1110555472265041,15.3,-2.1,False
2025|line=42|event=1063|date=20251118|station=51224,51224,20251118,2025,1,42425.0,43869.0,1445,1445,-2.405000000000001,0.1346277907540041,24.933333333333334,-2.1,False
2025|line=42|event=1066|date=20251118|station=51224,51224,20251118,2025,1,47183.0,48169.0,987,987,-1.4000000000000057,0.1182383926165286,17.333333333333332,-2.2,False
2025|line=42|event=1067|date=20251118|station=51224,51224,20251118,2025,1,49133.0,50366.0,1234,1234,-1.5999999999999943,0.1087111792647708,21.433333333333334,-2.1,False
2025|line=42|event=1070|date=20251119|station=42005,42005,20251119,2025,1,46903.0,47070.0,168,168,4.640000000000001,0.0447001916832572,6.933333333333334,5.0,True
2025|line=42|event=1071|date=20251119|station=42005,42005,20251119,2025,1,61116.0,61410.0,295,295,-9.9,0.1037818123615711,10.15,-9.5,True
2025|line=42|event=1070|date=20251119|station=50008,50008,20251119,2025,1,46742.0,47086.0,345,345,1.8099999999999952,0.0763475130344721,6.933333333333334,1.6,False
2025|line=42|event=1071|date=20251119|station=50008,50008,20251119,2025,1,60898.0,61433.0,536,536,-2.979999999999997,0.0730030396400845,10.15,-3.0,True
2025|line=42|event=1070|date=20251119|station=50023,50023,20251119,2025,1,46733.0,47084.0,352,352,1.634999999999991,0.0458613002281297,6.933333333333334,1.3,False
2025|line=42|event=1071|date=20251119|station=50023,50023,20251119,2025,1,60888.0,61432.0,545,545,-2.1299999999999955,0.0946919938839515,10.15,-2.5,False
2025|line=42|event=1071|date=20251119|station=51020,51020,20251119,2025,1,61063.0,61428.0,366,366,1.1400000000000006,0.054027412610054,10.15,0.8,False
2025|line=42|event=1070|date=20251119|station=51105,51105,20251119,2025,1,46771.0,47083.0,313,313,-0.8200000000000003,0.0513282402944396,6.933333333333334,-0.7,False
2025|line=42|event=1071|date=20251119|station=51105,51105,20251119,2025,1,60886.0,61449.0,564,564,1.1199999999999974,0.0784488630270297,10.15,1.3,False
2025|line=42|event=1070|date=20251119|station=51224,51224,20251119,2025,1,46716.0,47079.0,364,364,-0.8900000000000148,0.0732744518818089,6.933333333333334,-1.1,False
2025|line=42|event=1071|date=20251119|station=51224,51224,20251119,2025,1,60865.0,61431.0,567,567,1.7549999999999957,0.0620731177181147,10.15,2.0,False
2025|line=42|event=1072|date=20251120|station=42005,42005,20251120,2025,1,13216.0,13684.0,469,469,3.3100000000000005,0.1628700719828141,11.1,4.3,True
2025|line=42|event=1073|date=20251120|station=42005,42005,20251120,2025,1,31618.0,31862.0,245,245,5.0,0.0599962643683356,8.766666666666667,4.6,True
2025|line=42|event=1074|date=20251120|station=42005,42005,20251120,2025,1,43649.0,43725.0,77,77,-4.415,0.0375391352855079,5.283333333333333,-4.8,True
2025|line=42|event=1072|date=20251120|station=50008,50008,20251120,2025,1,13120.0,13718.0,599,599,0.1599999999999966,0.133108175164776,11.1,1.4,False
2025|line=42|event=1073|date=20251120|station=50008,50008,20251120,2025,1,31514.0,31880.0,367,367,2.0999999999999943,0.0856082090463712,8.766666666666667,1.5,False
2025|line=42|event=1074|date=20251120|station=50008,50008,20251120,2025,1,43503.0,43736.0,234,234,-2.160000000000004,0.0872351360481875,5.283333333333333,-1.5,False
2025|line=42|event=1072|date=20251120|station=50023,50023,20251120,2025,1,13116.0,13635.0,520,520,-0.1399999999999863,0.1107791168346469,11.1,1.1,False
2025|line=42|event=1073|date=20251120|station=50023,50023,20251120,2025,1,31445.0,31880.0,436,436,1.6599999999999682,0.0488476490996495,8.766666666666667,1.2,False
2025|line=42|event=1074|date=20251120|station=50023,50023,20251120,2025,1,43486.0,43735.0,250,250,-2.0600000000000023,0.0485766881619619,5.283333333333333,-1.3,False
2025|line=42|event=1072|date=20251120|station=51105,51105,20251120,2025,1,13646.0,13746.0,101,101,-1.6600000000000037,0.056039649647756,11.1,-0.6,False
2025|line=42|event=1072|date=20251120|station=51224,51224,20251120,2025,1,13591.0,13695.0,105,105,-2.5900000000000034,0.1227799462506015,11.1,-0.9,False
2025|line=42|event=1073|date=20251120|station=51224,51224,20251120,2025,1,31396.0,31826.0,431,431,-0.3100000000000023,0.0924854428146111,8.766666666666667,-1.0,False
2025|line=42|event=1074|date=20251120|station=51224,51224,20251120,2025,1,43464.0,43729.0,266,266,0.9299999999999784,0.1046436807766553,5.283333333333333,1.0,False
2025|line=42|event=1076|date=20251121|station=42005,42005,20251121,2025,1,5370.0,5677.0,308,308,4.37,0.0837333080582544,9.316666666666666,5.0,True
2025|line=42|event=1078|date=20251121|station=42005,42005,20251121,2025,1,15565.0,15649.0,85,85,-7.885925042589438,0.0384171071531345,46.45,-10.0,True
2025|line=42|event=1078|date=20251121|station=42005,42005,20251121,2025,2,15690.0,15793.0,104,104,-8.247833901192504,0.0727819559585783,46.45,-10.0,True
2025|line=42|event=1078|date=20251121|station=42005,42005,20251121,2025,3,15883.0,15999.0,117,117,-9.25910391822828,0.0740808117384808,46.45,-10.0,True
2025|line=42|event=1078|date=20251121|station=42005,42005,20251121,2025,4,16030.0,16566.0,537,537,-8.281902896081773,0.1123001931550215,46.45,-10.0,True
2025|line=42|event=1078|date=20251121|station=42005,42005,20251121,2025,5,16661.0,17993.0,1333,1333,-6.420558773424192,0.2532466235344998,46.45,-10.0,True
2025|line=42|event=1076|date=20251121|station=50008,50008,20251121,2025,1,5210.0,5709.0,500,500,1.4699999999999989,0.1213332471294369,9.316666666666666,1.6,False
2025|line=42|event=1078|date=20251121|station=50008,50008,20251121,2025,1,15476.0,15655.0,180,180,-2.460658432708684,0.1307998314726118,46.45,-3.2,True
2025|line=42|event=1078|date=20251121|station=50008,50008,20251121,2025,2,15667.0,15747.0,81,81,-2.588800681431003,0.0736751750588863,46.45,-3.2,True
2025|line=42|event=1078|date=20251121|station=50008,50008,20251121,2025,3,15835.0,15972.0,138,138,-3.685690800681435,0.096639322671649,46.45,-3.2,True
2025|line=42|event=1078|date=20251121|station=50008,50008,20251121,2025,4,16020.0,16574.0,555,555,-2.699005110732536,0.1095276307944085,46.45,-3.2,True
2025|line=42|event=1078|date=20251121|station=50008,50008,20251121,2025,5,16628.0,17124.0,497,497,-2.8994599659284432,0.1341646377398561,46.45,-3.2,True
2025|line=42|event=1078|date=20251121|station=50008,50008,20251121,2025,6,17162.0,17488.0,327,327,-3.0610562180579137,0.0716840665928983,46.45,-3.2,True
2025|line=42|event=1078|date=20251121|station=50008,50008,20251121,2025,7,17497.0,17841.0,345,345,-4.520497444633726,0.2018218794149909,46.45,-3.2,True
2025|line=42|event=1078|date=20251121|station=50008,50008,20251121,2025,8,17884.0,18093.0,210,210,-3.222769165247016,0.0716417391637126,46.45,-3.2,True
2025|line=42|event=1076|date=20251121|station=50023,50023,20251121,2025,1,5204.0,5705.0,502,502,1.2099999999999795,0.0505861903406501,9.316666666666666,1.3,False
2025|line=42|event=1078|date=20251121|station=50023,50023,20251121,2025,1,15458.0,15538.0,81,81,-1.840344122657541,0.068817218081133,46.45,-2.6,False
2025|line=42|event=1078|date=20251121|station=50023,50023,20251121,2025,2,15654.0,15723.0,70,70,-1.988545996592848,0.0401754677695866,46.45,-2.6,False
2025|line=42|event=1078|date=20251121|station=50023,50023,20251121,2025,3,15810.0,15900.0,91,91,-3.7009114139693216,0.0392354729485561,46.45,-2.6,False
2025|line=42|event=1078|date=20251121|station=50023,50023,20251121,2025,4,16062.0,16545.0,484,484,-2.039355195911412,0.1145574338835616,46.45,-2.6,False
2025|line=42|event=1078|date=20251121|station=50023,50023,20251121,2025,5,16739.0,17190.0,452,452,-1.8738509369676424,0.1423039267792145,46.45,-2.6,False
2025|line=42|event=1078|date=20251121|station=50023,50023,20251121,2025,6,17288.0,17358.0,71,71,-2.9729080068143503,0.0326071214567047,46.45,-2.6,False
2025|line=42|event=1078|date=20251121|station=50023,50023,20251121,2025,7,17397.0,17501.0,105,105,-3.916049403747877,0.041761435190896,46.45,-2.6,False
2025|line=42|event=1078|date=20251121|station=50023,50023,20251121,2025,8,17506.0,17790.0,285,285,-4.6156933560477,0.1759323429583214,46.45,-2.6,False
2025|line=42|event=1078|date=20251121|station=50023,50023,20251121,2025,9,17864.0,18092.0,229,229,-2.533444633730824,0.0836657429716889,46.45,-2.6,False
2025|line=42|event=1078|date=20251121|station=51105,51105,20251121,2025,1,15464.0,15539.0,76,76,0.9716345826235157,0.0445613747593662,46.45,1.3,False
2025|line=42|event=1078|date=20251121|station=51105,51105,20251121,2025,2,15649.0,15743.0,95,95,1.0652265758092057,0.048612062395678,46.45,1.3,False
2025|line=42|event=1078|date=20251121|station=51105,51105,20251121,2025,3,15816.0,15910.0,95,95,2.451344122657588,0.0778183351593234,46.45,1.3,False
2025|line=42|event=1078|date=20251121|station=51105,51105,20251121,2025,4,16047.0,16558.0,512,512,1.3906175468483897,0.2228890464175031,46.45,1.3,False
2025|line=42|event=1078|date=20251121|station=51105,51105,20251121,2025,5,16742.0,17209.0,468,468,0.9482649063032368,0.1536527415619046,46.45,1.3,False
2025|line=42|event=1078|date=20251121|station=51105,51105,20251121,2025,6,17224.0,17723.0,500,500,2.3947112436115887,0.418971732848182,46.45,1.3,False
2025|line=42|event=1078|date=20251121|station=51105,51105,20251121,2025,7,17767.0,18077.0,311,311,0.8897035775127762,0.2154538971629073,46.45,1.3,False
2025|line=42|event=1076|date=20251121|station=51224,51224,20251121,2025,1,5304.0,5703.0,400,400,-1.3300000000000125,0.1083680641349575,9.316666666666666,-1.1,False
2025|line=42|event=1078|date=20251121|station=51224,51224,20251121,2025,1,15444.0,15738.0,295,295,1.5168006814309931,0.1173446525269878,46.45,2.2,False
2025|line=42|event=1078|date=20251121|station=51224,51224,20251121,2025,2,15791.0,15910.0,120,120,2.6011601362861825,0.0716273978996708,46.45,2.2,False
2025|line=42|event=1078|date=20251121|station=51224,51224,20251121,2025,3,15983.0,16551.0,569,569,1.360006814310026,0.1667888825510025,46.45,2.2,False
2025|line=42|event=1078|date=20251121|station=51224,51224,20251121,2025,4,16631.0,18091.0,1461,1461,1.8119114139693124,0.3074016948347237,46.45,2.2,False
2025|line=42|event=1080|date=20251122|station=42005,42005,20251122,2025,1,5517.0,6132.0,616,616,4.32,0.1764196542683446,14.45,4.9,True
2025|line=42|event=1080|date=20251122|station=50008,50008,20251122,2025,1,5387.0,5995.0,609,609,0.9799999999999898,0.096741624136003,14.45,1.6,False
2025|line=42|event=1080|date=20251122|station=50023,50023,20251122,2025,1,5387.0,5923.0,537,537,0.6299999999999955,0.0579832417160785,14.45,1.3,False
2025|line=42|event=1080|date=20251122|station=51105,51105,20251122,2025,1,5463.0,6205.0,743,743,-0.6999999999999993,0.0757555824192393,14.45,-0.7,False
2025|line=42|event=1081|date=20251123|station=42005,42005,20251123,2025,1,4926.0,5287.0,362,362,4.659999999999999,0.0633866694707036,10.633333333333333,4.9,True
2025|line=42|event=1082|date=20251123|station=42005,42005,20251123,2025,1,9690.0,13199.0,3510,3510,-3.025535714285714,0.3615885631956492,69.23333333333333,-2.5,False
2025|line=42|event=1087|date=20251123|station=42005,42005,20251123,2025,1,64399.0,64544.0,146,146,-4.515,0.0319848742576193,6.116666666666666,-5.0,True
2025|line=42|event=1081|date=20251123|station=50008,50008,20251123,2025,1,4734.0,5312.0,579,579,1.4350000000000025,0.0701723230587381,10.633333333333333,1.6,False
2025|line=42|event=1082|date=20251123|station=50008,50008,20251123,2025,1,9491.0,13393.0,3903,3903,-1.5398979591836763,0.3064245056934032,69.23333333333333,-0.8,False
2025|line=42|event=1086|date=20251123|station=50008,50008,20251123,2025,1,32527.0,32589.0,63,63,-2.989999999999995,0.0480593570688135,2.4,-3.2,True
2025|line=42|event=1087|date=20251123|station=50008,50008,20251123,2025,1,64265.0,64553.0,289,289,-2.009999999999998,0.0528670328645078,6.116666666666666,-1.6,False
2025|line=42|event=1081|date=20251123|station=50023,50023,20251123,2025,1,4733.0,5312.0,580,580,1.3199999999999932,0.050025543498368,10.633333333333333,1.3,False
2025|line=42|event=1082|date=20251123|station=50023,50023,20251123,2025,1,10245.0,13199.0,2955,2955,-1.962433905380351,0.4225579445458802,69.23333333333333,-0.7,False
2025|line=42|event=1086|date=20251123|station=50023,50023,20251123,2025,1,32518.0,32587.0,70,70,-2.5,0.0362038198637719,2.4,-2.6,False
2025|line=42|event=1087|date=20251123|station=50023,50023,20251123,2025,1,64260.0,64548.0,289,289,-1.8199999999999927,0.0666758255675933,6.116666666666666,-1.3,False
2025|line=42|event=1081|date=20251123|station=51105,51105,20251123,2025,1,4743.0,5332.0,590,590,-0.6099999999999994,0.0803972149590113,10.633333333333333,-0.7,False
2025|line=42|event=1084|date=20251123|station=51105,51105,20251123,2025,1,26350.0,26416.0,67,67,1.220000000000006,0.0616042013896475,2.066666666666667,1.3,False
2025|line=42|event=1086|date=20251123|station=51105,51105,20251123,2025,1,32525.0,32605.0,81,81,1.1799999999999995,0.0316490461479316,2.4,1.3,False
2025|line=42|event=1087|date=20251123|station=51105,51105,20251123,2025,1,64276.0,64561.0,286,286,0.9849999999999994,0.079365288929443,6.116666666666666,0.7,False
2025|line=42|event=1081|date=20251123|station=51224,51224,20251123,2025,1,4721.0,5308.0,588,588,-0.6699999999999875,0.0857452998352813,10.633333333333333,-1.1,False
2025|line=42|event=1082|date=20251123|station=51224,51224,20251123,2025,1,9371.0,10000.0,630,630,0.9080641233766188,0.1110614832525856,69.23333333333333,0.5,False
2025|line=42|event=1082|date=20251123|station=51224,51224,20251123,2025,2,10009.0,10280.0,272,272,0.5994683441558379,0.0903700896358308,69.23333333333333,0.5,False
2025|line=42|event=1082|date=20251123|station=51224,51224,20251123,2025,3,10292.0,13500.0,3209,3209,-0.4164042207792136,0.33826728952405,69.23333333333333,0.5,False
2025|line=42|event=1084|date=20251123|station=51224,51224,20251123,2025,1,26326.0,26397.0,72,72,1.7800000000000011,0.0757518942829966,2.066666666666667,2.1,False
2025|line=42|event=1086|date=20251123|station=51224,51224,20251123,2025,1,32493.0,32587.0,95,95,1.9749999999999943,0.0650387454737658,2.4,2.1,False
2025|line=42|event=1087|date=20251123|station=51224,51224,20251123,2025,1,64229.0,64537.0,309,309,0.7199999999999989,0.0473549669714442,6.116666666666666,1.1,False
2025|line=42|event=1088|date=20251124|station=42005,42005,20251124,2025,1,4912.0,5098.0,187,187,4.95,0.0388302544349625,7.4,4.9,True
2025|line=42|event=1091|date=20251124|station=42005,42005,20251124,2025,1,25629.0,26002.0,374,374,2.97,0.071996381399621,13.116666666666667,2.5,False
2025|line=42|event=1092|date=20251124|station=42005,42005,20251124,2025,1,26942.0,27634.0,693,693,3.01,0.0879659294093079,17.95,2.5,False
2025|line=42|event=1093|date=20251124|station=42005,42005,20251124,2025,1,28734.0,29577.0,844,844,3.42,0.097864815520654,21.216666666666665,2.5,False
2025|line=42|event=1094|date=20251124|station=42005,42005,20251124,2025,1,38034.0,38255.0,222,222,-9.392910973997356,0.0956720348018884,34.266666666666666,-9.9,True
2025|line=42|event=1094|date=20251124|station=42005,42005,20251124,2025,2,38272.0,38714.0,443,443,-9.54073159982371,0.1494192291658268,34.266666666666666,-9.9,True
2025|line=42|event=1094|date=20251124|station=42005,42005,20251124,2025,3,38747.0,39712.0,966,966,-7.794920669898634,0.2079126643866159,34.266666666666666,-9.9,True
2025|line=42|event=1095|date=20251124|station=42005,42005,20251124,2025,1,40712.0,42156.0,1445,1445,8.36095431472081,0.4140437393870208,30.15,9.9,True
2025|line=42|event=1098|date=20251124|station=42005,42005,20251124,2025,1,61284.0,61596.0,313,313,-9.84,0.0684854270183037,9.7,-9.9,True
2025|line=42|event=1088|date=20251124|station=50008,50008,20251124,2025,1,4750.0,5113.0,364,364,1.9500000000000028,0.0837829951491277,7.4,1.6,False
2025|line=42|event=1089|date=20251124|station=50008,50008,20251124,2025,1,11830.0,11912.0,83,83,-3.86,0.0644676438390759,3.866666666666666,-3.2,True
2025|line=42|event=1090|date=20251124|station=50008,50008,20251124,2025,1,23453.0,23517.0,65,65,3.635000000000005,0.0642098490909279,2.433333333333333,3.1,True
2025|line=42|event=1091|date=20251124|station=50008,50008,20251124,2025,1,25387.0,26007.0,621,621,0.6999999999999957,0.1195233449865369,13.116666666666667,0.8,False
2025|line=42|event=1092|date=20251124|station=50008,50008,20251124,2025,1,26842.0,27668.0,827,827,1.5150000000000006,0.1024802094200247,17.95,0.8,False
2025|line=42|event=1093|date=20251124|station=50008,50008,20251124,2025,1,29227.0,29569.0,343,343,2.660000000000004,0.1320782791138266,21.216666666666665,0.8,False
2025|line=42|event=1094|date=20251124|station=50008,50008,20251124,2025,1,37815.0,38031.0,217,217,-4.236478624944908,0.0985963342794482,34.266666666666666,-3.2,True
2025|line=42|event=1094|date=20251124|station=50008,50008,20251124,2025,2,38049.0,38313.0,265,265,-3.759017188188629,0.1571314308743914,34.266666666666666,-3.2,True
2025|line=42|event=1094|date=20251124|station=50008,50008,20251124,2025,3,38333.0,38636.0,304,304,-3.252584839136184,0.14265029975686,34.266666666666666,-3.2,True
2025|line=42|event=1094|date=20251124|station=50008,50008,20251124,2025,4,38701.0,38768.0,68,68,-1.8481842221242888,0.0578935037192661,34.266666666666666,-3.2,True
2025|line=42|event=1094|date=20251124|station=50008,50008,20251124,2025,5,38781.0,39341.0,561,561,-2.372327016306748,0.1892775560103638,34.266666666666666,-3.2,True
2025|line=42|event=1094|date=20251124|station=50008,50008,20251124,2025,6,39350.0,39796.0,447,447,-3.3164345526663723,0.1066482073362161,34.266666666666666,-3.2,True
2025|line=42|event=1095|date=20251124|station=50008,50008,20251124,2025,1,40528.0,41258.0,731,731,3.3706979695431443,0.1564338955214226,30.15,3.2,True
2025|line=42|event=1095|date=20251124|station=50008,50008,20251124,2025,2,41283.0,41626.0,344,344,2.912341370558366,0.0864980856831878,30.15,3.2,True
2025|line=42|event=1095|date=20251124|station=50008,50008,20251124,2025,3,41716.0,42261.0,546,546,3.253864213197972,0.1354249474892002,30.15,3.2,True
2025|line=42|event=1098|date=20251124|station=50008,50008,20251124,2025,1,61101.0,61612.0,512,512,-2.389999999999993,0.1402368702329489,9.7,-3.1,True
2025|line=42|event=1088|date=20251124|station=50023,50023,20251124,2025,1,4811.0,5107.0,297,297,1.990000000000009,0.0661405869270256,7.4,1.3,False
2025|line=42|event=1089|date=20251124|station=50023,50023,20251124,2025,1,11814.0,11910.0,97,97,-3.6000000000000227,0.084557772986641,3.866666666666666,-2.6,False
2025|line=42|event=1090|date=20251124|station=50023,50023,20251124,2025,1,23440.0,23516.0,77,77,2.8100000000000023,0.0337952206649534,2.433333333333333,2.6,False
2025|line=42|event=1091|date=20251124|station=50023,50023,20251124,2025,1,25379.0,25992.0,614,614,0.4700000000000273,0.0806453643063404,13.116666666666667,0.7,False
2025|line=42|event=1092|date=20251124|station=50023,50023,20251124,2025,1,26762.0,27676.0,915,915,1.150000000000034,0.1515370922151202,17.95,0.7,False
2025|line=42|event=1094|date=20251124|station=50023,50023,20251124,2025,1,37811.0,38005.0,195,195,-3.415685323931257,0.1051632768558909,34.266666666666666,-2.6,False
2025|line=42|event=1094|date=20251124|station=50023,50023,20251124,2025,2,38008.0,38268.0,261,261,-2.727188188629327,0.200354059839996,34.266666666666666,-2.6,False
2025|line=42|event=1094|date=20251124|station=50023,50023,20251124,2025,3,38332.0,38551.0,220,220,-2.114323490524441,0.1243514810841565,34.266666666666666,-2.6,False
2025|line=42|event=1094|date=20251124|station=50023,50023,20251124,2025,4,38660.0,38913.0,254,254,-0.7815777875716208,0.1045305649264298,34.266666666666666,-2.6,False
2025|line=42|event=1094|date=20251124|station=50023,50023,20251124,2025,5,38915.0,39282.0,368,368,-1.6928338475099167,0.1981060122693261,34.266666666666666,-2.6,False
2025|line=42|event=1094|date=20251124|station=50023,50023,20251124,2025,6,39325.0,39795.0,471,471,-2.686566769501951,0.0795455683588681,34.266666666666666,-2.6,False
2025|line=42|event=1095|date=20251124|station=50023,50023,20251124,2025,1,40522.0,41202.0,681,681,2.7521319796954344,0.1727578641922581,30.15,2.6,False
2025|line=42|event=1095|date=20251124|station=50023,50023,20251124,2025,2,41238.0,42260.0,1023,1023,2.34332994923858,0.2033907549972288,30.15,2.6,False
2025|line=42|event=1098|date=20251124|station=50023,50023,20251124,2025,1,61093.0,61181.0,89,89,-2.1299999999999955,0.0324841472453912,9.7,-2.6,False
2025|line=42|event=1098|date=20251124|station=50023,50023,20251124,2025,2,61186.0,61564.0,379,379,-1.3700000000000043,0.1203456386137955,9.7,-2.6,False
2025|line=42|event=1088|date=20251124|station=51020,51020,20251124,2025,1,4958.0,5135.0,178,178,-1.0399999999999991,0.0471530954337525,7.4,-0.4,False
2025|line=42|event=1090|date=20251124|station=51020,51020,20251124,2025,1,23484.0,23588.0,105,105,-1.4499999999999955,0.0791134040005104,2.433333333333333,-0.8,False
2025|line=42|event=1094|date=20251124|station=51020,51020,20251124,2025,1,37879.0,38482.0,604,604,1.5875650066108378,0.1707691918614239,34.266666666666666,0.8,False
2025|line=42|event=1094|date=20251124|station=51020,51020,20251124,2025,2,38864.0,39813.0,950,950,-0.37537020713971,0.3834645334456407,34.266666666666666,0.8,False
2025|line=42|event=1095|date=20251124|station=51020,51020,20251124,2025,1,40844.0,41981.0,1138,1138,-2.4030164974619304,0.2283950898529394,30.15,-0.8,False
2025|line=42|event=1088|date=20251124|station=51105,51105,20251124,2025,1,4859.0,5125.0,267,267,-0.9599999999999972,0.072247328609617,7.4,-0.7,False
2025|line=42|event=1089|date=20251124|station=51105,51105,20251124,2025,1,11767.0,11925.0,159,159,1.2100000000000009,0.0860415265246877,3.866666666666666,1.3,False
2025|line=42|event=1094|date=20251124|station=51105,51105,20251124,2025,1,37801.0,37990.0,190,190,1.0395284266196612,0.0966639811259685,34.266666666666666,1.3,False
2025|line=42|event=1094|date=20251124|station=51105,51105,20251124,2025,2,37992.0,38276.0,285,285,0.6997840458351732,0.1726795743021902,34.266666666666666,1.3,False
2025|line=42|event=1094|date=20251124|station=51105,51105,20251124,2025,3,38322.0,38617.0,296,296,0.40717717055972,0.1588522143102036,34.266666666666666,1.3,False
2025|line=42|event=1094|date=20251124|station=51105,51105,20251124,2025,4,38759.0,38853.0,95,95,0.1545923314235366,0.0437328253552834,34.266666666666666,1.3,False
2025|line=42|event=1094|date=20251124|station=51105,51105,20251124,2025,5,38906.0,39296.0,391,391,1.041092992507714,0.2104991175994076,34.266666666666666,1.3,False
2025|line=42|event=1094|date=20251124|station=51105,51105,20251124,2025,6,39316.0,39812.0,497,497,1.1712957249889795,0.1252399108913988,34.266666666666666,1.3,False
2025|line=42|event=1095|date=20251124|station=51105,51105,20251124,2025,1,40516.0,41214.0,699,699,-0.6082944162436519,0.1435895512128192,30.15,-1.3,False
2025|line=42|event=1095|date=20251124|station=51105,51105,20251124,2025,2,41256.0,41614.0,359,359,-0.0846395939086264,0.1423650272238167,30.15,-1.3,False
2025|line=42|event=1095|date=20251124|station=51105,51105,20251124,2025,3,41625.0,42285.0,661,661,-0.656568527918779,0.1813751047529345,30.15,-1.3,False
2025|line=42|event=1088|date=20251124|station=51224,51224,20251124,2025,1,4712.0,5106.0,395,395,-1.0400000000000205,0.0991180119432653,7.4,-1.1,False
2025|line=42|event=1089|date=20251124|station=51224,51224,20251124,2025,1,11730.0,11912.0,183,183,1.3700000000000043,0.078184465319667,3.866666666666666,2.1,False
2025|line=42|event=1090|date=20251124|station=51224,51224,20251124,2025,1,23423.0,23516.0,94,94,-1.880000000000024,0.0650903367288578,2.433333333333333,-2.1,False
2025|line=42|event=1091|date=20251124|station=51224,51224,20251124,2025,1,25515.0,25964.0,450,450,-0.7800000000000011,0.0792492405367691,13.116666666666667,-0.5,False
2025|line=42|event=1092|date=20251124|station=51224,51224,20251124,2025,1,26691.0,27653.0,963,963,-0.7349999999999852,0.1297510817584613,17.95,-0.5,False
2025|line=42|event=1094|date=20251124|station=51224,51224,20251124,2025,1,37791.0,38671.0,881,881,1.6924790656676976,0.2010878842414021,34.266666666666666,2.1,False
2025|line=42|event=1094|date=20251124|station=51224,51224,20251124,2025,2,38706.0,39795.0,1090,1090,1.5079825914499736,0.2154728600955197,34.266666666666666,2.1,False
2025|line=42|event=1095|date=20251124|station=51224,51224,20251124,2025,1,40504.0,42084.0,1581,1581,-2.230055837563441,0.1496660185158755,30.15,-2.1,False
2025|line=42|event=1095|date=20251124|station=51224,51224,20251124,2025,2,42104.0,42259.0,156,156,-2.2228159898477315,0.1326576753719851,30.15,-2.1,False
2025|line=42|event=1098|date=20251124|station=51224,51224,20251124,2025,1,61079.0,61509.0,431,431,1.170000000000016,0.0666031084517451,9.7,2.1,False
2025|line=42|event=1100|date=20251125|station=42005,42005,20251125,2025,1,4679.0,4865.0,187,187,4.205,0.079167108287236,6.5,4.9,True
2025|line=42|event=1102|date=20251125|station=42005,42005,20251125,2025,1,13503.0,14056.0,554,554,-10.06603306185767,0.1687458082342868,83.33333333333333,-9.9,True
2025|line=42|event=1102|date=20251125|station=42005,42005,20251125,2025,2,14102.0,14343.0,242,242,-10.52758822959085,0.1027532262674525,83.33333333333333,-9.9,True
2025|line=42|event=1102|date=20251125|station=42005,42005,20251125,2025,3,14369.0,14485.0,117,117,-10.198650378126818,0.0533429453741286,83.33333333333333,-9.9,True
2025|line=42|event=1102|date=20251125|station=42005,42005,20251125,2025,4,14506.0,15026.0,521,521,-9.644005235602094,0.082177807256334,83.33333333333333,-9.9,True
2025|line=42|event=1102|date=20251125|station=42005,42005,20251125,2025,5,15045.0,15204.0,160,160,-8.943960151250728,0.0918004872779486,83.33333333333333,-9.9,True
2025|line=42|event=1102|date=20251125|station=42005,42005,20251125,2025,6,15226.0,15387.0,162,162,-8.898560694202057,0.1060899654382605,83.33333333333333,-9.9,True
2025|line=42|event=1102|date=20251125|station=42005,42005,20251125,2025,7,15411.0,17763.0,2353,2353,-8.078964514252473,0.2174330260965401,83.33333333333333,-9.9,True
2025|line=42|event=1105|date=20251125|station=42005,42005,20251125,2025,1,32039.0,32258.0,220,220,-8.063550339847069,0.0867627484667283,36.68333333333333,-10.0,True
2025|line=42|event=1105|date=20251125|station=42005,42005,20251125,2025,2,32392.0,33132.0,741,741,-7.722039082412914,0.1521776038951124,36.68333333333333,-10.0,True
2025|line=42|event=1105|date=20251125|station=42005,42005,20251125,2025,3,33143.0,33257.0,115,115,-7.348661852166526,0.0800982758803483,36.68333333333333,-10.0,True
2025|line=42|event=1105|date=20251125|station=42005,42005,20251125,2025,4,33276.0,33726.0,451,451,-6.062916312659303,0.1184835956224696,36.68333333333333,-10.0,True
2025|line=42|event=1105|date=20251125|station=42005,42005,20251125,2025,5,33746.0,33848.0,103,103,-5.890223024638912,0.0487784504816094,36.68333333333333,-10.0,True
2025|line=42|event=1106|date=20251125|station=42005,42005,20251125,2025,1,34406.0,34512.0,107,107,-5.666514925373134,0.048852375685879,64.31666666666666,-9.9,True
2025|line=42|event=1106|date=20251125|station=42005,42005,20251125,2025,2,34546.0,35946.0,1401,1401,-7.891824626865671,0.3871150175897236,64.31666666666666,-9.9,True
2025|line=42|event=1106|date=20251125|station=42005,42005,20251125,2025,3,35964.0,36313.0,350,350,-6.955565298507462,0.1589677686046783,64.31666666666666,-9.9,True
2025|line=42|event=1106|date=20251125|station=42005,42005,20251125,2025,4,36323.0,37991.0,1669,1669,-5.207716417910447,0.3135415583885554,64.31666666666666,-9.9,True
2025|line=42|event=1107|date=20251125|station=42005,42005,20251125,2025,1,39302.0,40198.0,897,897,-8.81,0.2025917331263356,19.216666666666665,-9.9,True
2025|line=42|event=1108|date=20251125|station=42005,42005,20251125,2025,1,41799.0,42886.0,1088,1088,-9.308444733112896,0.3726227304671352,32.75,-10.0,True
2025|line=42|event=1108|date=20251125|station=42005,42005,20251125,2025,2,42951.0,43118.0,168,168,-7.609035191308456,0.0834048088157401,32.75,-10.0,True
2025|line=42|event=1108|date=20251125|station=42005,42005,20251125,2025,3,43137.0,43240.0,104,104,-6.993357345299954,0.0525232913784658,32.75,-10.0,True
2025|line=42|event=1100|date=20251125|station=50008,50008,20251125,2025,1,4544.0,4873.0,330,330,1.509999999999998,0.1624708862768425,6.5,1.6,False
2025|line=42|event=1102|date=20251125|station=50008,50008,20251125,2025,1,13142.0,13470.0,329,329,-3.129617994958309,0.0813023710893831,83.33333333333333,-3.2,True
2025|line=42|event=1102|date=20251125|station=50008,50008,20251125,2025,2,13532.0,13852.0,321,321,-2.831355439208842,0.0873915351001792,83.33333333333333,-3.2,True
2025|line=42|event=1102|date=20251125|station=50008,50008,20251125,2025,3,13872.0,13953.0,82,82,-3.3537987201861483,0.0514789792426968,83.33333333333333,-3.2,True
2025|line=42|event=1102|date=20251125|station=50008,50008,20251125,2025,4,14121.0,14369.0,249,249,-3.561927477215434,0.0923877110783215,83.33333333333333,-3.2,True
2025|line=42|event=1102|date=20251125|station=50008,50008,20251125,2025,5,14402.0,14517.0,116,116,-3.4862090362613927,0.0762023273235489,83.33333333333333,-3.2,True
2025|line=42|event=1102|date=20251125|station=50008,50008,20251125,2025,6,14557.0,15009.0,453,453,-3.897095210393637,0.1467458889309183,83.33333333333333,-3.2,True
2025|line=42|event=1102|date=20251125|station=50008,50008,20251125,2025,7,15034.0,15152.0,119,119,-2.86211751018034,0.0739767947471408,83.33333333333333,-3.2,True
2025|line=42|event=1102|date=20251125|station=50008,50008,20251125,2025,8,15164.0,15360.0,197,197,-3.380339344580186,0.1302712219742041,83.33333333333333,-3.2,True
2025|line=42|event=1102|date=20251125|station=50008,50008,20251125,2025,9,15399.0,15528.0,130,130,-3.5886038394415323,0.0735762763602516,83.33333333333333,-3.2,True
2025|line=42|event=1102|date=20251125|station=50008,50008,20251125,2025,10,15542.0,16226.0,685,685,-2.909771184797364,0.1492664112962612,83.33333333333333,-3.2,True
2025|line=42|event=1102|date=20251125|station=50008,50008,20251125,2025,11,16232.0,17166.0,935,935,-2.2900717471398053,0.2362116658796628,83.33333333333333,-3.2,True
2025|line=42|event=1102|date=20251125|station=50008,50008,20251125,2025,12,17201.0,17677.0,477,477,-2.9633507853403174,0.1535263492448904,83.33333333333333,-3.2,True
2025|line=42|event=1102|date=20251125|station=50008,50008,20251125,2025,13,17713.0,17922.0,210,210,-1.682386077176659,0.0852371821868316,83.33333333333333,-3.2,True
2025|line=42|event=1102|date=20251125|station=50008,50008,20251125,2025,14,17995.0,18061.0,67,67,-3.202893154935033,0.0503497103243274,83.33333333333333,-3.2,True
2025|line=42|event=1105|date=20251125|station=50008,50008,20251125,2025,1,31832.0,32157.0,326,326,-2.7293638487680525,0.1728378740722662,36.68333333333333,-3.2,True
2025|line=42|event=1105|date=20251125|station=50008,50008,20251125,2025,2,32204.0,32310.0,107,107,-3.14639549702634,0.0835720724098186,36.68333333333333,-3.2,True
2025|line=42|event=1105|date=20251125|station=50008,50008,20251125,2025,3,32367.0,32430.0,64,64,-1.9878430331350856,0.0487591823265041,36.68333333333333,-3.2,True
2025|line=42|event=1105|date=20251125|station=50008,50008,20251125,2025,4,32465.0,33057.0,593,593,-2.824696261682241,0.1395384957054369,36.68333333333333,-3.2,True
2025|line=42|event=1105|date=20251125|station=50008,50008,20251125,2025,5,33334.0,33946.0,613,613,-3.247327952421408,0.1929036417430155,36.68333333333333,-3.2,True
2025|line=42|event=1106|date=20251125|station=50008,50008,20251125,2025,1,34278.0,34486.0,209,209,-4.015802238805968,0.0981247946576829,64.31666666666666,-3.2,True
2025|line=42|event=1106|date=20251125|station=50008,50008,20251125,2025,2,34523.0,35650.0,1128,1128,-5.160581467661686,0.4290696822239227,64.31666666666666,-3.2,True
2025|line=42|event=1106|date=20251125|station=50008,50008,20251125,2025,3,35942.0,36043.0,102,102,-1.0368128109452783,0.0568757649267327,64.31666666666666,-3.2,True
2025|line=42|event=1106|date=20251125|station=50008,50008,20251125,2025,4,36071.0,36180.0,110,110,-0.5305752487562216,0.0993030942319534,64.31666666666666,-3.2,True
2025|line=42|event=1106|date=20251125|station=50008,50008,20251125,2025,5,36198.0,38054.0,1857,1857,-1.6950062189054762,0.2620995434932997,64.31666666666666,-3.2,True
2025|line=42|event=1107|date=20251125|station=50008,50008,20251125,2025,1,39160.0,39258.0,99,99,-2.740000000000002,0.076236524220423,19.216666666666665,-3.2,True
2025|line=42|event=1107|date=20251125|station=50008,50008,20251125,2025,2,39343.0,40035.0,693,693,-1.4399999999999975,0.1262767981805941,19.216666666666665,-3.2,True
2025|line=42|event=1108|date=20251125|station=50008,50008,20251125,2025,1,41577.0,42149.0,573,573,-3.8574563060935247,0.1171950506433514,32.75,-3.2,True
2025|line=42|event=1108|date=20251125|station=50008,50008,20251125,2025,2,42173.0,42322.0,150,150,-3.355976617855454,0.0639338378684996,32.75,-3.2,True
2025|line=42|event=1108|date=20251125|station=50008,50008,20251125,2025,3,42328.0,42619.0,292,292,-2.4523110533774286,0.0900403762436493,32.75,-3.2,True
2025|line=42|event=1108|date=20251125|station=50008,50008,20251125,2025,4,42726.0,43091.0,366,366,-1.442379546528116,0.1137435990538248,32.75,-3.2,True
2025|line=42|event=1108|date=20251125|station=50008,50008,20251125,2025,5,43133.0,43463.0,331,331,-1.7334293811998125,0.1355527933856735,32.75,-3.2,True
2025|line=42|event=1100|date=20251125|station=50023,50023,20251125,2025,1,4538.0,4869.0,332,332,1.160000000000025,0.1893917738206949,6.5,1.3,False
2025|line=42|event=1102|date=20251125|station=50023,50023,20251125,2025,1,13147.0,13450.0,304,304,-2.7263408958696687,0.0781202896913798,83.33333333333333,-2.6,False
2025|line=42|event=1102|date=20251125|station=50023,50023,20251125,2025,2,13523.0,13615.0,93,93,-1.6082198952879023,0.1094528421871169,83.33333333333333,-2.6,False
2025|line=42|event=1102|date=20251125|station=50023,50023,20251125,2025,3,13618.0,14012.0,395,395,-2.158080279232081,0.2185722993478909,83.33333333333333,-2.6,False
2025|line=42|event=1102|date=20251125|station=50023,50023,20251125,2025,4,14099.0,14349.0,251,251,-2.7048400232692984,0.0785835503258291,83.33333333333333,-2.6,False
2025|line=42|event=1102|date=20251125|station=50023,50023,20251125,2025,5,14374.0,14516.0,143,143,-2.8528446771378526,0.1067771609198761,83.33333333333333,-2.6,False
2025|line=42|event=1102|date=20251125|station=50023,50023,20251125,2025,6,14565.0,14968.0,404,404,-3.5281093659103817,0.168901943687112,83.33333333333333,-2.6,False
2025|line=42|event=1102|date=20251125|station=50023,50023,20251125,2025,7,15014.0,15129.0,116,116,-1.748749272833038,0.0714693686844991,83.33333333333333,-2.6,False
2025|line=42|event=1102|date=20251125|station=50023,50023,20251125,2025,8,15369.0,15512.0,144,144,-2.768539848749242,0.0495028197566287,83.33333333333333,-2.6,False
2025|line=42|event=1102|date=20251125|station=50023,50023,20251125,2025,9,15516.0,15708.0,193,193,-2.072670157068046,0.0726159450944577,83.33333333333333,-2.6,False
2025|line=42|event=1102|date=20251125|station=50023,50023,20251125,2025,10,15825.0,16055.0,231,231,-2.055817335660265,0.0993868657749845,83.33333333333333,-2.6,False
2025|line=42|event=1102|date=20251125|station=50023,50023,20251125,2025,11,16075.0,16993.0,919,919,-1.7023094822571352,0.3797647412772805,83.33333333333333,-2.6,False
2025|line=42|event=1102|date=20251125|station=50023,50023,20251125,2025,12,16998.0,17130.0,133,133,-2.679650959860396,0.0534064050701626,83.33333333333333,-2.6,False
2025|line=42|event=1102|date=20251125|station=50023,50023,20251125,2025,13,17133.0,17426.0,294,294,-3.4894473531123253,0.1949720568607551,83.33333333333333,-2.6,False
2025|line=42|event=1102|date=20251125|station=50023,50023,20251125,2025,14,17444.0,17660.0,217,217,-2.160674810936598,0.0589698128217161,83.33333333333333,-2.6,False
2025|line=42|event=1102|date=20251125|station=50023,50023,20251125,2025,15,17675.0,17871.0,197,197,-1.4586794648051296,0.124646665435071,83.33333333333333,-2.6,False
2025|line=42|event=1102|date=20251125|station=50023,50023,20251125,2025,16,17971.0,18059.0,89,89,-3.369842931937228,0.0535164866051856,83.33333333333333,-2.6,False
2025|line=42|event=1105|date=20251125|station=50023,50023,20251125,2025,1,31826.0,31995.0,170,170,-2.4731966864910646,0.1153493119374617,36.68333333333333,-2.6,False
2025|line=42|event=1105|date=20251125|station=50023,50023,20251125,2025,2,32010.0,32119.0,110,110,-1.720112574341556,0.1115986171230162,36.68333333333333,-2.6,False
2025|line=42|event=1105|date=20251125|station=50023,50023,20251125,2025,3,32184.0,32273.0,90,90,-3.051633389974484,0.0691214608568835,36.68333333333333,-2.6,False
2025|line=42|event=1105|date=20251125|station=50023,50023,20251125,2025,4,32448.0,33026.0,579,579,-2.467293967714511,0.117671373408162,36.68333333333333,-2.6,False
2025|line=42|event=1105|date=20251125|station=50023,50023,20251125,2025,5,33221.0,33311.0,91,91,-1.58189464740866,0.0719425460475068,36.68333333333333,-2.6,False
2025|line=42|event=1105|date=20251125|station=50023,50023,20251125,2025,6,33339.0,33944.0,606,606,-2.819309685641485,0.2128795921720148,36.68333333333333,-2.6,False
2025|line=42|event=1106|date=20251125|station=50023,50023,20251125,2025,1,34269.0,34647.0,379,379,-4.217170398009955,0.0963634512129953,64.31666666666666,-2.6,False
2025|line=42|event=1106|date=20251125|station=50023,50023,20251125,2025,2,34659.0,35310.0,652,652,-5.2640640547263615,0.1204297138126278,64.31666666666666,-2.6,False
2025|line=42|event=1106|date=20251125|station=50023,50023,20251125,2025,3,35323.0,35618.0,296,296,-3.4335043532337863,0.073532497327191,64.31666666666666,-2.6,False
2025|line=42|event=1106|date=20251125|station=50023,50023,20251125,2025,4,35912.0,36142.0,231,231,0.949266169154214,0.1014555171624304,64.31666666666666,-2.6,False
2025|line=42|event=1106|date=20251125|station=50023,50023,20251125,2025,5,36175.0,38053.0,1879,1879,-0.9475684079602048,0.3597975181928771,64.31666666666666,-2.6,False
2025|line=42|event=1107|date=20251125|station=50023,50023,20251125,2025,1,39147.0,39215.0,69,69,-2.3350000000000364,0.0269110332479024,19.216666666666665,-2.6,False
2025|line=42|event=1107|date=20251125|station=50023,50023,20251125,2025,2,39317.0,39979.0,663,663,-0.5250000000000341,0.0860106692087524,19.216666666666665,-2.6,False
2025|line=42|event=1108|date=20251125|station=50023,50023,20251125,2025,1,41565.0,42011.0,447,447,-2.957671232876692,0.0961386237272194,32.75,-2.6,False
2025|line=42|event=1108|date=20251125|station=50023,50023,20251125,2025,2,42039.0,42107.0,69,69,-2.7565753424657373,0.0550305861585911,32.75,-2.6,False
2025|line=42|event=1108|date=20251125|station=50023,50023,20251125,2025,3,42205.0,42269.0,65,65,-1.8508219178082184,0.0397075917881677,32.75,-2.6,False
2025|line=42|event=1108|date=20251125|station=50023,50023,20251125,2025,4,42352.0,42457.0,106,106,-0.9456164383561828,0.0448487063419012,32.75,-2.6,False
2025|line=42|event=1108|date=20251125|station=50023,50023,20251125,2025,5,42494.0,42587.0,94,94,-0.340479452054808,0.0574066399933965,32.75,-2.6,False
2025|line=42|event=1108|date=20251125|station=50023,50023,20251125,2025,6,42632.0,43057.0,426,426,0.2583561643834855,0.2100857222770862,32.75,-2.6,False
2025|line=42|event=1108|date=20251125|station=50023,50023,20251125,2025,7,43100.0,43323.0,224,224,-0.1576712328767371,0.078017736181291,32.75,-2.6,False
2025|line=42|event=1108|date=20251125|station=50023,50023,20251125,2025,8,43334.0,43461.0,128,128,-1.498219178082195,0.0569855939579456,32.75,-2.6,False
2025|line=42|event=1105|date=20251125|station=51020,51020,20251125,2025,1,31940.0,32157.0,218,218,1.5257858963466404,0.1662163098168988,36.68333333333333,0.8,False
2025|line=42|event=1105|date=20251125|station=51020,51020,20251125,2025,2,32172.0,32290.0,119,119,0.7878759558198816,0.0950843005038322,36.68333333333333,0.8,False
2025|line=42|event=1105|date=20251125|station=51020,51020,20251125,2025,3,32328.0,32694.0,367,367,1.1250552251486816,0.2374920826900725,36.68333333333333,0.8,False
2025|line=42|event=1105|date=20251125|station=51020,51020,20251125,2025,4,33158.0,33882.0,725,725,1.4707476635514034,0.2240599966810624,36.68333333333333,0.8,False
2025|line=42|event=1108|date=20251125|station=51020,51020,20251125,2025,1,41687.0,41948.0,262,262,2.3920453471894163,0.1310301607246972,32.75,0.8,False
2025|line=42|event=1108|date=20251125|station=51020,51020,20251125,2025,2,42014.0,42085.0,72,72,3.552867264997637,0.0491274432902906,32.75,0.8,False
2025|line=42|event=1108|date=20251125|station=51020,51020,20251125,2025,3,42384.0,42755.0,372,372,5.066088804912614,0.1809145037163309,32.75,0.8,False
2025|line=42|event=1108|date=20251125|station=51020,51020,20251125,2025,4,43037.0,43182.0,146,146,1.615588096362778,0.0572052621146405,32.75,0.8,False
2025|line=42|event=1102|date=20251125|station=51105,51105,20251125,2025,1,13149.0,13454.0,306,306,1.020707775838659,0.1030791502742687,83.33333333333333,1.3,False
2025|line=42|event=1102|date=20251125|station=51105,51105,20251125,2025,2,13519.0,13943.0,425,425,-0.4726003490401425,0.1617598369459426,83.33333333333333,1.3,False
2025|line=42|event=1102|date=20251125|station=51105,51105,20251125,2025,3,13978.0,14068.0,91,91,-0.4620438239286386,0.1372553327655299,83.33333333333333,1.3,False
2025|line=42|event=1102|date=20251125|station=51105,51105,20251125,2025,4,14113.0,14370.0,258,258,-1.664076013185955,0.1482628596133611,83.33333333333333,1.3,False
2025|line=42|event=1102|date=20251125|station=51105,51105,20251125,2025,5,14388.0,15150.0,763,763,-1.157265852239675,0.2738643159835829,83.33333333333333,1.3,False
2025|line=42|event=1102|date=20251125|station=51105,51105,20251125,2025,6,15279.0,15350.0,72,72,-2.2522707000193947,0.0417133982906166,83.33333333333333,1.3,False
2025|line=42|event=1102|date=20251125|station=51105,51105,20251125,2025,7,15434.0,15507.0,74,74,-2.558000775644757,0.0364554389548182,83.33333333333333,1.3,False
2025|line=42|event=1102|date=20251125|station=51105,51105,20251125,2025,8,15589.0,15722.0,134,134,-2.596655031995347,0.0678196383606083,83.33333333333333,1.3,False
2025|line=42|event=1102|date=20251125|station=51105,51105,20251125,2025,9,15759.0,16068.0,310,310,-2.242670157068062,0.1586679153788411,83.33333333333333,1.3,False
2025|line=42|event=1102|date=20251125|station=51105,51105,20251125,2025,10,16073.0,17063.0,991,991,-1.818665891021908,0.3274939673171162,83.33333333333333,1.3,False
2025|line=42|event=1102|date=20251125|station=51105,51105,20251125,2025,11,17100.0,17889.0,790,790,0.4429115764979627,0.2254681181385499,83.33333333333333,1.3,False
2025|line=42|event=1102|date=20251125|station=51105,51105,20251125,2025,12,17956.0,18081.0,126,126,1.4050746558076384,0.0596074522538295,83.33333333333333,1.3,False
2025|line=42|event=1105|date=20251125|station=51105,51105,20251125,2025,1,31862.0,32107.0,246,246,0.7713551401869161,0.1386907842465582,36.68333333333333,1.3,False
2025|line=42|event=1105|date=20251125|station=51105,51105,20251125,2025,2,32200.0,32272.0,73,73,2.0628037383177578,0.0481443406045996,36.68333333333333,1.3,False
2025|line=42|event=1105|date=20251125|station=51105,51105,20251125,2025,3,32446.0,33013.0,568,568,1.4254672897196272,0.0909645720719424,36.68333333333333,1.3,False
2025|line=42|event=1105|date=20251125|station=51105,51105,20251125,2025,4,33315.0,33946.0,632,632,1.1092056074766354,0.1496064857057464,36.68333333333333,1.3,False
2025|line=42|event=1106|date=20251125|station=51105,51105,20251125,2025,1,34264.0,34776.0,513,513,2.3197388059701503,0.1194045565771122,64.31666666666666,1.3,False
2025|line=42|event=1106|date=20251125|station=51105,51105,20251125,2025,2,34817.0,35669.0,853,853,1.7919552238805956,0.2276264095524847,64.31666666666666,1.3,False
2025|line=42|event=1106|date=20251125|station=51105,51105,20251125,2025,3,35679.0,35874.0,196,196,-0.0019763681592053,0.050624504046449,64.31666666666666,1.3,False
2025|line=42|event=1106|date=20251125|station=51105,51105,20251125,2025,4,35910.0,36075.0,166,166,-1.1288868159203955,0.0929187724563204,64.31666666666666,1.3,False
2025|line=42|event=1106|date=20251125|station=51105,51105,20251125,2025,5,36083.0,38078.0,1996,1996,-0.0033246268656696,0.2169485569103419,64.31666666666666,1.3,False
2025|line=42|event=1107|date=20251125|station=51105,51105,20251125,2025,1,39153.0,40029.0,877,877,1.2600000000000016,0.1773830260895775,19.216666666666665,1.3,False
2025|line=42|event=1108|date=20251125|station=51105,51105,20251125,2025,1,42366.0,42617.0,252,252,-0.911400566839866,0.1058558602569463,32.75,1.3,False
2025|line=42|event=1108|date=20251125|station=51105,51105,20251125,2025,2,42640.0,43092.0,453,453,-1.0476854038734054,0.1190576742889771,32.75,1.3,False
2025|line=42|event=1108|date=20251125|station=51105,51105,20251125,2025,3,43101.0,43182.0,82,82,-0.4049456778460083,0.0799165481161744,32.75,1.3,False
2025|line=42|event=1100|date=20251125|station=51224,51224,20251125,2025,1,4749.0,4809.0,61,61,-1.3499999999999943,0.0701156097639052,6.5,-1.1,False
2025|line=42|event=1102|date=20251125|station=51224,51224,20251125,2025,1,13114.0,13488.0,375,375,2.324046926507662,0.0934713439583421,83.33333333333333,2.1,False
2025|line=42|event=1102|date=20251125|station=51224,51224,20251125,2025,2,13507.0,13924.0,418,418,2.144072619740172,0.1432794517197963,83.33333333333333,2.1,False
2025|line=42|event=1102|date=20251125|station=51224,51224,20251125,2025,3,13982.0,14151.0,170,170,1.921350106651147,0.1186774814592029,83.33333333333333,2.1,False
2025|line=42|event=1102|date=20251125|station=51224,51224,20251125,2025,4,14156.0,14995.0,840,840,1.678142815590462,0.1601015352687518,83.33333333333333,2.1,False
2025|line=42|event=1102|date=20251125|station=51224,51224,20251125,2025,5,15030.0,15141.0,112,112,1.0497425828970108,0.0636792494850315,83.33333333333333,2.1,False
2025|line=42|event=1102|date=20251125|station=51224,51224,20251125,2025,6,15411.0,15797.0,387,387,1.0597023463253947,0.162007751861716,83.33333333333333,2.1,False
2025|line=42|event=1102|date=20251125|station=51224,51224,20251125,2025,7,15835.0,17763.0,1929,1929,0.8791370952103819,0.3871345476681827,83.33333333333333,2.1,False
2025|line=42|event=1102|date=20251125|station=51224,51224,20251125,2025,8,17783.0,17877.0,95,95,0.7502142718634843,0.0912872534647356,83.33333333333333,2.1,False
2025|line=42|event=1102|date=20251125|station=51224,51224,20251125,2025,9,17888.0,18060.0,173,173,1.4124306767500627,0.0710153676162902,83.33333333333333,2.1,False
2025|line=42|event=1104|date=20251125|station=51224,51224,20251125,2025,1,28519.0,28589.0,71,71,-1.960000000000008,0.0500884454041475,2.083333333333333,-2.1,False
2025|line=42|event=1105|date=20251125|station=51224,51224,20251125,2025,1,31822.0,32134.0,313,313,1.9084961767204904,0.1235499229771754,36.68333333333333,2.1,False
2025|line=42|event=1105|date=20251125|station=51224,51224,20251125,2025,2,32171.0,32299.0,129,129,2.599494477485166,0.0856256579091679,36.68333333333333,2.1,False
2025|line=42|event=1105|date=20251125|station=51224,51224,20251125,2025,3,32319.0,33128.0,810,810,2.563298640611748,0.1656694297723461,36.68333333333333,2.1,False
2025|line=42|event=1105|date=20251125|station=51224,51224,20251125,2025,4,33161.0,33717.0,557,557,2.141992353440969,0.1746787813444127,36.68333333333333,2.1,False
2025|line=42|event=1105|date=20251125|station=51224,51224,20251125,2025,5,33737.0,33937.0,201,201,2.317701784197112,0.0825549480381263,36.68333333333333,2.1,False
2025|line=42|event=1106|date=20251125|station=51224,51224,20251125,2025,1,34562.0,34648.0,87,87,2.2572139303482857,0.078517085158547,64.31666666666666,2.1,False
2025|line=42|event=1106|date=20251125|station=51224,51224,20251125,2025,2,34678.0,34822.0,145,145,2.7552487562189185,0.0875798144031407,64.31666666666666,2.1,False
2025|line=42|event=1106|date=20251125|station=51224,51224,20251125,2025,3,34831.0,37774.0,2944,2944,3.098345771144295,0.4945302292990307,64.31666666666666,2.1,False
2025|line=42|event=1107|date=20251125|station=51224,51224,20251125,2025,1,39133.0,40085.0,953,953,0.9800000000000182,0.1816070612637869,19.216666666666665,2.1,False
2025|line=42|event=1107|date=20251125|station=51224,51224,20251125,2025,2,40103.0,40165.0,63,63,-0.0999999999999943,0.0795593506831862,19.216666666666665,2.1,False
2025|line=42|event=1108|date=20251125|station=51224,51224,20251125,2025,1,41786.0,41854.0,69,69,2.945602267359476,0.089496488487567,32.75,2.2,False
2025|line=42|event=1108|date=20251125|station=51224,51224,20251125,2025,2,41973.0,42667.0,695,695,3.3736750118091834,0.1155831609503923,32.75,2.2,False
2025|line=42|event=1108|date=20251125|station=51224,51224,20251125,2025,3,42698.0,43053.0,356,356,3.733673830892769,0.1445693319977521,32.75,2.2,False
2025|line=42|event=1108|date=20251125|station=51224,51224,20251125,2025,4,43097.0,43163.0,67,67,2.789352857817676,0.0679339360102698,32.75,2.2,False
2025|line=42|event=1110|date=20251126|station=42005,42005,20251126,2025,1,5296.0,5478.0,183,183,4.66,0.0932601767762526,6.85,4.9,True
2025|line=42|event=1117|date=20251126|station=42005,42005,20251126,2025,1,40530.0,40649.0,120,120,-8.51,0.0745711619995187,5.95,-10.0,True
2025|line=42|event=1110|date=20251126|station=50008,50008,20251126,2025,1,5151.0,5493.0,343,343,1.6799999999999995,0.089146291789753,6.85,1.6,False
2025|line=42|event=1111|date=20251126|station=50008,50008,20251126,2025,1,9837.0,9896.0,60,60,-3.6850000000000014,0.0609956496939789,2.566666666666667,-3.3,True
2025|line=42|event=1113|date=20251126|station=50008,50008,20251126,2025,1,20471.0,20545.0,75,75,3.440000000000005,0.0478260243423377,3.883333333333333,3.1,True
2025|line=42|event=1117|date=20251126|station=50008,50008,20251126,2025,1,40382.0,40480.0,99,99,-2.730000000000004,0.0612806110070705,5.95,-3.2,True
2025|line=42|event=1117|date=20251126|station=50008,50008,20251126,2025,2,40551.0,40648.0,98,98,-1.4600000000000009,0.0731075748801104,5.95,-3.2,True
2025|line=42|event=1110|date=20251126|station=50023,50023,20251126,2025,1,5146.0,5492.0,347,347,1.5,0.0753680834142328,6.85,1.3,False
2025|line=42|event=1111|date=20251126|station=50023,50023,20251126,2025,1,9831.0,9893.0,63,63,-3.0299999999999727,0.0443498339812123,2.566666666666667,-2.8,False
2025|line=42|event=1113|date=20251126|station=50023,50023,20251126,2025,1,20456.0,20610.0,155,155,2.539999999999964,0.0827880817699796,3.883333333333333,2.6,False
2025|line=42|event=1116|date=20251126|station=50023,50023,20251126,2025,1,26532.0,26609.0,78,78,3.960000000000037,0.0762383058698151,3.866666666666666,2.6,False
2025|line=42|event=1117|date=20251126|station=50023,50023,20251126,2025,1,40368.0,40438.0,71,71,-1.9300000000000068,0.0273095407565299,5.95,-2.6,False
2025|line=42|event=1117|date=20251126|station=50023,50023,20251126,2025,2,40522.0,40619.0,98,98,-0.1499999999999772,0.0802298930572455,5.95,-2.6,False
2025|line=42|event=1110|date=20251126|station=51105,51105,20251126,2025,1,5153.0,5510.0,358,358,-0.7099999999999973,0.0882635575888681,6.85,-0.7,False
2025|line=42|event=1113|date=20251126|station=51105,51105,20251126,2025,1,20457.0,20602.0,146,146,-1.240000000000002,0.0795940037185587,3.883333333333333,-1.3,False
2025|line=42|event=1116|date=20251126|station=51105,51105,20251126,2025,1,26490.0,26594.0,105,105,-2.1499999999999986,0.1281864119598657,3.866666666666666,-1.3,False
2025|line=42|event=1117|date=20251126|station=51105,51105,20251126,2025,1,40367.0,40453.0,87,87,0.5999999999999979,0.0407422971056596,5.95,1.3,False
2025|line=42|event=1117|date=20251126|station=51105,51105,20251126,2025,2,40512.0,40572.0,61,61,-0.6000000000000014,0.252900963894597,5.95,1.3,False
2025|line=42|event=1110|date=20251126|station=51224,51224,20251126,2025,1,5127.0,5488.0,362,362,-0.7599999999999909,0.1052440662048159,6.85,-1.1,False
2025|line=42|event=1111|date=20251126|station=51224,51224,20251126,2025,1,9791.0,9894.0,104,104,1.509999999999991,0.0719950675965065,2.566666666666667,2.2,False
2025|line=42|event=1113|date=20251126|station=51224,51224,20251126,2025,1,20431.0,20575.0,145,145,-1.759999999999991,0.1263943043869207,3.883333333333333,-2.1,False
2025|line=42|event=1116|date=20251126|station=51224,51224,20251126,2025,1,26432.0,26609.0,178,178,-1.8100000000000025,0.079262995858412,3.866666666666666,-2.1,False
2025|line=42|event=1117|date=20251126|station=51224,51224,20251126,2025,1,40354.0,40458.0,105,105,1.6200000000000043,0.0796221096462113,5.95,2.1,False
2025|line=42|event=1117|date=20251126|station=51224,51224,20251126,2025,2,40490.0,40625.0,136,136,1.289999999999992,0.1095444127908972,5.95,2.1,False
2025|line=39|event=678|date=20251126|station=62149,62149,20251126,2025,1,13382.0,13882.0,501,501,2.9583432318733145,0.0825943525187567,64.9,2.8,False
2025|line=39|event=678|date=20251126|station=62149,62149,20251126,2025,2,13952.0,14636.0,685,685,5.000283345706521,0.1084964361829378,64.9,2.8,False
2025|line=39|event=678|date=20251126|station=62149,62149,20251126,2025,3,14696.0,17227.0,2532,2532,2.389800173224444,0.1545400368843628,64.9,2.8,False
2025|line=39|event=678|date=20251126|station=62151,62151,20251126,2025,1,13382.0,17227.0,3846,3846,11.374304627567426,0.2318831527940557,64.9,11.4,True
2025|line=42|event=1119|date=20251127|station=42005,42005,20251127,2025,1,4390.0,4517.0,128,128,4.9,0.0634220418708998,7.816666666666666,4.9,True
2025|line=42|event=1124|date=20251127|station=42005,42005,20251127,2025,1,47118.0,47316.0,199,199,10.155,0.0639721421990642,9.1,9.8,True
2025|line=42|event=1125|date=20251127|station=42005,42005,20251127,2025,1,49831.0,50329.0,499,499,-1.325000000000001,0.1042136031155236,11.566666666666666,-2.5,False
2025|line=42|event=1126|date=20251127|station=42005,42005,20251127,2025,1,51707.0,53192.0,1486,1486,-7.933774319066148,0.3563546847191261,31.616666666666667,-9.9,True
2025|line=42|event=1119|date=20251127|station=50008,50008,20251127,2025,1,4153.0,4544.0,392,392,1.8950000000000031,0.2082040699608711,7.816666666666666,1.6,False
2025|line=42|event=1124|date=20251127|station=50008,50008,20251127,2025,1,46896.0,47336.0,441,441,3.660000000000004,0.2221742547170696,9.1,3.1,True
2025|line=42|event=1126|date=20251127|station=50008,50008,20251127,2025,1,52001.0,52225.0,225,225,-3.3356614785992207,0.1683156762289717,31.616666666666667,-3.1,True
2025|line=42|event=1126|date=20251127|station=50008,50008,20251127,2025,2,52228.0,52294.0,67,67,-3.2857782101167388,0.1689195683780539,31.616666666666667,-3.1,True
2025|line=42|event=1119|date=20251127|station=50023,50023,20251127,2025,1,4144.0,4378.0,235,235,1.7700000000000389,0.142397351256952,7.816666666666666,1.3,False
2025|line=42|event=1119|date=20251127|station=50023,50023,20251127,2025,2,4422.0,4530.0,109,109,1.0,0.0831084203194124,7.816666666666666,1.3,False
2025|line=42|event=1124|date=20251127|station=50023,50023,20251127,2025,1,47049.0,47331.0,283,283,3.75,0.054965829420981,9.1,2.6,False
2025|line=42|event=1126|date=20251127|station=50023,50023,20251127,2025,1,51481.0,53306.0,1826,1826,-2.633151750972729,0.1606734817665856,31.616666666666667,-2.6,False
2025|line=42|event=1124|date=20251127|station=51020,51020,20251127,2025,1,46915.0,47094.0,180,180,-0.7149999999999999,0.0406703609959623,9.1,-0.8,False
2025|line=42|event=1126|date=20251127|station=51020,51020,20251127,2025,1,51514.0,52891.0,1378,1378,0.7116123540856023,0.2056404486824385,31.616666666666667,0.8,False
2025|line=42|event=1126|date=20251127|station=51020,51020,20251127,2025,2,53190.0,53326.0,137,137,0.4559824902723761,0.0397638626259437,31.616666666666667,0.8,False
2025|line=42|event=1119|date=20251127|station=51105,51105,20251127,2025,1,4162.0,4386.0,225,225,-0.7150000000000034,0.119600589979486,7.816666666666666,-0.7,False
2025|line=42|event=1119|date=20251127|station=51105,51105,20251127,2025,2,4395.0,4579.0,185,185,-0.4450000000000003,0.0903415270223927,7.816666666666666,-0.7,False
2025|line=42|event=1124|date=20251127|station=51105,51105,20251127,2025,1,47175.0,47268.0,94,94,-1.7800000000000011,0.0337814256613077,9.1,-1.3,False
2025|line=42|event=1126|date=20251127|station=51105,51105,20251127,2025,1,51490.0,53329.0,1840,1840,0.8901276750972755,0.1234404361670145,31.616666666666667,1.3,False
2025|line=42|event=1119|date=20251127|station=51224,51224,20251127,2025,1,4135.0,4496.0,362,362,-0.9350000000000024,0.1060628527357386,7.816666666666666,-1.1,False
2025|line=42|event=1124|date=20251127|station=51224,51224,20251127,2025,1,46839.0,47331.0,493,493,-2.2150000000000034,0.1084832625361197,9.1,-2.1,False
2025|line=42|event=1126|date=20251127|station=51224,51224,20251127,2025,1,51461.0,53307.0,1847,1847,1.8380155642023224,0.1449072567570305,31.616666666666667,2.1,False
2025|line=42|event=1128|date=20251128|station=42005,42005,20251128,2025,1,5037.0,5159.0,123,123,3.995,0.0687286586544689,11.566666666666666,5.0,True
2025|line=42|event=1128|date=20251128|station=42005,42005,20251128,2025,2,5186.0,5444.0,259,259,4.535000000000001,0.0743863451659573,11.566666666666666,5.0,True
2025|line=42|event=1132|date=20251128|station=42005,42005,20251128,2025,1,18047.0,18188.0,142,142,8.385,0.0473311515923145,9.816666666666666,8.4,True
2025|line=42|event=1132|date=20251128|station=42005,42005,20251128,2025,2,18254.0,18313.0,60,60,9.495,0.07448095025475,9.816666666666666,8.4,True
2025|line=42|event=1133|date=20251128|station=42005,42005,20251128,2025,1,25494.0,26977.0,1484,1484,1.3058674214755297,0.1211363701376419,42.55,2.1,False
2025|line=42|event=1136|date=20251128|station=42005,42005,20251128,2025,1,52472.0,52831.0,360,360,-0.5750000000000011,0.0848322733112287,7.883333333333334,-1.2,False
2025|line=42|event=1128|date=20251128|station=50008,50008,20251128,2025,1,5005.0,5072.0,68,68,1.2800000000000011,0.1485119990685145,11.566666666666666,1.6,False
2025|line=42|event=1128|date=20251128|station=50008,50008,20251128,2025,2,5286.0,5367.0,82,82,1.5700000000000005,0.1777705063020393,11.566666666666666,1.6,False
2025|line=42|event=1132|date=20251128|station=50008,50008,20251128,2025,1,17849.0,18254.0,406,406,2.949999999999996,0.133147379264842,9.816666666666666,2.7,False
2025|line=42|event=1128|date=20251128|station=50023,50023,20251128,2025,1,4900.0,4974.0,75,75,1.2800000000000296,0.0579101702951497,11.566666666666666,1.3,False
2025|line=42|event=1128|date=20251128|station=50023,50023,20251128,2025,2,5001.0,5119.0,119,119,0.75,0.0854866767783662,11.566666666666666,1.3,False
2025|line=42|event=1128|date=20251128|station=50023,50023,20251128,2025,3,5139.0,5452.0,314,314,1.3199999999999932,0.1276884705705138,11.566666666666666,1.3,False
2025|line=42|event=1132|date=20251128|station=50023,50023,20251128,2025,1,17860.0,18189.0,330,330,2.6200000000000045,0.106765113363174,9.816666666666666,2.2,False
2025|line=42|event=1132|date=20251128|station=51020,51020,20251128,2025,1,18173.0,18294.0,122,122,-2.3500000000000014,0.0753978660620016,9.816666666666666,-0.7,False
2025|line=42|event=1132|date=20251128|station=51105,51105,20251128,2025,1,17826.0,18308.0,483,483,-1.1400000000000006,0.1618049791879723,9.816666666666666,-1.1,False
2025|line=42|event=1128|date=20251128|station=51224,51224,20251128,2025,1,4897.0,5415.0,519,519,-0.8799999999999955,0.1190332178213918,11.566666666666666,-1.1,False
2025|line=42|event=1128|date=20251128|station=51224,51224,20251128,2025,2,5447.0,5519.0,73,73,-1.0500000000000114,0.0736119594471022,11.566666666666666,-1.1,False
2025|line=42|event=1132|date=20251128|station=51224,51224,20251128,2025,1,17894.0,18174.0,281,281,-2.075000000000017,0.1031771108457196,9.816666666666666,-1.8,False
2025|line=42|event=1132|date=20251128|station=51224,51224,20251128,2025,2,18191.0,18335.0,145,145,-2.5250000000000057,0.0986129779971591,9.816666666666666,-1.8,False
2025|line=42|event=1133|date=20251128|station=51224,51224,20251128,2025,1,25413.0,26847.0,1435,1435,-0.8288641344046823,0.1254471436822399,42.55,-0.4,False
2025|line=42|event=1138|date=20251129|station=42005,42005,20251129,2025,1,5082.0,5204.0,123,123,3.15,0.1026255150468289,8.583333333333334,4.9,True
2025|line=42|event=1138|date=20251129|station=42005,42005,20251129,2025,2,5279.0,5407.0,129,129,4.42,0.0847744744821653,8.583333333333334,4.9,True
2025|line=42|event=1140|date=20251129|station=42005,42005,20251129,2025,1,20933.0,25117.0,4185,4185,8.274541815883715,0.4341621494539365,76.45,9.9,True
2025|line=42|event=1139|date=20251129|station=50008,50008,20251129,2025,1,11956.0,12019.0,64,64,3.649999999999999,0.0644837790976335,2.4166666666666665,3.2,True
2025|line=42|event=1140|date=20251129|station=50008,50008,20251129,2025,1,20777.0,21497.0,721,721,2.510861596797973,0.1867090642445247,76.45,3.1,True
2025|line=42|event=1140|date=20251129|station=50008,50008,20251129,2025,2,21512.0,22053.0,542,542,2.4762039182641686,0.1573774966105736,76.45,3.1,True
2025|line=42|event=1140|date=20251129|station=50008,50008,20251129,2025,3,22094.0,22912.0,819,819,2.671175479250053,0.1930852371303607,76.45,3.1,True
2025|line=42|event=1140|date=20251129|station=50008,50008,20251129,2025,4,22950.0,24592.0,1643,1643,2.1874404887297203,0.1959569570701455,76.45,3.1,True
2025|line=42|event=1140|date=20251129|station=50008,50008,20251129,2025,5,24594.0,24663.0,70,70,1.972868127238257,0.1138672181952818,76.45,3.1,True
2025|line=42|event=1140|date=20251129|station=50008,50008,20251129,2025,6,24684.0,24785.0,102,102,1.7404107857594229,0.1305107364471446,76.45,3.1,True
2025|line=42|event=1140|date=20251129|station=50008,50008,20251129,2025,7,24814.0,25272.0,459,459,2.647952390983775,0.1713730273623494,76.45,3.1,True
2025|line=42|event=1138|date=20251129|station=50023,50023,20251129,2025,1,5167.0,5267.0,101,101,-0.0249999999999772,0.0860655417439506,8.583333333333334,1.3,False
2025|line=42|event=1138|date=20251129|station=50023,50023,20251129,2025,2,5311.0,5381.0,71,71,-0.8949999999999818,0.0733070690667088,8.583333333333334,1.3,False
2025|line=42|event=1139|date=20251129|station=50023,50023,20251129,2025,1,11947.0,12018.0,72,72,3.384999999999991,0.0505334742691362,2.4166666666666665,2.6,False
2025|line=42|event=1140|date=20251129|station=50023,50023,20251129,2025,1,20756.0,22898.0,2143,2143,1.911025911101774,0.2192205118020013,76.45,2.6,False
2025|line=42|event=1140|date=20251129|station=50023,50023,20251129,2025,2,22926.0,25274.0,2349,2349,1.6069938908784709,0.3333381689038091,76.45,2.6,False
2025|line=42|event=1140|date=20251129|station=51105,51105,20251129,2025,1,20768.0,22893.0,2126,2126,-0.927053928797136,0.1640167711514756,76.45,-1.3,False
2025|line=42|event=1140|date=20251129|station=51105,51105,20251129,2025,2,22915.0,25297.0,2383,2383,-0.5411228144091069,0.2216393180666599,76.45,-1.3,False
2025|line=42|event=1138|date=20251129|station=51224,51224,20251129,2025,1,4946.0,5037.0,92,92,-0.8600000000000136,0.0744422216073472,8.583333333333334,-1.1,False
2025|line=42|event=1138|date=20251129|station=51224,51224,20251129,2025,2,5058.0,5135.0,78,78,-0.450000000000017,0.0454597694875178,8.583333333333334,-1.1,False
2025|line=42|event=1138|date=20251129|station=51224,51224,20251129,2025,3,5174.0,5294.0,121,121,-1.380000000000024,0.0653609561041779,8.583333333333334,-1.1,False
2025|line=42|event=1138|date=20251129|station=51224,51224,20251129,2025,4,5301.0,5408.0,108,108,-1.1100000000000136,0.07597195145505,8.583333333333334,-1.1,False
2025|line=42|event=1139|date=20251129|station=51224,51224,20251129,2025,1,11923.0,12016.0,94,94,-2.1299999999999955,0.0819705250832571,2.4166666666666665,-2.1,False
2025|line=42|event=1140|date=20251129|station=51224,51224,20251129,2025,1,20738.0,25271.0,4534,4534,-1.4798067200337073,0.2450318612472679,76.45,-2.1,False
2025|line=42|event=1143|date=20251130|station=42005,42005,20251130,2025,1,4957.0,5048.0,92,92,4.24,0.0578614514868448,6.733333333333333,4.9,True
2025|line=42|event=1144|date=20251130|station=42005,42005,20251130,2025,1,18843.0,19211.0,369,369,-14.265,0.1138065271033573,12.166666666666666,-14.1,True
2025|line=42|event=1143|date=20251130|station=50008,50008,20251130,2025,1,4851.0,4989.0,139,139,1.8549999999999969,0.1271041706035818,6.733333333333333,1.6,False
2025|line=42|event=1144|date=20251130|station=50008,50008,20251130,2025,1,18599.0,19235.0,637,637,-4.020000000000003,0.1413439203381037,12.166666666666666,-4.5,True
2025|line=42|event=1144|date=20251130|station=50023,50023,20251130,2025,1,18591.0,19232.0,642,642,-3.1549999999999727,0.1084119560296294,12.166666666666666,-3.7,True
2025|line=42|event=1144|date=20251130|station=51020,51020,20251130,2025,1,19087.0,19206.0,120,120,1.7899999999999991,0.0628294993604402,12.166666666666666,1.2,False
2025|line=42|event=1143|date=20251130|station=51105,51105,20251130,2025,1,4830.0,4942.0,113,113,-1.120000000000001,0.0837356443779862,6.733333333333333,-0.7,False
2025|line=42|event=1143|date=20251130|station=51105,51105,20251130,2025,2,4962.0,5118.0,157,157,-0.6000000000000014,0.1775421993248338,6.733333333333333,-0.7,False
2025|line=42|event=1144|date=20251130|station=51105,51105,20251130,2025,1,18724.0,19239.0,516,516,2.400000000000002,0.1348894872873755,12.166666666666666,1.9,False
2025|line=42|event=1143|date=20251130|station=51224,51224,20251130,2025,1,4769.0,5084.0,316,316,-1.0999999999999943,0.1238570754274249,6.733333333333333,-1.1,False
2025|line=42|event=1144|date=20251130|station=51224,51224,20251130,2025,1,18570.0,18634.0,65,65,2.7150000000000034,0.0906330123426565,12.166666666666666,3.0,True
2025|line=42|event=1144|date=20251130|station=51224,51224,20251130,2025,2,18638.0,19233.0,596,596,3.174999999999983,0.1059456163991768,12.166666666666666,3.0,True
2025|line=41|event=1007|date=20251201|station=42005,42005,20251201,2025,1,55888.0,56339.0,452,452,-5.975,0.1381459094815219,12.1,-6.0,True
2025|line=42|event=1146|date=20251201|station=42005,42005,20251201,2025,1,4941.0,5210.0,270,270,5.43,0.1517753046777072,9.4,4.9,True
2025|line=42|event=1150|date=20251201|station=42005,42005,20251201,2025,1,26150.0,26616.0,467,467,-1.99,0.0796871843235547,12.666666666666666,-2.3,False
2025|line=42|event=1151|date=20251201|station=42005,42005,20251201,2025,1,29178.0,29403.0,226,226,-6.25,0.0752278334306789,7.683333333333334,-2.7,False
2025|line=42|event=1153|date=20251201|station=42005,42005,20251201,2025,1,33849.0,33967.0,119,119,-4.470000000000001,0.0360001176274504,5.433333333333334,-4.9,True
2025|line=41|event=1007|date=20251201|station=50008,50008,20251201,2025,1,55712.0,55841.0,130,130,-1.759999999999998,0.081823745011909,12.1,-1.9,False
2025|line=41|event=1007|date=20251201|station=50008,50008,20251201,2025,2,55844.0,56171.0,328,328,-1.4350000000000025,0.146509517477154,12.1,-1.9,False
2025|line=42|event=1146|date=20251201|station=50008,50008,20251201,2025,1,4744.0,5243.0,500,500,1.519999999999996,0.1576231387386542,9.4,1.6,False
2025|line=42|event=1150|date=20251201|station=50008,50008,20251201,2025,1,26007.0,26672.0,666,666,-0.8200000000000003,0.1232595713667045,12.666666666666666,-0.7,False
2025|line=42|event=1151|date=20251201|station=50008,50008,20251201,2025,1,29030.0,29421.0,392,392,-2.0800000000000054,0.0941335408596425,7.683333333333334,-0.9,False
2025|line=42|event=1153|date=20251201|station=50008,50008,20251201,2025,1,33720.0,33979.0,260,260,-1.2750000000000057,0.0903706708800504,5.433333333333334,-1.6,False
2025|line=41|event=1007|date=20251201|station=50023,50023,20251201,2025,1,55704.0,56112.0,409,409,-1.0500000000000114,0.1164655054620985,12.1,-1.6,False
2025|line=42|event=1146|date=20251201|station=50023,50023,20251201,2025,1,4743.0,5243.0,501,501,0.8999999999999773,0.1298809075172927,9.4,1.3,False
2025|line=42|event=1153|date=20251201|station=50023,50023,20251201,2025,1,33732.0,33859.0,128,128,-1.1899999999999975,0.0425658900606174,5.433333333333334,-1.3,False
2025|line=42|event=1146|date=20251201|station=51020,51020,20251201,2025,1,4783.0,5265.0,483,483,-0.5,0.1060262076197312,9.4,-0.4,False
2025|line=41|event=1007|date=20251201|station=51105,51105,20251201,2025,1,55699.0,56087.0,389,389,0.4100000000000001,0.1879253022577367,12.1,0.8,False
2025|line=41|event=1007|date=20251201|station=51224,51224,20251201,2025,1,55690.0,56366.0,677,677,0.8600000000000136,0.1071937039836582,12.1,1.3,False
2025|line=42|event=1146|date=20251201|station=51224,51224,20251201,2025,1,4723.0,5238.0,516,516,-0.6850000000000023,0.1134930974054499,9.4,-1.1,False
2025|line=42|event=1153|date=20251201|station=51224,51224,20251201,2025,1,33816.0,33974.0,159,159,1.710000000000008,0.0666855443342714,5.433333333333334,1.1,False
2025|line=42|event=1154|date=20251202|station=42005,42005,20251202,2025,1,6694.0,6919.0,226,226,3.81,0.0390328518964276,6.95,4.9,True
2025|line=42|event=1156|date=20251202|station=42005,42005,20251202,2025,1,13697.0,14173.0,477,477,-1.87,0.1219214330955406,15.233333333333333,-2.3,False
2025|line=42|event=1157|date=20251202|station=42005,42005,20251202,2025,1,15469.0,15976.0,508,508,-2.14,0.0817816826599065,12.716666666666669,-2.5,False
2025|line=42|event=1159|date=20251202|station=42005,42005,20251202,2025,1,19924.0,20258.0,335,335,-5.5,0.1272983495077447,19.05,-4.0,True
2025|line=42|event=1154|date=20251202|station=50008,50008,20251202,2025,1,6575.0,6858.0,284,284,1.1199999999999974,0.0724735639390803,6.95,1.6,False
2025|line=42|event=1157|date=20251202|station=50008,50008,20251202,2025,1,15302.0,16016.0,715,715,-0.4299999999999997,0.0880247165478378,12.716666666666669,-0.8,False
2025|line=42|event=1159|date=20251202|station=50008,50008,20251202,2025,1,19848.0,20362.0,515,515,-2.960000000000001,0.1748730951461465,19.05,-1.3,False
2025|line=42|event=1154|date=20251202|station=50023,50023,20251202,2025,1,6568.0,6845.0,278,278,0.8300000000000409,0.0608489117997185,6.95,1.3,False
2025|line=42|event=1157|date=20251202|station=50023,50023,20251202,2025,1,15292.0,16010.0,719,719,-0.5099999999999909,0.0759184842418322,12.716666666666669,-0.7,False
2025|line=42|event=1159|date=20251202|station=50023,50023,20251202,2025,1,19874.0,20353.0,480,480,-2.990000000000009,0.1654526866634305,19.05,-1.1,False
2025|line=42|event=1154|date=20251202|station=51105,51105,20251202,2025,1,6797.0,6882.0,86,86,-0.7850000000000001,0.0377897291838148,6.95,-0.7,False
2025|line=42|event=1154|date=20251202|station=51224,51224,20251202,2025,1,6559.0,6927.0,369,369,-1.009999999999991,0.1043774393156337,6.95,-1.1,False
2025|line=42|event=1159|date=20251202|station=51224,51224,20251202,2025,1,19695.0,20079.0,385,385,1.1400000000000148,0.0884303845746323,19.05,0.9,False
2025|line=41|event=1009|date=20251203|station=42005,42005,20251203,2025,1,7029.0,7743.0,715,715,3.375,0.209471301881721,15.366666666666667,4.4,True
2025|line=42|event=1160|date=20251203|station=42005,42005,20251203,2025,1,18876.0,21773.0,2898,2898,-4.64532861189802,0.2832956985601024,56.31666666666667,-5.0,True
2025|line=42|event=1161|date=20251203|station=42005,42005,20251203,2025,1,22747.0,24635.0,1889,1889,-7.310136363636364,0.207862610234518,37.61666666666667,-9.9,True
2025|line=41|event=1009|date=20251203|station=50008,50008,20251203,2025,1,6942.0,7523.0,582,582,0.4000000000000057,0.0763847924972114,15.366666666666667,1.4,False
2025|line=42|event=1160|date=20251203|station=50008,50008,20251203,2025,1,18678.0,21998.0,3321,3321,-1.3246033994334283,0.2143802767116616,56.31666666666667,-1.6,False
2025|line=42|event=1161|date=20251203|station=50008,50008,20251203,2025,1,22557.0,24730.0,2174,2174,-3.554388429752059,0.1948720020208909,37.61666666666667,-3.1,True
2025|line=41|event=1009|date=20251203|station=50023,50023,20251203,2025,1,6935.0,7523.0,589,589,-0.0699999999999931,0.0722441895799441,15.366666666666667,1.2,False
2025|line=42|event=1160|date=20251203|station=50023,50023,20251203,2025,1,18676.0,21998.0,3323,3323,-0.9559150141643044,0.2338661297982125,56.31666666666667,-1.3,False
2025|line=42|event=1161|date=20251203|station=50023,50023,20251203,2025,1,22545.0,24727.0,2183,2183,-3.306611570247924,0.2838240631295258,37.61666666666667,-2.6,False
2025|line=42|event=1161|date=20251203|station=51020,51020,20251203,2025,1,22579.0,24109.0,1531,1531,0.4316446280991783,0.0963649585432198,37.61666666666667,0.8,False
2025|line=42|event=1161|date=20251203|station=51020,51020,20251203,2025,2,24407.0,24752.0,346,346,0.6069938016528909,0.0507180812474,37.61666666666667,0.8,False
2025|line=41|event=1009|date=20251203|station=51105,51105,20251203,2025,1,7528.0,7848.0,321,321,-2.030000000000001,0.1288081842815475,15.366666666666667,-0.6,False
2025|line=42|event=1160|date=20251203|station=51105,51105,20251203,2025,1,18666.0,21586.0,2921,2921,0.0924589235127513,0.1301657886761725,56.31666666666667,0.7,False
2025|line=42|event=1160|date=20251203|station=51105,51105,20251203,2025,2,21642.0,22011.0,370,370,0.3091671388102028,0.1061403850300056,56.31666666666667,0.7,False
2025|line=42|event=1161|date=20251203|station=51105,51105,20251203,2025,1,22923.0,24449.0,1527,1527,2.3949090909090884,0.2253901332581724,37.61666666666667,1.3,False
2025|line=41|event=1009|date=20251203|station=51224,51224,20251203,2025,1,7388.0,7767.0,380,380,-1.4800000000000182,0.1158384890289185,15.366666666666667,-0.9,False
2025|line=42|event=1160|date=20251203|station=51224,51224,20251203,2025,1,18666.0,21996.0,3331,3331,0.6570906515580646,0.1429201433269819,56.31666666666667,1.1,False
2025|line=42|event=1161|date=20251203|station=51224,51224,20251203,2025,1,22522.0,24728.0,2207,2207,1.9301859504132324,0.1306353073583987,37.61666666666667,2.1,False
2025|line=42|event=1163|date=20251204|station=42005,42005,20251204,2025,1,4973.0,5218.0,246,246,4.4750000000000005,0.1013347128185655,7.916666666666667,4.9,True
2025|line=42|event=1164|date=20251204|station=42005,42005,20251204,2025,1,22973.0,23077.0,105,105,-12.4267914322804,0.076011226981973,35.35,-13.1,True
2025|line=42|event=1164|date=20251204|station=42005,42005,20251204,2025,2,23155.0,23282.0,128,128,-11.874064257897016,0.0866745451265101,35.35,-13.1,True
2025|line=42|event=1164|date=20251204|station=42005,42005,20251204,2025,3,23284.0,23525.0,242,242,-11.870241237559496,0.0998335830348922,35.35,-13.1,True
2025|line=42|event=1164|date=20251204|station=42005,42005,20251204,2025,4,23544.0,24567.0,1024,1024,-9.329360666378191,0.2904331580123143,35.35,-13.1,True
2025|line=42|event=1163|date=20251204|station=50008,50008,20251204,2025,1,4838.0,5138.0,301,301,1.490000000000002,0.1071735870260538,7.916666666666667,1.6,False
2025|line=42|event=1164|date=20251204|station=50008,50008,20251204,2025,1,22640.0,22778.0,139,139,-3.7725876244050127,0.0887238945004027,35.35,-4.2,True
2025|line=42|event=1164|date=20251204|station=50008,50008,20251204,2025,2,22836.0,23060.0,225,225,-2.9157507572479417,0.1617007549242118,35.35,-4.2,True
2025|line=42|event=1164|date=20251204|station=50008,50008,20251204,2025,3,23154.0,23307.0,154,154,-2.5512678494158365,0.0696874218452967,35.35,-4.2,True
2025|line=42|event=1164|date=20251204|station=50008,50008,20251204,2025,4,23342.0,24219.0,878,878,-0.8052834270878364,0.2612524986060777,35.35,-4.2,True
2025|line=42|event=1164|date=20251204|station=50008,50008,20251204,2025,5,24268.0,24350.0,83,83,-1.4279056685417617,0.1007010747898042,35.35,-4.2,True
2025|line=42|event=1164|date=20251204|station=50008,50008,20251204,2025,6,24396.0,24525.0,130,130,-2.35679359584595,0.1062697281381603,35.35,-4.2,True
2025|line=42|event=1163|date=20251204|station=50023,50023,20251204,2025,1,4825.0,5089.0,265,265,0.954999999999984,0.0682161792383441,7.916666666666667,1.3,False
2025|line=42|event=1164|date=20251204|station=50023,50023,20251204,2025,1,22629.0,22694.0,66,66,-2.947679575941152,0.0442481898924338,35.35,-3.5,True
2025|line=42|event=1164|date=20251204|station=50023,50023,20251204,2025,2,22883.0,23036.0,154,154,-1.919479662483809,0.0808402933832341,35.35,-3.5,True
2025|line=42|event=1164|date=20251204|station=50023,50023,20251204,2025,3,23136.0,23287.0,152,152,-1.085766983989629,0.0687015256966499,35.35,-3.5,True
2025|line=42|event=1164|date=20251204|station=50023,50023,20251204,2025,4,23339.0,24152.0,814,814,0.7806717871051205,0.2280312005341185,35.35,-3.5,True
2025|line=42|event=1164|date=20251204|station=50023,50023,20251204,2025,5,24201.0,24267.0,67,67,0.1331068801384844,0.0509449332744988,35.35,-3.5,True
2025|line=42|event=1164|date=20251204|station=50023,50023,20251204,2025,6,24380.0,24503.0,124,124,-1.3662170056252876,0.0711506469796282,35.35,-3.5,True
2025|line=42|event=1163|date=20251204|station=51105,51105,20251204,2025,1,5157.0,5268.0,112,112,-1.7600000000000016,0.0393781942510562,7.916666666666667,-0.7,False
2025|line=42|event=1164|date=20251204|station=51105,51105,20251204,2025,1,22635.0,22756.0,122,122,1.5412840761575062,0.098785119723251,35.35,1.8,False
2025|line=42|event=1164|date=20251204|station=51105,51105,20251204,2025,2,22902.0,23048.0,147,147,1.4074924275205518,0.0588752769273467,35.35,1.8,False
2025|line=42|event=1164|date=20251204|station=51105,51105,20251204,2025,3,23171.0,23274.0,104,104,0.8300919515361294,0.0467158228019851,35.35,1.8,False
2025|line=42|event=1164|date=20251204|station=51105,51105,20251204,2025,4,23295.0,24583.0,1289,1289,0.8687083513630434,0.2181251270599414,35.35,1.8,False
2025|line=42|event=1163|date=20251204|station=51224,51224,20251204,2025,1,5005.0,5242.0,238,238,-2.194999999999993,0.1153361317164807,7.916666666666667,-1.1,False
2025|line=42|event=1164|date=20251204|station=51224,51224,20251204,2025,1,22604.0,22747.0,144,144,2.1447252271743764,0.1441954035566696,35.35,2.8,False
2025|line=42|event=1164|date=20251204|station=51224,51224,20251204,2025,2,22884.0,23021.0,138,138,2.172663349199496,0.0904872209082278,35.35,2.8,False
2025|line=42|event=1164|date=20251204|station=51224,51224,20251204,2025,3,23101.0,24065.0,965,965,1.0767697966248306,0.2074474568346163,35.35,2.8,False
2025|line=42|event=1164|date=20251204|station=51224,51224,20251204,2025,4,24076.0,24563.0,488,488,0.6301233232366883,0.1058148792169644,35.35,2.8,False
2025|line=42|event=1166|date=20251205|station=42005,42005,20251205,2025,1,78533.0,78844.0,312,312,4.92,0.1312902396141316,9.85,4.9,True
2025|line=42|event=1166|date=20251205|station=50008,50008,20251205,2025,1,78354.0,78877.0,524,524,1.7549999999999957,0.1665989926903,9.85,1.6,False
2025|line=42|event=1166|date=20251205|station=50023,50023,20251205,2025,1,78340.0,78874.0,535,535,1.3949999999999818,0.2143148634769218,9.85,1.3,False
2025|line=42|event=1166|date=20251205|station=51224,51224,20251205,2025,1,78329.0,78870.0,542,542,-1.0800000000000125,0.0925244383153897,9.85,-1.1,False
2025|line=41|event=1010|date=20251206|station=42005,42005,20251206,2025,1,10000.0,11484.0,1485,1485,-5.505224312590449,0.2149437525236281,31.65,-7.3,True
2025|line=41|event=1010|date=20251206|station=50008,50008,20251206,2025,1,9764.0,9840.0,77,77,-2.2902773757838872,0.1654504373080532,31.65,-2.3,False
2025|line=41|event=1010|date=20251206|station=50008,50008,20251206,2025,2,9998.0,10098.0,101,101,-2.4571948866377227,0.1460879994044939,31.65,-2.3,False
2025|line=41|event=1010|date=20251206|station=50008,50008,20251206,2025,3,10165.0,10249.0,85,85,-2.35325132657983,0.1624480924773907,31.65,-2.3,False
2025|line=41|event=1010|date=20251206|station=50008,50008,20251206,2025,4,10358.0,10426.0,69,69,-2.4097949831162566,0.1546062712011069,31.65,-2.3,False
2025|line=41|event=1010|date=20251206|station=50008,50008,20251206,2025,5,10500.0,10594.0,95,95,-2.5250072358900155,0.1467188031651574,31.65,-2.3,False
2025|line=41|event=1010|date=20251206|station=50008,50008,20251206,2025,6,10743.0,10846.0,104,104,-2.868491316931987,0.1658482421480246,31.65,-2.3,False
2025|line=41|event=1010|date=20251206|station=50008,50008,20251206,2025,7,11016.0,11129.0,114,114,-2.562162325132654,0.159197160113614,31.65,-2.3,False
2025|line=41|event=1010|date=20251206|station=50008,50008,20251206,2025,8,11181.0,11315.0,135,135,-2.6804510371442305,0.1411401665783662,31.65,-2.3,False
2025|line=41|event=1010|date=20251206|station=50023,50023,20251206,2025,1,9749.0,11206.0,1458,1458,-2.170957549445234,0.2028088083875855,31.65,-1.9,False
2025|line=41|event=1010|date=20251206|station=50023,50023,20251206,2025,2,11228.0,11422.0,195,195,-2.7371442354076407,0.0789286271697212,31.65,-1.9,False
2025|line=41|event=1010|date=20251206|station=51105,51105,20251206,2025,1,9757.0,11502.0,1746,1746,0.7787047756874088,0.2863714907973431,31.65,1.0,False
2025|line=41|event=1010|date=20251206|station=51224,51224,20251206,2025,1,9721.0,11174.0,1454,1454,1.3863820549927652,0.1459625553425284,31.65,1.6,False
2025|line=41|event=1010|date=20251206|station=51224,51224,20251206,2025,2,11187.0,11358.0,172,172,1.523574529667144,0.1637063092032331,31.65,1.6,False
2025|line=41|event=1010|date=20251206|station=51224,51224,20251206,2025,3,11382.0,11517.0,136,136,2.075463096960931,0.0783835028280213,31.65,1.6,False
2025|line=41|event=1012|date=20251210|station=42005,42005,20251210,2025,1,34120.0,36416.0,2297,2297,-8.197279386117893,0.2728685339397264,44.86666666666667,-10.0,True
2025|line=41|event=1012|date=20251210|station=50008,50008,20251210,2025,1,33922.0,36038.0,2117,2117,-3.312242762469481,0.1517917133912186,44.86666666666667,-3.2,True
2025|line=41|event=1012|date=20251210|station=50008,50008,20251210,2025,2,36180.0,36528.0,349,349,-3.108737356121381,0.1230097537375964,44.86666666666667,-3.2,True
2025|line=41|event=1012|date=20251210|station=50023,50023,20251210,2025,1,33913.0,36527.0,2615,2615,-2.615812696198077,0.1704131669417518,44.86666666666667,-2.6,False
2025|line=41|event=1012|date=20251210|station=51105,51105,20251210,2025,1,33911.0,36543.0,2633,2633,1.5755109870945248,0.241137726626902,44.86666666666667,1.3,False
2025|line=41|event=1012|date=20251210|station=51224,51224,20251210,2025,1,33888.0,36528.0,2641,2641,1.3553679804673775,0.1975963070089201,44.86666666666667,2.1,False
2025|line=41|event=1016|date=20251219|station=42005,42005,20251219,2025,1,57344.0,58788.0,1445,1445,-5.069999999999999,0.1910295343665954,29.216666666666665,-5.0,True
2025|line=41|event=1017|date=20251219|station=42005,42005,20251219,2025,1,67962.0,68764.0,803,803,4.04,0.210457492349208,17.866666666666667,4.5,True
2025|line=41|event=1016|date=20251219|station=50008,50008,20251219,2025,1,57148.0,58831.0,1684,1684,-1.1750000000000045,0.2122913966363208,29.216666666666665,-1.6,False
2025|line=41|event=1017|date=20251219|station=50008,50008,20251219,2025,1,67798.0,68811.0,1014,1014,0.5799999999999983,0.3195241590891108,17.866666666666667,1.4,False
2025|line=41|event=1016|date=20251219|station=50023,50023,20251219,2025,1,57135.0,58828.0,1694,1694,-0.7599999999999909,0.2825580129875721,29.216666666666665,-1.3,False
2025|line=41|event=1017|date=20251219|station=50023,50023,20251219,2025,1,67792.0,68812.0,1021,1021,0.2899999999999636,0.4562368369709119,17.866666666666667,1.2,False
2025|line=41|event=1017|date=20251219|station=51105,51105,20251219,2025,1,67788.0,68843.0,1056,1056,-0.2350000000000029,0.3335686532259544,17.866666666666667,-0.6,False
2025|line=41|event=1016|date=20251219|station=51224,51224,20251219,2025,1,57121.0,58827.0,1707,1707,0.6500000000000057,0.0932916099962768,29.216666666666665,1.1,False
2025|line=41|event=1017|date=20251219|station=51224,51224,20251219,2025,1,67783.0,68806.0,1024,1024,-0.2099999999999795,0.2137682251290056,17.866666666666667,-1.0,False
